Cart_Item_Id,Cart_Id,Product_Id,Quantity
ho0V1E0K5T2V,HK32U8VH6Q,100000,7
IG6P7Y3Z0D1R,BH33I6SV1W,100001,6
JN6P8A2L7K6S,HB36I9RL1Q,100002,6
LE5F4F3Q0H0A,SU26K4GR4V,100003,50
GO7C7F0C1A0C,QK73A5FI6U,100004,7
IT3Q1R7Q0L0F,GE73G1TE9T,100005,1
NV9D4Z9W3L5P,DO52F2EK6D,100006,7
BV0U6D7W6J1I,OA89Z7AY4V,100007,50
JW3Q9A0E3R1S,VN49P8PK4W,100008,3
AW7R4O9I0U6H,QZ92Q2OB8P,100009,1
LE2R0S2N8X4P,ZE56E1MO7N,100010,6
CF7L7T8J8D9T,OL97J0TQ2H,100011,50
TR9R5R9Q8I6B,PS70V8ZL7S,100012,6
CR3V0E1T1S6I,VP45P2DD0S,100013,3
UV5P0X0R7A5L,SX45N9KV9X,100014,3
FO2G1S7D9P4J,EZ29U8UT0E,100015,1
JN2D6X6W4Q5J,DY96G4FK8T,100016,50
PW2X9L1G1P9D,VN87U8PV1J,100017,3
VD2Z2R8J0F4Z,NG39T9JN0W,100018,1
QS2F7U2H9N4C,YD49K2GB8M,100019,3
YP6G2E0R6I2Z,AW82R0DA5T,100020,3
KH5U9S5N9D9H,QS17I0IR2T,100021,3
TJ9T3L0D9J0B,XX80B5EO3I,100022,3
LG8L2F4Q0W1L,HA84I9ZB6F,100023,7
UN1S4T2V8K5N,FJ92V1SN1M,100024,7
VA4F0X6S1I1D,XI05K7UT1M,100025,6
OK0D8M8G7B1A,PJ57B9PM3C,100026,1
EN0N6T5Z3X9K,OO33T1IZ9I,100027,50
AJ8V1Y7L7E8J,AC34X2NO7Z,100028,7
OA1P5V9S2W6R,SY41P6VP0X,100029,7
XU0U5W3C2M5A,MK29O6OD8H,100030,6
RH3I7E6M9A0Z,ZP11S6UK8F,100031,50
IV1K3S3V5I6K,VF92E7ED3Z,100032,1
VN2B7Z1H3N6U,GU81W0PY0H,100033,3
SP7V2U7S8J2X,ZJ04Q7SK7N,100034,1
TY1W0R2I0Y0E,TE08U5WI9K,100035,7
XS1J3T0T6V7Z,ZJ39L8VH5P,100036,6
FH1S4I6A4F1Q,KE16Y5UB9X,100037,6
VH7U6L3O1P5F,PY64V6SQ9U,100038,7
JK2V9Z0I8B1B,YA10J3DT2V,100039,3
OC8J4L0Z7C3H,RF04M1LG1X,100040,6
SO8S9W7P5O4M,WU63G4XK3Q,100041,1
IZ5Z1O9E6X6C,NI32U9GM4W,100042,3
GJ7Q1D4J4Y6A,AR42R2JF9E,100043,7
FP3F4R1D6P7A,BL10J2ZZ9T,100044,1
WS1V8Y6D9X3L,ZR40A3YZ8C,100045,1
IT3H9O1G1V1F,AU14J7LN4S,100046,7
NL6G1N6E4O5H,UI36K4JP0R,100047,7
UU9M2Z7L0S6J,RF01H1FN6Q,100048,1
FA0G6C1G6Y0V,YA66J0KF4F,100049,7
LR6T3A1P5N1Q,CV46V5FT9Z,100050,1
IU9J0K9D6W0E,DY90R4LG8C,100051,6
KO3C3P7U6C3N,IH59G9SF4R,100052,1
LV5N5O7Y7R5N,KC24E0PE8L,100053,6
YP0I1H5W6S4I,YC25L1GD3S,100054,7
LS6G1N2W9T2P,DP24M0TY4X,100055,3
SL6U5B8Z2M1U,DO91F8LZ8A,100056,1
GH2S8X3X6M0U,RR33R3FI6I,100057,1
IN8E8R9G3K0D,MF45P2UJ4F,100058,50
XO6F1Z8N3K7A,EM28C3XD3G,100059,1
WH7Q9W1M0S6V,TM12J1CK7E,100060,7
YZ9N5T3E7Z4I,ZM44Y5EV3T,100061,6
ED2B9H4W7I2O,XC66R4MY4H,100062,3
BS6F3Z7Y7I7U,TD75I9SV8D,100063,3
KV5P7V9X1L4O,NS01D5AK1D,100064,3
HZ4M8M5A8C0P,NT49I2DA3E,100065,7
BY1V5I5J8P0L,BT17U2XM9O,100066,50
DX1J6N2Z9D7W,IA78F3NW4C,100067,50
GM7E8B0M8Q3W,GP69V0GU9M,100068,3
IM4P3Y6V9I8E,MW93I7ZE5F,100069,1
FB1G2Y1J3T1Q,SP46N8GW5E,100070,3
UU6N2Y6A2J2B,BB75E7TZ0S,100071,50
LY1X0N4T5L1E,CT23G4AE7Y,100072,1
ZU8H3G5Y4J5T,IC10L8HW2K,100073,1
PR8E7U2Y1F2Z,SQ13X6KH0G,100074,3
HG9X4I5T0Y5J,MK86S3ER9E,100075,1
LP7P7A4M0P1B,YN28C2MV2F,100076,7
PK8D8D2U5V7V,PY35O3EK5Z,100077,3
UM2M0W1A0L3A,EC41B0JX3W,100078,6
IE9R6F7M9N7Y,PO56X4EJ7Y,100079,3
XU1Q0L9V1D0D,ZA60H8ND3A,100080,6
AM9J2R2H8K9F,NG30A6TA3B,100081,6
JI5H8F6S4W1I,NE20N8AC3M,100082,7
SC9E8V6J5Q2L,HB12W1BX7T,100083,7
VR4D8T5D5J2B,IG32O9QG0A,100084,3
BX5X3A2G6H8L,RQ38M2RZ7Q,100085,3
KN8M5Q1P4E4R,PL78L7QX6K,100086,50
BO5W0G0Y8A2Z,HA88W0KF7V,100087,6
OF2R4R9U2D3P,SJ99B2UW5Y,100088,7
KQ0F9Z3E1U7B,JV58M0NA5F,100089,3
BN2H7N7R8O9G,LR82C4KY1W,100090,7
XN2B6K3H7Z8K,SP94P7YR4Q,100091,50
JU4K2P8X7X1R,FR07Z1DH6K,100092,1
IP2I5S3S0Z1Y,QH70N8LP8E,100093,1
KP9E9D7F7T9M,AZ34M9AN4N,100094,7
RM7K8C3F3F7M,GP41T6QO3Z,100095,1
QZ6A2D2R2T6B,SE64T5ZC3C,100096,6
FK8X1T1W8H3D,YS27K8AB7J,100097,50
RK4U8O2Y8G7M,KN15T6KF0Y,100098,6
FM5I4Z9P5U7E,BI19K8QC3U,100099,6
RA2H5X5S2N7H,MQ03Q8BE1M,100100,3
XV3V7D9X4B0U,IL77J5DK7I,100101,1
QM8D3H4L9R7F,FZ01C0JI1X,100102,1
UI2T7K9A8W6T,WI27V5UI3I,100103,1
XY9D3L6R1L5W,MD08V9DT9W,100104,1
LC7H7W3T9E6B,BW46K6GU2D,100105,6
PW1D9S0T5Y0P,CP11X8GN5O,100106,50
PZ1E1N4I7E3O,IU84K1YH2G,100107,50
SW9C6F7N0Z9W,RR00A5YT1R,100108,1
TF2D1T6I0Q6Y,CO59M1NA9Y,100109,6
IG6W4O3A6E8Q,UY87L7YM7M,100110,50
WK1M8X1D4U1F,PM58V3NX6M,100111,7
WA1E9Y5B7K3A,BS38H7VQ1D,100112,50
ID3C1O0B7X1J,EG73V1AN8N,100113,1
SU9D5A2P0Q9M,AJ48A1VR5V,100114,3
RG3G4S6I3O4F,NJ93J2JZ9E,100115,50
GP8N4P1V8J1N,PI39T3QK9R,100116,7
TK5H2P9U9P6P,AP57K9QA6O,100117,7
XH8Z6K7W5D2V,PO06A9FK6N,100118,50
IT9U7E7O6O6R,GF30M8GT6H,100119,1
OM3E9W2B2M9O,GF56V1RK5T,100120,50
DT3H1U9L4V3C,RS75X5LD3F,100121,50
CW1R4X0X9M7J,ZJ80M8BG0W,100122,3
US2Y6C2Y5S1N,IY34M2MD4K,100123,50
VF6H4P4Z7G4F,DY28D5RY8Z,100124,50
KR7D6Q9O9U2M,XI56W2BJ9S,100125,3
FZ8C0R1U9Y3H,DP73H9KC4K,100126,1
LM5W5U8I9K3R,IU86H8SZ8S,100127,6
KB4J9Z6O4M7Y,LJ10U0CT4G,100128,50
ZP7X3T1C5I3P,CD95M5GH8I,100129,50
XV5E8H6K5A9H,VQ13I3YI4P,100130,50
QZ8U7G8L0N9U,DH49J9JU8Z,100131,1
BZ1Y4C1O8W8A,BC57G9NT4U,100132,3
VS8M7H8D3B4A,VC30T1OY2V,100133,6
AA9R6D6B2B7I,KA48W4XL6V,100134,50
OU0W8B9G1G2P,NR77R4CA1D,100135,6
GS7E6T3X8A7B,WI00P3AC1I,100136,7
IO3R9D6J0S0A,NJ94C0ZC3O,100137,50
CU6U1E2V0U2B,MY67Z3NH8V,100138,50
FJ3X0B5J1S9U,EX29Z7JI0S,100139,7
PC6P0F1M0G8W,YU36Y3NT2W,100140,7
RL2G0V0W0N5C,OR24A4SK7T,100141,50
UH6I1X9Q5E2S,XB39I0TT3R,100142,3
CA8C3X8T3F3T,RT49B5CC2M,100143,1
YO8X5N3V5A9L,NO95A7SE2L,100144,1
PL7X1P1V9Y4V,ZW85D3JJ8O,100145,50
CN8O4G3P8U0O,PM16D2BH9W,100146,7
AF5K9H9P5R5J,ZH97O4XM8B,100147,1
OZ5W4W0P0X3A,HK42N1ZM3C,100148,50
LS1Q0R7K2U5K,FX75M6MZ3E,100149,3
AQ7I5R3O4X1R,TE97O1VN6Q,100150,3
WC3X6T9K5T8U,IM52G0AH7P,100151,7
AF3I8F5L4Y1H,AY30H4MQ5K,100152,50
AK1G7F7W6P8S,LW80Q2CC3Y,100153,3
KK7I4L6R5E9Z,XL84D8OF8A,100154,3
FO1H3X3Z4V5L,IO06P4UL8W,100155,7
DH9E0H3U0G3D,IC21G0SU1U,100156,1
PG8Z0T9J9T2S,RB08V4RQ9Q,100157,1
GI3P2F5Z6M2P,GF15E4DW8O,100158,50
ML6M0T5F7M5X,XP41Q6EW1Q,100159,3
BO6N5K7H2O1O,XJ82O8JX1W,100160,3
IB4N1T1C6P5K,MR85D0KB5P,100161,50
SU8M5L3S4P4U,MK63A0OV6F,100162,1
WH2B0Y0Z0P3U,DD93D6IP6M,100163,6
PU0P8R2R5F9N,VG75W5KG3C,100164,7
KZ4N3X3Q1U8E,XH25E9UI3M,100165,6
KD5Y2X9M6Q1W,CO67W4UJ7H,100166,6
VI3Q5T4W0T4Y,VY24F5UL1S,100167,50
TJ4T8V9O5E8M,JM34B9ZX3E,100168,7
TK7B2I4Q1D9I,PO06G2UP2L,100169,1
YQ7M9P3V4M4S,DG45Q4CB9B,100170,1
JD2H8W0O7W5N,RU90M4XJ8V,100171,1
CR0L6H6G7P2Q,OG19I9YC2Z,100172,50
GI6W4W3P0M2H,AE81D3ZR5T,100173,50
GH7P8L8Z8F2M,ON09P0YT9D,100174,1
YW0C9P3C8T7U,HJ64V2FY7Z,100175,3
XC0X7G3R3L5H,JG80O6OM2Q,100176,1
NP6C8P1K8A0T,JU10D7UH1D,100177,7
FA2E0P3F1H5B,VN26F9XH2T,100178,6
EG0Q5L9I3G6B,JC78G8IV4T,100179,7
PM9B0H1R2T9X,TC05F0DV8Q,100180,50
RT5N8L9F9I0X,ZR12R6HG1T,100181,7
ZZ5H2E3C3R4B,ZD23V6IB9E,100182,50
UX7R1C1L2U1T,CY05Q9HE6L,100183,1
MA4X1J4C2H4A,KV77K6UJ0G,100184,7
QN9M2D6Y9Z0U,LF51J4AH9S,100185,7
EM9D3A8J1B4I,SA86H6EA4M,100186,3
XF4U4W3C0L6N,YY01X3ZE3T,100187,7
FW1M4X5H5B1U,CN08I2PZ4H,100188,3
EY8V5S9C8T6A,WW12W2UN5A,100189,50
LD5H4L2K2Z2F,MV69N4GE9Z,100190,7
BM8I3R3Y9U5V,OG87R7TS0O,100191,50
FN7E0W3W7U9P,UJ11S3LH3T,100192,7
NL8W9T0C2A8R,BW08E3BE6E,100193,6
PR9E6Y9G4J4X,NY55B9UU4J,100194,3
NQ9P2A5D9S8A,WB50D2NI2W,100195,7
TR1D9E6Q1F0L,KQ27S7ES8H,100196,7
SJ2N1O2B6M8E,RQ07F8OT9Q,100197,7
GS1D5N9H1H7B,FA47O2SO7F,100198,6
RO1A9L4P0C5C,WL95R5VP7U,100199,6
WH4Q7T3D3B5J,NI16K2DM2P,100200,3
PY4F3F3K8P1Q,QT94O3BV3W,100201,3
RN7N8Z0B2Q9U,FR55Z0VB0Y,100202,6
EQ8K2U5I3M7H,QT46M1KI1F,100203,50
UC0Z6T2A2Q0N,JR92L1NO4E,100204,6
ZA8C8M4Q6H7Q,BZ96Z3GX4G,100205,7
OD7Z7R3C1P7W,DA45W4KS4R,100206,1
AS3D2J1S0V2G,ZJ12N8ZX8E,100207,6
UP7S9C3P7C1G,KL40F9DA9D,100208,3
AD4D3N5W2K3X,EW48T6JA6U,100209,3
BN3N0N6A5M1S,ZJ79E1MR5F,100210,1
LX2K9Z5W2X0P,TH98R1HO9L,100211,7
FO9N3L8E6T6V,JH72L9JB1Y,100212,1
MO6T2V5S1X2O,FV44H3PH9P,100213,7
RN4P8W6D6K2S,ST56M3RI0Q,100214,1
VW0D7C9I6P1F,EH60A4SD0W,100215,50
XG0R0U1Z9G2L,JH67O1RN3J,100216,3
BZ3V5B3I1U1E,TW77M1GK4D,100217,50
PY2F3R8E4D3L,YA33W9JU1M,100218,6
QJ7P7R7T4A0E,WI95V3SH5O,100219,6
XT5O6C4W3N1R,BE04F8ML9X,100220,6
AW3F4B7S0B1P,XU84I0AC4T,100221,50
WC1C3V5G9E8B,HN32T8QC6V,100222,50
KU0U6Y4H7O9L,XH33Q2UT5P,100223,6
FG1W8K8Z8U5Z,ET00L9AE3Z,100224,1
RV4D3W7S9F1N,DV60Q2UM8M,100225,50
FL9D5X0V1K9Q,XW46A6UH9O,100226,3
DU3Z6F5J9S0S,WC14S9FI5W,100227,6
SP7S7J4J7B5U,ZJ26T9RG4D,100228,50
FE8Y0K4A6E6C,ZF88M4RR7P,100229,6
ZF7G4D0C5Q4D,EB82B3EY9G,100230,6
EE4S2J9H6L7T,FE42V6IC3K,100231,6
RA5N2R1Z4Y5J,NT26H7TU0E,100232,1
XE9U1P0S3V1K,ZX35A5TC9Y,100233,7
RA4C9H8H7A2J,GS98X8DM0W,100234,3
ZY1W8J5T0G9R,UR22O5UB1R,100235,3
OV7K5H5Y1G0A,BS88P0DU2S,100236,3
ZW0L6W4P5Z7Q,XJ93W2GS7Y,100237,50
JT1H7K5D8N7V,ZT47S7NI2H,100238,3
XQ4X2N9J0N1K,BV92C7TC5V,100239,6
NX2O5N6Z7E0D,VR43A5BU8G,100240,50
RF5H9H0Q2K1J,DX19U7LU2Z,100241,6
UH1W8T5G2S8O,OF77W7PW3M,100242,6
QZ6U1M5Y3I1F,KC81W0ZN3R,100243,6
LX2V4H3B7D5F,KX37H9RW7X,100244,6
VV1Y8F6U9N4Z,VX30I8TD6P,100245,50
LW1W6P7A7N1N,QA90G1LU3T,100246,6
VJ3M0C8E6N4Y,GW14B3UF5O,100247,6
NI0L2T5Q6J6H,NW61X9ZT4K,100248,7
WJ8P6C6O0S3Y,LT50F7XE1A,100249,7
ME0S1H3W9E1K,ZU74O0RK9L,100250,50
SJ1H6I0J2U4S,IU75I3VW5V,100251,6
XS2M8U9A4J0M,MU61J3TY6M,100252,50
CE4B7Q8U9C9J,XK13J7XY0X,100253,7
IL5D0I9W9H6W,ZX79B0TJ6V,100254,3
XQ5U7O2D6T7L,OY47L5YO9Z,100255,3
ML1T9L5Q0M6D,BE10F7QA4R,100256,50
CM0D6I6W2F5G,VT38R4JG7M,100257,50
OX4B3U5F7F2G,CY30E1ZT3L,100258,3
WK5P6G1Q1U5R,KG97I9MA8N,100259,7
NG0E4E3V5P2R,OT39G1FG3H,100260,7
TX1S5I1K1Z2X,CU86O7KI6R,100261,7
WH2I2N8P7S4Y,DG86B3XB4W,100262,1
RY9Z5E0H0J7S,BT86R6RK8F,100263,1
BR9L8T9L3T8W,FD43I5TM8P,100264,7
XX0H3Q7I3G0K,TV31E1WU4K,100265,6
NA7O8H5W5E2Z,WT95C6BR5K,100266,50
EI0U0B0A1D4F,YA42Z4BT8N,100267,3
ZU8K1A9M0D9Y,NW63E4NQ4Y,100268,6
DI7P4N6R8Y8C,BN15D1WQ7I,100269,7
GM0T3Q1Y7R0Q,PV77S9SL1F,100270,3
VZ4J8K7N4J6M,JF69L0ZX1D,100271,50
JD8J4X8T2I0M,NB23K6YS3I,100272,6
DJ1W0C6F1E2R,FU20Q6ZT9B,100273,7
HR3C0P5M8H3K,MQ55O1FT4F,100274,7
WF8L6V5X1F6B,XY99L9JI8C,100275,6
OZ5J1X5C5L3D,PF22V7LS1W,100276,6
ZR5X3S0D6K2F,YM03K9AE9O,100277,1
PF1F9Y6B3O9H,TP18Y1QL0F,100278,50
GO5Y8V1E9E4R,ZD80W7GI1G,100279,6
KI4K3T8H0Z6H,IL71F5YB8C,100280,50
FE0P7Y3P1T7T,OF18V8FI2I,100281,7
YH7O7J0S9Z0N,KK24U6SQ0L,100282,7
DL6L6G5H0P8A,PP15B5AE0V,100283,7
IM1R8F7N1S6R,ZY71C8QK2R,100284,3
JZ9T2J7X3O3O,XR12T4FY4G,100285,50
CK7S2G6K3X7O,XC09L0GS6X,100286,50
FT5J0D2G8Y8D,RR38H6QY4A,100287,50
EQ0B3D6B8N7N,NN16Q5OC3M,100288,6
GX0W3L7M1L4Z,OZ59K9BY3P,100289,7
GJ2M4L0D4G0A,ZP46U9ZT6B,100290,1
OL0T7F6L6K9O,KL82A1AY0G,100291,3
WR4X4A4U5M4I,CK28V8MV9U,100292,1
HN6K4M9N6E9E,YR18M0CJ5F,100293,7
QC2M2Q6D5I3K,EX40O4TE9M,100294,50
RI1C5W0O7N3B,LA12E3PP4Z,100295,7
NL3E5A6U2N2W,NA40M7AO4N,100296,1
TW5T3M3Z9L5K,EF83F7TJ0H,100297,6
IK9Z2R1H7K0H,XR32O7TF8Y,100298,6
FL8V4P5D7T0P,GW58R0KG5P,100299,1
GU3C3T5L1Y5Q,QV55F8DQ1V,100300,6
CQ5Q9A7A6R3T,NP79W3HF7I,100301,1
KU1G6U8Y3Q5O,FO64Q6HZ1Q,100302,3
DX6R6Q2L8A0U,ZB59W7FX2C,100303,3
DO5N4C6H8K6E,PQ53S3CO7Q,100304,50
PG3M1Y8N4I3M,VC55K5TN8Z,100305,6
KL6T0N9B8U9B,FO31T6YM1S,100306,6
XX8X0T9D9Z4L,HW50X8JT9Q,100307,1
YS2V1P4K8T1P,BI02F1GL7P,100308,7
AX5I5V4Q1R3P,OJ95W8VH3T,100309,6
EQ2G2D6Z8Y2X,EZ02P3IK4P,100310,1
HL5J2K0R5R8W,EG24A9BX3Y,100311,1
QG4A8S7Q5R7J,ZJ08L3DI5B,100312,6
KN2B6H1K4C5T,CM32T3DO9X,100313,3
YK0T6F7Z6C8G,ME40P7FU8F,100314,50
BP4S7Q1Y3H9D,SU13L4IM8H,100315,7
GE2B9D9S0Q1K,UY83K9DP7Y,100316,6
AH2F6V3M0E2C,TO16H4EY1K,100317,6
OF1L0T6X5B4C,YD88R1WN9Z,100318,1
SO3E6S1G0C7Y,KJ50E8VD3U,100319,50
BY3P7Z6X7X6N,MQ57J6PO0O,100320,1
KO3B9A7X1O2Z,XR04P8YI0V,100321,50
IR0I8F0R2X8G,GP74W8MW0M,100322,6
UW1K0N6G1K1J,ZO20L4CV1P,100323,6
VD2D2R8A7B5C,NF46N6NW9W,100324,50
HH3K2H1P0Q2Q,MN89F2LX5H,100325,7
ID0G8V4W1Z7O,ER15K5KL2E,100326,7
HB0A2E3W2H0F,UG83A4HM4W,100327,1
DY1H4W5A3O8F,MN35J5PZ2C,100328,1
SF0D3B6A5S0C,BA56W1OZ3E,100329,1
FM9Q7H1Z4V3F,UV22N7UU1S,100330,3
ME1S4X8H0Y4W,GV95N0VX2S,100331,6
HU2S2J1I9C5G,DE46W9AJ4C,100332,7
IQ8P2S5I8D3W,PC45A1JL4X,100333,6
SP2T7U6A5Q8Q,EK76P4LX8L,100334,6
ML7Z3U9U3N4U,AD25J5HY5X,100335,50
OV7L0X8Y8I8L,MT53B6EB4B,100336,3
MB8F6N1C2B9Z,FD09U3ZM2C,100337,7
WD3X0X5B2J8G,SA94W6OR9T,100338,3
HG0M2U7K0X8H,UL15O3SH4L,100339,3
JA0R7L4O0X4M,WZ68H6SX5D,100340,50
YR8N7I6E3I6Q,LK72G1EY3S,100341,6
NT6P9E4E8X5O,PA29Z7PY8H,100342,6
QR1E8G7M7U8I,JQ65M8YZ0B,100343,3
CJ2J3Z2I0T6P,OD17T2IR6N,100344,3
YC5T0K8W1Y5R,BX64H5KX8A,100345,50
ZE1S7C4V1R2K,YY01W1PK4Q,100346,50
BM4N0S8X8A1P,YV28Q9XA6S,100347,7
QA4C7I9J8R2K,KZ63I8FW7V,100348,6
GV1E3M9E6D0W,FZ23B8FB9E,100349,50
JC3K1N3O5Q7R,XY65I3QB9P,100350,6
OM6M2Q7U0O1E,VQ64F1NF4V,100351,50
PE1G0V5L5N3M,IS77M7LZ4H,100352,50
IX6I5Y0C3V9D,XS66H8PW9W,100353,6
BQ9I4N2X9I4S,IR91O2SB9B,100354,1
SB7W8X0K3E8Y,NM45Y9KH9Q,100355,6
VI8N6Q0W6M8B,DK88X6HO0E,100356,7
ZG1I0U1U5E0D,CR63L2IO1H,100357,6
VD8T1O4Y1T9W,XT08B3KU7A,100358,3
AU1K4P4J6C3P,HH91W0XO9U,100359,7
HM9Z4W0W5U9Z,LQ23B3GQ4J,100360,1
RY9M0Z4L1L7X,LB78Q7GV6M,100361,6
CK7T9I8L5K5Y,BO05N5WO3Z,100362,6
TM4T4C6K4K3B,YQ01I6FN9A,100363,7
FQ6M4A9I9M5T,AK92C9LJ3A,100364,50
NC0I9W4I1A5V,BK61U5UU2N,100365,6
CY6F2J1A1R4L,NM91Y3QE8E,100366,7
SM3X6U8K8S4L,SP04W3NN9M,100367,6
RH6S6K5Z2Z6I,TM30G4KP9P,100368,1
VL7Q9A4L2U9U,YZ71I8FX1Q,100369,1
MV9K6S6J0A2V,QZ39K1AD1M,100370,50
WO7P1E4J7C7T,DV06M2VH9J,100371,1
ED7C2N9U2J8T,HW16I2LE9F,100372,7
KD0A4X7N7Z3I,RN49G1GL9B,100373,50
NJ1C0A2Z9V4G,LC79V4OX6D,100374,6
NO8K7R1C2H8D,DN38K5PO7U,100375,50
JO8B3X1S4I3F,EE38R0JL9U,100376,50
EW4I5R7W8S5P,IP47X2ZJ7I,100377,50
FY8U7U5W8B7E,DO14A8LQ2F,100378,50
JB0J3Y2L2M7C,MK70Z6GX0Q,100379,1
OV0S8Y6L1H6H,YI84P7VX2S,100380,1
NE1G8P4L4F2F,UE27R9XL1E,100381,1
BW9V3W7T1V3R,GK42X0RL4U,100382,7
ND3P9C0U1M2I,CS90F1BM4M,100383,1
ZZ0S6M7S4P2L,ZL70Q5CI4Z,100384,6
IH2Y7A0W2A9E,NB60C7BD8N,100385,1
KK9Q0A9M3D2T,YJ02V1HX6V,100386,3
AD0D1G9C7G3O,VB02Q8PD9U,100387,6
ZF9D0N5A7A9S,AP60A8GO6K,100388,50
TY7H1Q1Q2B6H,BB62G7XC8V,100389,3
VW3N9Y5F4P7W,XF62T5DW8H,100390,3
GI4O0O9C8I2G,FG81Z7TT2K,100391,1
ZW2J5H1K9V4N,CM43K4IQ3L,100392,6
BX3A3G7D9Q0P,OS34F3FE2Q,100393,3
KC4V2Y7W0E8N,EK81M2CG9Q,100394,1
IG3K3X2O3C6Z,ST29Y7WG9T,100395,6
FB8O9W0X8K6L,EL40Z5SF0J,100396,6
PS7L6W5P9D0E,RY20H9IM0A,100397,1
XK2Z0T7A5V2E,SZ76I6BP8P,100398,3
IT3V4F0Q4I6U,JA10A9KM3W,100399,7
GP0H1A5Y3E3E,WT97R9PM3A,100400,3
FC7J9V2K1C6H,WV06I4VB3W,100401,3
ZE4D1C4T0Q0X,ZU00Q3XH6H,100402,1
LJ3Q6B9A4P8Z,TR98D0QO0R,100403,7
MN9N8Y3W5X4I,HJ07E2XR5B,100404,6
FP8L5U1B9K2Z,BP94O4HR6H,100405,6
PS6T4M2K9Q3N,IN21G7KN9I,100406,6
KB7X5L6J2D5T,YT09L4IV4U,100407,6
ZK6B3O9W5Z7A,JL56H3TW2C,100408,7
FD1C6T6E9W6L,XF97E4IH9H,100409,1
SJ5R8H7C8M6Y,GD91O8AV6V,100410,50
OI9M7I6Y4I7K,OB63U7DG5Y,100411,6
CB5Q7H1P9R8W,WH73N6PL4D,100412,7
TG9Z6N6Y5D0Y,GW40O2OT5T,100413,6
VL4V7O8S4G8D,OS50W3NT3R,100414,1
UA8W6I2E6F8I,QU96Y1UJ2V,100415,6
SA2T3L1L5W2S,IU53P6MO2H,100416,3
AO8U7W5Y0W5B,CX44C7JZ6D,100417,3
OL1Z9P2T7L6T,KD73L5EU7G,100418,7
WW7N2S9N2G0D,CY29U6VI1R,100419,3
RY0R9Z6P1X5L,NS96W9PK6D,100420,7
SZ2V6D8U4F4V,CZ11Q1OW3Q,100421,50
QH4Q2L5E4N6V,QB65Q8NK9K,100422,50
UH9K8G4O2X1I,QW76U6EU9I,100423,6
XX0B4J9S3Z2B,OS10Q9XH2T,100424,3
EC3U4Y2F8N1J,LV71Z4WK5Q,100425,1
JC3W8T1E3S7B,CJ78N8OL1G,100426,7
RV6G8V1I4H0U,DI14A1JP1W,100427,3
PK7U5T9R0L8C,JL45M0HU5M,100428,1
DL4J1X2U8Q7S,TN63I0JA4F,100429,3
RW9H4E2Q8Y6Z,MD76G2FL0Y,100430,7
RI5A8H0J6S0A,NK13O8BT2J,100431,6
TR9O2P3F4N5F,MG40A2JH0G,100432,50
AU9D7V4R4M2F,VK58D5HR5P,100433,3
ZA6H3Y1O8N3T,TX77Y9IU5E,100434,6
FX6J3C5V6L7P,VH36O0OF5R,100435,6
BJ2W4X5R3W5H,PT37V5CC4H,100436,3
UG7Z0D3M6A3D,JQ47J7EE6X,100437,7
MO0A2N8W9G8T,JB19I6TW3K,100438,50
GL8L8D1B9S3O,KS75N8FG9I,100439,3
IE8M1G4X3W1E,TK99W7JE9X,100440,7
GW8I5J2E1A9W,BF70Q5CL5N,100441,7
FC5U5O2U4H8Y,XH51P4ZO2O,100442,3
CR6W8C9Z0F6V,YR95I7FH2R,100443,1
SR4V8Z2Z7Z2U,ME29P4OZ6B,100444,6
NY4H9J8B2V6H,EZ68Q3KN9P,100445,7
XG9V4X9K6J4O,ZU18W5IH9K,100446,50
GC2Q0Y2O6L9C,ON36S4QM4R,100447,7
CA8P1N4K0R7Z,SN99D7KI3V,100448,1
DM4Z6L2A4C3S,FK83Y0HR8W,100449,6
AY5P1I5G6A2M,GT79E7CA7H,100450,50
NL8N1V2H3Z1K,AT00K2NY7C,100451,1
OS8J3A4G4X0R,PX42G6DJ9V,100452,3
KX9F6L9R9H2M,JV00D7SJ4Z,100453,50
DV7M8N9T5I3C,NM48M2UX5U,100454,1
EY0H4S2Z6D1C,SE23S9ST0C,100455,50
MM1V0M2G4P5T,AK95P6IP8V,100456,50
RR5X7Y7U2Z5C,MO78L2GA0K,100457,7
CX3Y6F6L3P3G,ND05Q1VS9M,100458,7
AN1H9B7K8J7D,QW24P6ND7B,100459,6
KQ9S0B9M1V2H,OX91C0SH8Z,100460,3
FB8F8K4L9Z6Q,LI59X9VT8K,100461,50
JX9X4O0W1S8W,PH09U2FY0M,100462,50
FA3U0F7S7E9U,YC19X2FA4G,100463,1
PV9R4O7K5S1I,XD56U5AL9K,100464,7
FC6K2G0N8J2Z,WW47U1XR8M,100465,7
WL5V1G8C1R0D,QJ77Z6LF0K,100466,3
RO3G7C0V7V1F,PH02I5HG9P,100467,7
JM5N3Z8Y9Q6S,KB75T4TN6D,100468,1
OV4J4L3U0M9J,NA35Z7NR3J,100469,3
WT6T4Z6V1K2O,GU66X0SD8L,100470,6
UL8U9X1R2J8J,NN76C4MI6K,100471,7
YM5E4H0K4E6N,IX55J0IX9A,100472,7
PU1C3U9T5H5M,ZJ23E1NB6A,100473,7
FZ6G3O3S0N0Y,JK36T5GK6T,100474,7
WV4S9X6Z7H2E,DF97I9DU1D,100475,3
LP0J9Y8R6Y6L,YW46B6MS1O,100476,1
LX3Y7E0B2Z7O,WG94J5IL6A,100477,6
MV8D0Y3V4V4K,PF14Z1ZH4S,100478,6
DL3Q3B7P2U6B,YC05B1ND8Z,100479,7
EQ7C1R5R2T3D,SB18Y2XW7N,100480,7
WV8D2J4P0F2K,PO57O1QE0E,100481,50
VV4X3H2R0C8X,YX23K1JL0T,100482,3
RC6T9W1N7E8X,CO00S4VI1A,100483,3
YS3I7Q4S8T8K,WK76E5NA1B,100484,6
YT4X0X6X4Z5J,MM60P0GD3J,100485,3
OQ9J5W8G7Z8S,IO64J5IM4V,100486,3
CI4T1I1W6K2N,RQ92O2KW3Y,100487,7
EE8V0D9E0S3G,QT69C4TI3W,100488,6
DV2Y7R5J3F5V,PX44R2CW3B,100489,1
YS0E7T9I8F4C,MN92Y8PT2H,100490,7
VR1J1N1A2V7J,KW85X6RV6E,100491,6
PT0S2A5D7D0N,NM27A2SV9I,100492,3
YA6G8H2Q2K1A,CW73K1KA6Z,100493,50
CX7X2E8D0N4N,MW99V4KI2D,100494,3
FD3K2Q4I1O9V,FJ92H2DT5S,100495,1
RQ8D7J5D5Q9C,EH66A7RK5B,100496,50
RZ4S7C9P9X8X,IL08T7LV2R,100497,7
YC9I8D0M4U5T,HF35L0DH1S,100498,3
HK9L0O8R2D9H,IY97S9YX7I,100499,3
RP1L3E4U5D4A,VL04E9XQ4T,100500,6
QW5H4V3S9F6B,BG47E5RO1B,100501,7
ZT3L4Z9J7N5S,EM36S3XO5R,100502,7
UG2X4E0V4H1F,PH71W2XG9B,100503,3
HS3D0N8N5E3Z,VN69O6ZD6B,100504,6
BX9T6O7N0Z2P,RB27I2SY3I,100505,50
SZ3G5B0R3X0M,YJ49X6XE3L,100506,7
LI8Q3W1B1N7P,SZ68X2XT5N,100507,50
AR2E5Z7O3A3B,MY07W0PD2H,100508,6
TY0R8W6J6D4D,KY09A1OG6B,100509,6
ZQ4T1G2K6Q0O,PU41J1XJ3Y,100510,7
VZ5A5E2F0W1Q,IQ79V8WW7U,100511,6
KN6A0Z3W9Z3K,JU71H6WI8Z,100512,7
AQ0R9D7X3X5D,GG39M9DZ0D,100513,1
OK9B4P1Y4H2Z,JY74K8AQ0L,100514,1
OL7E2S6N6F4N,IN98J5QD8T,100515,50
NM1K5T7R3V6I,MU53Z1KW5O,100516,1
LO8U6K3Y1N0Q,XW61Z3AQ2C,100517,6
EG1C4S1H7K4J,BW84I6OI1Y,100518,50
XW5G6A1J2Y8O,HE85Y4PH9Q,100519,7
UW4H3O6B8W5L,HF16Y0QC4Y,100520,3
IE8M4P4P5G5O,LH93A6SN0C,100521,3
ED2X9U2W3A3N,FZ53J5XB3L,100522,1
CX9J9F4F2R6V,QJ09D4UW0P,100523,6
PV1G6X9V0P6W,JE06G2HP5Q,100524,1
QS4C1E8M7H9B,DW83X8YG2Q,100525,1
ST4S8O0J2K3I,LS58D1FO8D,100526,6
XX5E1A1I5O0C,AD33Y2VB0J,100527,50
BS0X5D4Q3L1P,GF28E7RV7L,100528,3
PE0S2M6J9J4D,RA70W4ZH7H,100529,1
JP4D0T4V6O5Q,MM65Q7JG4M,100530,1
PL7T2E7P8Q4C,BP19W3DR4I,100531,6
TK2I8A4E8B4D,QA83G5VM9L,100532,50
VN3I7M9P5Y2T,UJ64H8RE1U,100533,50
FF5M3Z2I7R2S,HA60A9WG5N,100534,1
MC7S8K0L1U2M,XK59J6HH6Q,100535,7
PP3A4A8U4X6F,PD58P4KQ0F,100536,3
PU3V8I9J2K5Z,DV80B3QN5C,100537,3
RV6K7D4E6S3G,YQ13S7OL2O,100538,3
OJ2Q5G6G3D2F,PS95C2PI9H,100539,6
JQ0R0N9D2Y2U,FX21X1OD5R,100540,3
LT7A7G7T7A3A,UM05X6MH8Y,100541,3
GX5C4B8C4Z4W,IT28N6RG7R,100542,50
OI7K2G7R2Y5A,YH29U9WG2P,100543,6
UQ8P5L4J3S4Y,QA62M8QX2D,100544,7
WW4W3G9Z8L2Q,GG93J3GF4F,100545,1
LU1T7H1A7O7I,XO88C9QC8C,100546,7
RB8H3B8Z8W6S,IQ51S5BG4J,100547,6
UX9X8O0I7Y2X,TV06Q4UJ8P,100548,50
FP1Z5V1Z8E6K,LS55X7BO7N,100549,1
IO1M4G4K1M7N,LO89E9UR3J,100550,6
JX6G6O3X6V0B,MX82W8BU0G,100551,7
PX3R1K5I3Y1O,BD32E5HT1S,100552,6
EI6D3Q5W7P8I,VE61C6YU9X,100553,6
YW9G6I6O0P3P,BF03S1MT5Y,100554,1
GA2U2F2T9O8F,DL27W4XY4K,100555,1
OF1Q2I9F5J5U,YX56T5KX8J,100556,6
PN7I7D8Z2Z0Q,JO65J1CM6N,100557,6
PD0S7Y2G2L4G,JA39E5MS1Z,100558,7
LS9M1D4A5S8C,YT50U0OT4L,100559,3
MH1P1T4D2H1P,TX04Y5YM2C,100560,3
DV2C0Z1F0M7N,EC49T5CW6L,100561,1
TL8V0U4E3Q9O,YJ71P3DV6Q,100562,3
MB6L9G6G7P4O,SQ25D9KB2Z,100563,50
WG3X5X9R7V1F,MI57D5HE8N,100564,50
HG9C7P4Z4V5H,XJ06L1UC1V,100565,6
VI2O1E6D5C7C,FX75N9JW8Q,100566,6
IF4Q5C8H0G1F,ND39F6GS5Z,100567,6
LX2A1C6Y2E6C,NU53T3FY9I,100568,6
PN1K5I7F2P7L,LX79I6MK8B,100569,3
HN3A3H9L7I6A,NT89K6OI6K,100570,7
QM0V6A5U4V7C,WN23D3WD6H,100571,1
PP6T2O9X4Z3K,EP19R6JU4I,100572,1
NW0P9N1I7B6H,CI15R8OM9Z,100573,50
SI7H9N1P4U7D,YX88B3IV4S,100574,6
QP7Z1I9J7O1W,OR96P6DG2K,100575,50
OD3R8D8K0G0R,DL59Q4YU4C,100576,1
KP1B5L9I1C7G,DS98R8NG1B,100577,3
QJ5N7E2M1L4F,TG85W4RC4C,100578,50
WC2V8R8I3H2A,OW78Q6UO0O,100579,6
RY5E8C4E5D9Y,NY99Q2AW1Z,100580,50
GI0Z9Q9I4M3G,RP52Y6ZQ1Q,100581,50
FR4O6L0X4F4H,HO72O4JI6I,100582,7
KK3S9E2L2S3I,RP46M1VJ8Q,100583,1
XU3N4B1Y6W0K,DP11L1HA6U,100584,7
KI4G7I5K2E7N,OZ67J2ND4M,100585,6
CK2P9G5M4W5E,BU52L0QT5T,100586,6
RY3M9R4J4E6A,PI04V0VT6C,100587,50
RV7K0Y4Q6Q7G,CG77L6JA4Q,100588,6
TE9I5B5M3F4W,DD73Q0RC7I,100589,3
XG2I6L0K2R4O,NF86O7SH6X,100590,7
VM5F2U4S5Y8U,VC46J6KW2K,100591,3
MQ9L5K3D2C8N,IG11G8QO5S,100592,7
LS0R9B3I8T5M,YS39S3RS3Z,100593,7
GV6S2A4X9M6P,CN32V0ZP9H,100594,3
RL7K6J2N4H0V,ST70A3ZL7S,100595,50
UA2I4M2R8U1I,HN01D1BH0G,100596,50
OQ9T7P5U0R9Y,WC76Y0BD1M,100597,1
ON9F5T2E8L7J,IA18U2US3L,100598,3
ZF3U0R2Y5N8H,XN79T4DV3L,100599,50
ZH4F2S8A4H3O,RZ21X4QF9O,100600,7
FE3J1Q6W5C8R,VW92O9ZY6G,100601,1
VV0J8Y7R5U0C,PG46E7EM2T,100602,7
DQ9X1K7A7D9Z,LP93Y8GK6Z,100603,3
SH9S1E3W4F1F,ZX80R5KD9Z,100604,1
SQ7T4Q6S9Z1T,CS46T7IA4A,100605,3
VU1Y8X4D7I2I,NW17B2VN3U,100606,3
TH0I4W9L2C8W,ZH32L9YC2Q,100607,3
HZ7H6H8W3I5A,EL67U1ZK3H,100608,1
MU0V0K5E8K2B,GA47V9VJ3S,100609,6
PC4U0L8X8A3N,RL45T2SB8P,100610,50
CD1H5A8T7N0W,LX54X2OL1L,100611,6
NS9K7F8M7B8R,EP67K2LC3G,100612,1
BJ8X2D6Y6J2W,RY70D3DR3E,100613,3
VR2Q7F2A8Y2J,HI10D4BP5I,100614,1
GK8K7Y4V6U6F,LF40W8EN8Z,100615,6
QV8N5S0C1V1Q,VR97V8DY1Q,100616,1
TK1R5M5T4C0W,LA66K1LD2I,100617,50
WT6I3H9W0M3D,IJ01H0NU1L,100618,1
ST0D6I4U5J9S,KN40U9JO2H,100619,1
CK7F6O5E8M7X,MW14X6AA4Z,100620,6
LE3S5Q0R3B9D,HC95B8TI6T,100621,50
FR8N4Z0O0B8P,MZ33R2EX8P,100622,50
CP0R6Z2L2K6G,AY74R7FC0I,100623,1
GX4Y0T2I2D1P,XX69A7QJ6T,100624,7
OO8Q1G3P2M5W,IO98W3UF7B,100625,1
QR8F9I8P2Q3K,ZJ71V9DP5P,100626,50
TC6J7G2G0M1Q,UJ17Q8MC5U,100627,6
XU8G2C5S9K6G,TQ98J2BY2Q,100628,1
UZ4O5I2A3R0I,YY73E2FW3W,100629,3
ZK5D1G2K4U6D,YW84U5JL0Q,100630,3
UJ0V9O1J9W5F,OF08Q7PD7P,100631,7
SM5K8L0X3G6Q,VC47E0ES4V,100632,3
LR5D7T1T4N6N,MA14N3GA3L,100633,6
FW7C9C4C9H2H,IA08P4CO5I,100634,50
GU0Z4I2R9A1W,PB82J4ZE9G,100635,3
MP1Y8J3W3H3A,FT47G1HE0Q,100636,3
FH9Q7L0F3M5Z,VY17X4DE5S,100637,1
CP3W5K4O3M2H,WL74Q3PR3T,100638,1
CG4G7N6U4U3P,DP29H9DJ1R,100639,50
CP6G9J1E8U4D,HM79K1KC3A,100640,1
UV7R4Q9L7U3O,MG42O9BC6J,100641,1
VZ1D4C7W3T9D,BL18D5HE5N,100642,3
WX3D0Y2V5I4W,ZO47E9YA5Z,100643,6
SF0F2U2R1Q6J,RQ70Z9ZL3E,100644,7
WT6C4A4U0C5Q,FV71C9IK3B,100645,3
RW8F9N3H6X9H,AF93D0IB9R,100646,1
HV6A6U9H9D2J,MW73S8TF2O,100647,6
PB3W8E7I5H4B,SS52W0WN4J,100648,1
OU1K8S1F0X6B,ZN04S9WJ8S,100649,6
UM3K3D1O9L0N,XD23I3QY2Q,100650,6
SJ0P6B3X7Q2U,AO64S9QE9X,100651,50
YO6H2K1Q7T2T,SJ59E6KR3R,100652,50
AA8N1X4S8P8N,ZK31X9RY4X,100653,3
WN1Q2Z4M9E1X,ZN14I0ED0O,100654,3
EP7E0L5S4G0D,QV43Q4DK7G,100655,50
SM3I0J4V2W6X,GA77D7EU0B,100656,50
UK2W7G1U8N5V,PK91Y1EA6H,100657,1
NX6M9A1S9E4L,PZ82A4FV7H,100658,1
BB2O2J7B4D3G,CP90X8DN3I,100659,6
FE3T8W5L1Z0C,IN74V0VY1X,100660,3
YH5D3V2T6G9M,ZY18Y2CR5R,100661,50
VT3X2V5S2X6J,OJ47Y0LB7E,100662,1
QC1A6M3Z0I5Y,NI57D1XH2X,100663,7
SK6D5Q5W4I7K,AC76Y5AP9I,100664,6
NK7M3N2E4F5D,VH49T2BT8H,100665,6
PJ5T8Z6X8P4N,CJ53V0OL9Z,100666,6
PQ2R2S5Z8T8Z,MS54D1NK0S,100667,6
YF1V8A3P4F1J,HC90P5DB2P,100668,1
AS4A2G6F7G1F,PP21Y2OE5B,100669,7
JI3A8Z0N9M2Z,BJ63L6JC9F,100670,6
KU6A2A7M8T0V,ZH05U3ZH4B,100671,1
ZI9Q3Q8L2L9I,PZ07G5MA5Q,100672,50
WZ9G6C2J2V5G,KE92K4HL4D,100673,6
PC3A6L0B4I8I,UT12G6ZA9J,100674,50
TU6L6Q1C3D9E,JO23O0QX6M,100675,50
MW8J6W5C6S0T,RS19Y0BL7F,100676,50
TR8A1N7B9X1H,PV21Z1WD9X,100677,1
XU9X5M2S5B6K,CV34H8AX9N,100678,3
VT9L5A4V3F6U,TZ60W3LY5T,100679,3
VM1Z8G9Q4O9M,RR61T5BU6R,100680,7
FB7A8U8V2Q1M,DO24Q3LB2S,100681,6
OR0V6P1R0L3O,OP55E5YU7E,100682,3
GI4F6B3B0I6D,UB06M1CS0T,100683,3
VU9M7K1B2P9E,WE17V3EV7H,100684,50
UW9F8K6Z8J9P,IW23O5HK5I,100685,50
UC9O5X2K7Y2M,UJ08U4HX1M,100686,7
MQ1X3V5S2Q4A,DM45A5LW1V,100687,3
GP6T3W5I6V7L,LF46D5BW1K,100688,6
VC0J6N4I6M2M,KH76I3OW3M,100689,3
TQ9G4Q7L4P9D,AT70U8JO8G,100690,1
AJ3J9L0F3K9R,MK14X2VX5V,100691,3
CM5B8W0H7M5D,CF11L2RN3X,100692,1
UR2K4N2E6G8Y,PT24D9DI9X,100693,50
HQ5X7S7Z8Q2N,UN11L8NA4Z,100694,7
NU1A1X5K8V8W,IP15R8JW6L,100695,7
JJ4W5Z5F8B8X,YR79V4YO5C,100696,1
ZT8L9B9V6C6P,NL98W7TF4D,100697,6
GR4D0H9S3E3O,RT35Z4FN9S,100698,7
UB4Q3I8Y2X1Y,GV44S8JK5T,100699,6
BB3M0F7C7O3V,MD19S2NP2W,100700,50
DZ4K9R8A8R5L,EM95H3GP9J,100701,3
ZS0H5R7W7R3N,NY46V9CD8F,100702,50
RY8A1O1M2U5E,OJ09D5DB7F,100703,50
CY5Q5U6W4X8O,FP42Z8XZ4Q,100704,6
OG3I8T9B5P7X,UZ22K0RN9K,100705,3
BT1J5P7L2R2Z,HH90Z3ZO0C,100706,7
PP8E2Q3Y6A1X,XM60K6ZQ2F,100707,7
QD3D8X4Y2R8E,PZ63K0HF3E,100708,3
GT9N7T3U3W2Z,TA77P4LZ8Y,100709,1
AW2E1R1F6U1U,WZ00R5MV1N,100710,6
GF6B9Z0D5S6P,WB03K9UH0W,100711,50
SR8R6X3B5B3N,JM36L4SS8K,100712,50
ZA0N2I9B8Z2F,WE41D3ES5C,100713,3
FF8K6G8A5C7A,CZ92K4FV3I,100714,1
LJ8W7R8F6H0O,QS20M9WL4T,100715,3
VQ5Z0Q7V7T0O,KE02U3CH8W,100716,1
WU0D4V2C5X0P,TG57F0NQ2M,100717,50
XE8N9M6W3T0E,MU77R5XB9F,100718,3
XW3K0V9F7T6A,UV87X7DV7E,100719,50
ZY8N0B0L8G9F,OP49Z7OZ9Y,100720,6
FP8S8A0V8V1M,LW86I7KZ2F,100721,6
DG0E1K6M3F6P,IN53Z7PI8T,100722,50
JV2M5U7A8J9L,LG62N9CP8R,100723,6
QO3Q5K6Z6S0T,IV71Z9RA5B,100724,1
KZ9M8N5E2J0G,AU59C4KB8X,100725,1
KI4N4P0I7M2D,JG43I1QH9F,100726,6
AZ0F5U7J6P7Z,AK95C1JT7A,100727,7
YZ9B2M8I1O5Y,NU69P1AR4P,100728,50
UO7I0U2P5Z9U,GR80L4PP6J,100729,7
MM9S6Z2K3O4D,VA43B6AW9F,100730,50
BX3P3F3W7L4O,XH49F4CQ7W,100731,3
GQ4W6H0F7M0A,BR54U8PG6G,100732,6
XK3Q0P3N4S4B,OH84E1EG0V,100733,3
GI1D1W1D7D5U,OD99S9DI4Z,100734,50
YM0Y1D1Q7N9C,HM73C6RT3C,100735,3
AH5W3E3Z7E0D,TR09J4WW2J,100736,3
FD5B5A6G2C6A,HM25S2LA6T,100737,7
VR9N3Q2J7K1E,PF07G9LV7Y,100738,6
XH9J7F1F6V0E,WJ86I5YU9F,100739,3
GT8M3U3Y7D8T,PJ79Y1DD8L,100740,1
DY4W7W0N0L9L,AP64X1EN7T,100741,7
GC3R0B3D5D5V,IN37N5ZP1M,100742,1
EU5Y7O8D9T0F,NT74F4AL4L,100743,50
FX4P1O1U8Q1F,LH40Z5TP8K,100744,1
TL9X5U1C7M1G,KQ87G8DA5P,100745,7
QD2C1G5U1N8B,WE60N6EV9V,100746,1
SF6L4A5V7V5E,HE63T2HO2K,100747,7
MD8R2C3Q1I7G,WK51R4JD6W,100748,6
JP2X9H5Q9I4V,KM25J5JY6Z,100749,50
EW5L2A1X4D9X,KC81J1YI9J,100750,50
MM5W9P9R2C6U,IK45N8OU1H,100751,3
GI1B9H7C1P2X,LP15D0AR5C,100752,1
SI8B1B2X4O5V,LF84V7CT5F,100753,1
OD2H1Q6S6B0Y,DR47K0IY0E,100754,7
CM1F2B2O8D0Y,LD00L4OB1G,100755,6
DR2N1C9S3X6Z,VV03W4PY9V,100756,50
BP9Y4D2B6F2V,MT56C1TC3H,100757,6
NS8J2Y2U4Q1T,AE74B8FG2R,100758,3
YR2W0J6X3C3Q,RT19A6LS4B,100759,3
MG8U1H5C3P9C,IQ65I7PK4R,100760,50
MM6P0Y2F9Z6I,NP47E7TU7D,100761,7
MW9C7Q0P9I2A,UD68W6KH6T,100762,50
PZ5V7F9Z1R9X,ZO31J5TD3A,100763,1
OJ9L1H3Q8D9O,BV81J7RL9E,100764,50
PB5B8B3J8Y5L,WP10G1JD8Y,100765,6
DB6O8T2X3P6D,CF55C3NM2I,100766,50
NK4O2N2P7H4G,XM36D6BM8G,100767,50
VZ3J1E3U2F6A,TQ74Y6IJ7I,100768,3
PS6D7O9L3P3D,ZU17T1MN6B,100769,50
SQ1U5J7P3K2W,RS81H0IA0U,100770,7
QL9S6G0T3C5V,XQ16K7QX9G,100771,3
HN6O9J6L9U5J,DB17Q4DY9I,100772,50
NV7L5W5J6J0M,HB65P7FR3N,100773,7
GE3F4U6F5P4T,JP20W7FS4R,100774,50
QI2Z0V9U5G1A,UY08J2BT6I,100775,1
UX9S5L0U0O8X,WS00O5VL4S,100776,1
XA5B5Q7L3C6I,HT69F7HX0Y,100777,1
YW8X6W0E7L8V,MG19T7CB6Q,100778,6
GW3R6U1R9U7F,WW83H6IH0E,100779,50
VT4B4I8T9E9P,OE01S9XX7Z,100780,7
TG2K8U1H5C4Q,EP06B9CM3A,100781,50
YG6P3M3W5I2T,KM07B0PO9V,100782,7
BZ0G7Z3Y6K5Q,JS64M0JS5V,100783,6
KM2E7T1L1B4G,RO74Y8HQ8O,100784,3
GL1I7Y0D9K5C,MQ82T7AJ3W,100785,7
IW5U5N9R8Q5W,IH67K3YA8P,100786,6
BB1H5L7L1O0B,TK21U5QE0H,100787,3
BM5J1Q3W3O7Y,WY52Q0CU3M,100788,3
YM7Z4D6H6G1N,XW54Q2CS1G,100789,6
LS5O8K2J8A1M,WQ29V5KA9W,100790,50
BI3F0K8Y0R4O,JJ31O6KT3T,100791,50
ZX7D4F1J2I5C,GZ35S5BT4V,100792,3
VB2X0A3P9B4A,GQ26Y3HQ2K,100793,50
RI3N6V7T4R3F,AO01A2BU6N,100794,1
MG3U2F6F7U8F,DD77R1NN1F,100795,7
RV6R8S7F2M9J,AI71D2ZL8O,100796,50
TT5U2E0T4G4A,TE55E3CP9K,100797,1
KL6E2X8N8H2W,RO68J0QP3I,100798,3
DG4D4L1Q0E2T,BS80V2LV3W,100799,7
GV0V4K4J7G1P,JT00M8TJ0L,100800,1
WS7X6Y1S4W9I,IV14Z8SC0L,100801,7
LN0N2Q6T6K7F,YO15M8UC3L,100802,3
YH4X7B6H8P4Y,GX25H0VI2Q,100803,1
YC7M5I6E8I8A,NS96Y7MR8L,100804,6
HX0B7J7S6T1U,WB34I0MJ4V,100805,1
YR7J2T1P6K2Q,BQ85X1WT8J,100806,50
BO2J0L4T4B3X,VQ70E3CZ1Z,100807,3
IS1E1C0M8F1P,CM59K5NG7L,100808,6
FR3C9Y3R8V7C,QO70L6OG3I,100809,6
LD1Q0X2T0K0B,FP91M7QL5Y,100810,3
DF8F9L2N1D1L,VV58F6UT4D,100811,7
CR1H3K0A8Z9G,GF12X0TS4Y,100812,1
KO3U6S3Z8O7I,FE38J4QO5G,100813,3
NU4C8M4N2Q6T,VM26A0SF9U,100814,50
DM6K5C8Z5X7A,HQ84J2LJ5C,100815,1
PL3H8F8N7G9G,KP29Z8FK1Z,100816,50
IH3O7M5C5T3Z,MO77A1QZ8F,100817,50
LN1B5J6R3W7N,HW77S5JG8Y,100818,6
SX0Z6P5Z8Y3D,LY24D2TO5G,100819,3
HO4U5K5Z5P4P,NS31N9SS6H,100820,3
AC9V3S5N0X9J,KG04V6VM4T,100821,3
PX4G7N0Y8U3I,OZ09H2YE3I,100822,7
HY0I0B5I5J4A,NP14P2ZX2M,100823,50
IG7W3G6V2O9E,JL40K7JX0T,100824,50
JN9E2F1W4I0I,JZ86L3QF4B,100825,1
TG1P9F1Y3L8T,VA81N8VB8L,100826,6
XS6X5X0Z9P0U,YQ62L7NW4T,100827,3
IB3M7N1A5N6O,PU99X2ZJ9T,100828,50
VF4Y2H7K2P1N,UG12N7FP8L,100829,7
FA1D3B0B5C6B,OG79Q5FP5N,100830,50
VK8X8O9D9S0D,KY92N5UL8B,100831,3
ZJ1N4O3V4G6I,BL90M5XB9F,100832,1
AP7F7K6F8S6E,YZ03V9UM6S,100833,3
LO6I4F0Q7A7N,AC97Y0PU6W,100834,50
IW6X0K9A0D5Y,HW77M5XQ3G,100835,3
LG7X2I3T3N7M,ZF17C2QU5D,100836,50
FZ0F7O3H1K5Z,ID77R4XR2A,100837,1
YJ3O7L6D5M4V,YC76Y5GY4R,100838,7
HD9O8T4W6X5G,XK63W9GR5U,100839,50
DY3P9S9F7L7T,YI88P5IV7V,100840,3
EO6Z0I2I5U6J,PJ57O4NF2Y,100841,3
TA5X7E5F2B2A,ZH81X9OT0A,100842,6
QR0F5C3J6W3B,GE25G5AU5G,100843,50
MD2H3N0Y1N6Y,SQ46N9WZ2P,100844,3
AC3V3F6V6B3H,WQ29F9MO4T,100845,7
HM5N6N7W0U6V,HZ43M9DU1V,100846,1
XB1M1B1B9E2N,TB92P0ZX2J,100847,3
VO4E0S4U6U4Z,OP22C3MU7H,100848,7
WG6Q6V2J2S2O,AQ92G4UK1Y,100849,50
WP6R7L0E3K8B,AY19Z0TN9G,100850,3
ZD0N0K7Z2G7N,OH67E4ZE3F,100851,7
AQ9E1B5A6H3W,MI89O2TZ5Q,100852,7
JS3W3N3Z2G8T,DN02U0JK5T,100853,7
EM5S9Q5M4G8W,RB71O4SO9V,100854,3
ZL0P0D6A9X3U,SB80V8FV1K,100855,3
NG5T5D2R7L8U,BS36C1CJ9M,100856,50
GL9H3U0W9N7W,KU10Q5EN5M,100857,50
AR5M7I4K5D8P,IM98I2NQ6L,100858,3
NG0M3X4G9B8Z,ZU33V7IE6Q,100859,1
SB9Y1L0R9A4A,DO26W1UH0J,100860,7
JD4A9A0K1I8D,TT27C0WO7F,100861,1
VQ5L2Z3M8E3V,HX57F0UQ0C,100862,7
IP1D5Z6U2X0U,GA01B5KJ5P,100863,3
UY1T1L5N8F2P,BY03V3HM7I,100864,1
LH9Q1A5E8I3C,FL46V4WA7Z,100865,3
IP0L4B2A4U8B,CN99C9ZY8J,100866,6
TV2V7I3G9K0U,IX11M3GS9Q,100867,7
VI9Q7V9M3W4O,XU65B1YX8K,100868,50
KG8X4Q5U4Z6P,KO73W4XO5T,100869,6
SH1E2J1I8O7Y,UD98S0TN3X,100870,3
TY8S3R0Q6I4F,VO70Q5SM1Z,100871,1
AQ6S1N3N0I9X,HI46P0TD7F,100872,6
YX3O7R8Q3P3U,LP54B2QV8I,100873,6
JH8W1L5N3W2S,YT63S0RG8G,100874,3
CB5A3S0I6D3K,DM81E6MZ9S,100875,6
MV5K9U2B5D5A,TI74G9LB0W,100876,3
BC7H3W1X2L2D,BS60E5AM0L,100877,50
BM6M8O4V5H6A,DH40F8AX3Q,100878,1
TS5D5N0T3C0X,KF13I3FW3H,100879,1
FO2K7B9G0A5H,QY43O0BQ0B,100880,50
QJ6I3L1S6D2L,GR48U4BQ9S,100881,3
DH2E8A4N7C1Z,VG28W7IO9K,100882,6
VB6Q2N2Y2D0U,AZ20L9AK3G,100883,3
HS7M2W9G7X9A,DQ92D3ZP0C,100884,50
XR4C8D7J7P7Q,MQ23Q5NI5L,100885,3
DU9E2G9C7W3K,EG14W9BF2Y,100886,3
HQ9N3Z4D6U4I,SS64L8TE2A,100887,6
KH9T3Q2H1Y9C,UP19R9SA8S,100888,1
QT9E2Z4C5D1O,KG64F7XB1F,100889,1
XM1V3G7C2G9G,YK60M9BB9Q,100890,1
AS8B4Y7P3I2R,FD01Z5CD6M,100891,7
RC8I3G7M1I5L,YO78Y3HF2F,100892,3
GG7L7C0G8U8P,DN38C5ZJ8G,100893,6
NL5W4I6E9H2F,IH71T0MH2W,100894,3
GR1J6X2D3S8E,XN19F3SS4S,100895,1
RW9A2O9Q0W3R,CU61A9SO5X,100896,7
JB2N3C5E6P4I,AB92C8PG9A,100897,1
YW9O5Z9H6G0E,XN15V7TY5W,100898,6
RH7K7Z6T5H2G,CG88J8HV1M,100899,1
PH7C0O3W9V3V,ZQ03A1RP9I,100900,50
YG8J4P0H5N3N,MD15K2GB2Z,100901,6
EL1W4U6E9M7F,QB58E1IW4F,100902,3
FQ4T5Z5A5U3X,VC93Y9PJ6H,100903,6
BZ0F1W6W6U7Y,JZ40P3BM8C,100904,6
DD0G6X1R7D4R,TB47F2RY7W,100905,50
DU8W0C5V2P6Z,ET08F7DN5D,100906,7
RG4Y6Q7I4I7H,LL01N2CS8T,100907,7
VH3K7Q0F6S4H,BM56D0EI6R,100908,7
SX8M9M3F3F3Q,AZ37V1QV1M,100909,7
II8Z1U4V5R4B,BM99K1BV1N,100910,7
IG5Y5M3I2T2A,HJ77O4LC6E,100911,3
BV1J1H1F4A9P,DH86W4JE1C,100912,3
GD6P9E8G5H8V,XX75W2NI2I,100913,6
LD2D1Z1C3R1G,HC70B7ON7H,100914,7
NH9G5N2F1E7C,IF62V6OM3E,100915,1
TX0Q8D1K7X9Y,UO27E8IX4V,100916,3
TK2B2A3C6T8Y,WB23W3ZA7Y,100917,50
GQ2A6V6W8F3D,DO35M8YH2F,100918,7
RV2F1N0Y1P7R,LI80D1UE7C,100919,50
MA5P5M0F2A5F,OW61P9ZX0K,100920,1
ZP9O9S2D5F9E,VX47A3CH7R,100921,50
RW0Z0V5P0P7P,DF70A8XH5A,100922,7
LC5M9B0E2I0X,TZ02K2IH1M,100923,6
PT5B7Z9V6X0Z,OX97C6ES1F,100924,6
UQ9U1H3H6K6B,QG71W9YB7V,100925,50
WC7W9N4J6S6L,QU00D0WZ4F,100926,3
EA9U0F0I4X4S,SY78N5DE4X,100927,3
GP4S5D0Y9G3L,MA81Y5IQ2Y,100928,1
WK2O9H7U4P4B,LK61K2MW0V,100929,50
EW4N5R9Y4B9Z,ZO78R5BC2S,100930,1
AM7B6S6L5G9M,YD28T6RH5X,100931,1
LR8H0W0Z1I9L,DI73Z6BL5M,100932,1
KT8B3Z3A7S0X,IQ09N4NW8M,100933,50
KS3E8W3N5S5U,QJ43O3BK8J,100934,6
CY8X9X7I0W1S,JM94F6NJ7Y,100935,1
BK2K4D8L8Q7V,VR54G0XL2W,100936,7
DT8S1C7I0Y0O,FI36O7SQ9Q,100937,50
SB1F1G9J1M5A,UD18H4KZ9O,100938,1
VG0X8L5S5U1J,VY53X0BH3X,100939,3
JJ9K5Q4G0S9D,HA20R7LG5T,100940,3
ED3T5K9U6Y1U,DR02S4QX6R,100941,1
UI7V7N1B3U3G,BN70Z6WK9N,100942,7
HE8Z5S8O5M9T,OU57H9BE2Z,100943,3
YO7Y6D0P5K2R,BU93C5GS7I,100944,1
GA5Z8J0G5H4F,BY08A2QB4A,100945,7
AC8P5O0P2C7K,SG17A9SF2N,100946,6
HA8A6T4U8O8D,AA67O0LJ9S,100947,1
MI1V5L4T5E2C,TR46T7FN4U,100948,6
OJ0A9X9L9K7V,BB33W6HR7G,100949,3
JV5W0A5C1P9C,SW37Z6TX9H,100950,7
CQ3V8M1G2X7H,WK16A3AT7D,100951,50
WO3O7R2X8G0K,LK61J4RN1Y,100952,50
KH3H9G9M2D3J,VB47E2QS0O,100953,50
HO7N0M3W0P2D,ZZ91N3KI8O,100954,50
KR7J8Y4E1E2M,JA11V3YA8M,100955,3
TQ6U7E1S0S3X,OQ92U3FC4S,100956,6
MY1Y2F7Q0S9B,VI76G8GO1P,100957,6
TH8J9O2J2W5M,CQ93F3PO4B,100958,6
FA4C4A4D4L9I,ZT91X8GM8C,100959,7
AH0I4K3I7U4C,HO76R3ZT4N,100960,50
WY4G9X4S7J7K,JS55P7ZC5Y,100961,7
CN7J1M4L1K2H,JW96M8YP5P,100962,7
GD5M7X3B3H6D,WQ33E2PL1H,100963,6
XG9W8G6E5Z3U,NE46R2QQ5X,100964,50
QV7U7A4A7F4M,RO99U3PW2Z,100965,3
OM5O2Z1F5N1I,WJ12M4QE0A,100966,3
JI1B6B4E6V5S,ZZ59E6NG6B,100967,1
DA6Y1L7Y7F8F,IL68B4JG0D,100968,6
YI9D8Z8Z5U1N,EH99P5KX2B,100969,50
ID7Q3B6O5H9F,YX69L2NV3U,100970,50
WY8U6S6H5I5H,TV83R2YT1E,100971,6
QJ2H4T6K3Z4P,HH96Y6GH2M,100972,1
IF6Q5S6K3C2E,DK65E4FB3O,100973,3
NR9Q7L4A8K4F,CU22M9OA7O,100974,1
IR0E7G6D9C7O,BV26J1NP9N,100975,3
VI0L4P2A7O1A,NZ85V0CA8B,100976,1
BR1A5T5T8D0D,NY34Q0JG3J,100977,7
QL6O3D4I1L7Z,XR96C6RG2E,100978,6
OH2W9G1B2E7M,CQ90P4RJ4Z,100979,3
ZR5P2V7Z6R6Y,CK38F2UG2H,100980,7
IN3B1C9L2S9C,EA12F0UC0V,100981,1
AX8J0O0B7L5R,WY71E0KY6A,100982,3
VY8H5I8O4H8C,PI03H4MD1D,100983,3
DY5T6P9W2U2N,XB48B5HE8W,100984,3
YY3O9J1K8Z2M,VU83O3SM1K,100985,3
CC3T4U1Z4X9K,GH76O5OD1E,100986,50
LA2S9Q4J4S4Z,ST43L4OM2Y,100987,1
OB9J4G1V1W1K,GH53S4HR0O,100988,6
QS0X2W1R5N7Q,IO73W5DQ3B,100989,3
VE0L5F7Y5N7K,GZ91W9JV4V,100990,6
FT2Y8G6U9E7U,MU62L1RX6P,100991,50
NY8C0Y9U4E9D,LC98W7CR0M,100992,1
LV3M4Y1L2W0S,SN41R1PI0H,100993,1
DS5M1T9D2L4K,WZ88M3DV8E,100994,6
BF8O3B9R1D6N,EA18B6TU1B,100995,50
SN0O7T5F3W1S,JA58B3GJ4Y,100996,50
DO2U1A3L4K6A,DO87F5LG1O,100997,1
PW1E1R8G7K1N,GP22N2BN2F,100998,7
YA4Z6X0Q3O3L,LB97H3YX7Q,100999,7
HT1M0K4F7L9S,VE66J1PB3G,101000,50
GE6H8N3X5W4H,TM63Q4DD3C,101001,1
SY2W7P6V5T9B,RX79N4TF1Q,101002,3
OI9X4D3K3S0A,RO77F2ZQ6O,101003,6
WY2O0W7V9O7N,UF16D9AS4W,101004,50
EL5X5Y4J0V1O,QQ49K9TN9H,101005,7
FF6A4S1L3V7F,VI59F6VF2Y,101006,7
LI3A8F5G1P6X,QS83F0KM4M,101007,1
JE0S3R2Y8O1T,ZX94U6RS7W,101008,50
LX8R1K2S0R1P,WQ82X7RW3T,101009,3
PI4L0E4H5A7G,NO97O6XU1W,101010,3
KM4S5B5P6Z5E,ZE79U9NV9U,101011,7
UD2F5N3U7K0E,JO86Z2ID8S,101012,50
KW6D7R4C4X7V,EN88G9FJ6L,101013,3
RP0B8Y2B4D6T,QO72B3AT8F,101014,6
KU0F1I4O6F7F,DR64F5FI5G,101015,1
NK7A4Z0O4B8U,KV69Q9TM7D,101016,6
KG8Z7B9J5Q6N,WY28O6XO2X,101017,1
HV4I2L8D5I8L,GO56V9OZ4F,101018,50
ZG5B5G9O6O0W,JA81U1DL2G,101019,50
CN1Z4V8N0B6A,TQ82Q6JX0K,101020,6
UC5D2D5W0F9V,WK80B1RU6C,101021,3
ED5U7Y6S1Q6U,QY64W6AF4G,101022,3
KS2N0G4O2G9R,NM73T9TS0U,101023,7
YR8P2H3G0Z8E,NE44G1CZ6S,101024,7
NX4Q8G4Q5D4T,BV44P0DU0C,101025,3
PG8J0J3Y9C1E,KB91L9ZS2O,101026,3
CF4R8C6A2I9S,PL89W7LN8E,101027,7
AZ2O6O9L0Q6Y,AV62G4YL8D,101028,50
YV6I4T1N4L7L,OI72K2BG8D,101029,3
AG1G5W8S1X8D,LI26Y6ER0L,101030,1
EV1E5C5V7E6L,QH43E4NL7E,101031,50
IC0N1Q0M3Z3V,SW43O3EY7Y,101032,6
EJ0G2X3I9B2K,CT95F0CV8A,101033,1
BS7B1C0V2O5D,SJ03K4RX4I,101034,7
IL8Y6F3M8D0Y,XG35W7OS5W,101035,6
HK5Q5V6Q6P1W,OG88Q4BK0O,101036,50
NJ3T1V4G3Y8O,XV79F8SI8D,101037,50
DQ6H4L2E6L1T,WI80C1GG1K,101038,3
EV5T4H2X0N6L,BQ93L3RY9Q,101039,7
WX4Y1L0D2K8X,WJ48C0SU1I,101040,1
CC6X4K1T6G0I,UU59G6KF2Z,101041,50
DK8K9F7G4Y0X,DK66K2WH4Y,101042,6
KD3Q0L5P9P7E,MX64R4BS2V,101043,6
KJ8G1I0E4K6O,HY28A3FJ5R,101044,3
YS4X2C1P1G3L,KV21D6VO8U,101045,1
MK8E8A0P0P8Q,HL14J2ZV8O,101046,3
ZZ6H9X8I8E8H,UZ29H1JX0U,101047,7
ZW3K3L6O9U0F,PY70A3JN2C,101048,1
CG3J7B1X3S8F,XA30Y5ZT2U,101049,1
MR5W4H6X1P6L,WK16S4VK8I,101050,3
OV4Q7D3Y7D2D,TH05D9OI7Z,101051,50
AC7P9B7G4J2I,KD87O5LG2V,101052,3
IK3S4O5M8Y0U,GP75J6IT5C,101053,50
UF8U3T2H0K3S,QB22C0TO4Q,101054,7
EL7W9Y9P8C2M,VW85P5BU9G,101055,7
EC7Z7I4B6M8X,DS46U2SH7D,101056,6
RH2D3M2W9A4R,JG44D1LQ7Q,101057,1
FJ1O9G2I6H2L,UJ83O7YB1V,101058,50
MV0P3F2W2M7M,FC33P2ST4L,101059,50
JG6Z0B6L5E2W,JO17O6YD6O,101060,3
PQ6X9J8V1P4A,WN51Q1SF1D,101061,50
OQ1W0I6Y8S5I,JW66P9DQ0X,101062,50
XX7Q1D6H5Z9X,YT00K1OD8P,101063,1
TC7G5E3J9J3V,DN20I5JY1L,101064,7
VY3S0S8W8R9H,XH79F9LD3S,101065,3
VR8Q5R3X5K9J,GG62T7GC5J,101066,3
SD0M8O1V4J3F,EN87G8SY3X,101067,50
VD9M2D0G2M4I,JE87C0MZ4L,101068,6
KI0T9E4H3K4M,NI50F5AG3O,101069,50
SC8G4L5Z2I5Q,DR73A0SO6T,101070,3
VN6D1K2F9E3U,BV19I0IP8A,101071,1
XH7O4S0H7K3P,TF40C3ID5E,101072,7
SZ8Y2Q5U1K4Q,ZR96I3ZI6N,101073,7
ZR2Q4R0E2O5V,BI61X2HE9C,101074,50
EV7E0J4J5P2P,IN48Q4AX3E,101075,7
IN5J3K7N1F7N,NM28A4MN9I,101076,1
SE4M1J1L2C0E,GQ50R5WC8U,101077,50
TD5L6A6R2M8I,LM47O3AR0E,101078,6
JQ1H5F0V4D9A,RP99O0FM8L,101079,50
UK4L8A3S2D0V,BM91C5PY2X,101080,3
IK3H1R4S0V1Z,HZ75Y0KG0B,101081,1
UM4G0F0F4R6G,ZS82O3MX2P,101082,3
LY2N2N1I7J3Q,KZ70Z5VR3A,101083,6
OR1H9A1R5C1H,FR66L6NE4H,101084,1
RX0D8C8T4H6J,BW30N0PK8J,101085,7
CM0X1K5G8F1Y,VE78V3DO7J,101086,1
IR1Y9X6A4H5J,DT63L8SO5R,101087,50
IS4E3S7A5I8W,OO99T8YF0F,101088,7
LV1E9J3W6S4F,DZ70H1XO1X,101089,3
EZ0C1S6R2P1U,NV52A9SB1O,101090,3
CM6T9G6H7G1J,CY11R7HE4E,101091,7
KM2P2N0O9D3A,BA90R8QY3Z,101092,3
TR9T7W6Q5Q3V,WK08U8ZC8P,101093,50
FX5U1T5X4G6Q,NJ42W9MM2G,101094,3
RV7S0Z6F7U5I,TD40P8GF1G,101095,1
DX4P7R9P6O7N,LS59V9NL0G,101096,6
YB8Z0B9X8T5E,WX15H9UH2M,101097,1
MU2J8I4Q0N7A,HK73F0KR0V,101098,1
VJ5S9W7J7W0T,SO50Z3IC7K,101099,3
TU4F6Q3V8J8L,CC88G1SL5Z,101100,50
ZI4H1H1Q4N3B,ST21Q7KO3S,101101,6
PM6G4P3Z4I3E,XD21F5OA9G,101102,1
YI3T8P0Q1X9V,RB09Z9SA6W,101103,7
LZ9W4O2U9D3R,NA53T8QE0D,101104,7
VU5P2A5W6T5D,ZU37T2YK5M,101105,1
XC2Q3Z3V6X9M,TY16A0XI2N,101106,50
KW0O8Q0U3A6H,FN78A2AS5O,101107,7
DX6G8S6S6X5G,RT77I2HC0A,101108,3
SF2O7S0V6U5L,GT27A0ZL2A,101109,50
OI6K3T8R2E9M,OW09P7RS3K,101110,50
ZG1B9R4F8R2A,NX28C1TM5M,101111,3
BY2G2C6B9W8X,CV25C5DY2Y,101112,7
VI0R3E4H1Z3K,YK30E1UL5S,101113,3
NI5R0E5W8V9X,OH49X2OA3V,101114,7
QX9Z4B8Q0P6T,UR10U0AA8K,101115,50
LD7E7J2T1Z6I,VG06B8ZZ5X,101116,50
AO7O2H6P8Y3I,KS21J5XX2K,101117,50
GP3M5Z7X1C0W,MR37V0DR5N,101118,1
XT5G6L3Y9E9N,PQ63V7XO4Z,101119,6
SJ7V6B4G8S8Z,NI16X5AT1P,101120,1
KQ4D6W1K0S9T,MX15N3TB0Y,101121,6
BZ5W6J0O0Q0G,QX63S0SV7J,101122,50
YN3O2B4U5U3Y,NL92D5ZT0F,101123,6
UH9N3D3U3C6C,FG28L3PO1G,101124,50
FM0U3Z6X6N4L,KD91Y0ZY3B,101125,3
WY3S5B5G7T5J,VT38Y2YA8O,101126,6
CC4Y0L9I4J0I,JM07U3IU1P,101127,1
ZO1M5E3C3R0N,OV25S3BF1E,101128,3
BA3D8P1H0P6Q,VP34H0YT6V,101129,3
BD6G6Z1R1Z7W,KE07F1PZ7E,101130,7
UW6S1J5D0L5P,IE65C7EH0N,101131,3
JJ4S3C4E6W6U,DO34Q4AG4J,101132,50
ZE5T1S0A8J6Y,FR52L8FB7F,101133,50
UE8V4Q8N7Q6X,CG71S6QB4T,101134,1
RF5V4S3Q8G1R,YP93J8GK7H,101135,3
OV5L0O6F8J9A,HZ78O2LC6A,101136,50
XT0B4E7T3X0S,SE30Z2ER0M,101137,50
PD4Y4D7L7A3Y,IO46I3JT2N,101138,1
GE9B2O2W7B2R,RE01M9TS6N,101139,7
JI2G9B3B8H7D,QW88S4CJ8B,101140,7
FN9B9W7I4Z9E,DN14E2UP5F,101141,6
DC0M5N1E6U3J,HH88G8ME5B,101142,3
UH7B0P0Q6Y9B,QG35L7UA1K,101143,50
IV6V7V5D8I1Q,SW13C7CQ5A,101144,7
XV3U1L5X7I1R,KS25K7TG6J,101145,7
VK9A1L3B7I6O,CF08R7CA0L,101146,6
JI2M5X7F3M9Y,DD86Y2CH2F,101147,1
BS8F6V4C0Y1K,YI60B7ZG8C,101148,50
ZC5W3W5U5Z3O,JZ89F0OG6S,101149,3
TP8W9H8A8Q6M,FO21O5ZQ0Y,101150,6
OQ4Y8A8C5R3X,FC55P2VZ4Q,101151,50
VD7W9A7C9P6Z,HT53E5WW8X,101152,7
WD9D4H9U4E4X,ZK51T1PK6M,101153,50
VZ8C0D3L3Y4O,WA44J8ID9H,101154,50
UA1T8P3W6V2F,YH32A1US3Q,101155,50
GA8L1B4H2F6K,VT31I1KQ2L,101156,7
OR9O5Z1Y7R4I,FU64A2VX0T,101157,3
YV3F9F4Q6A7B,WD53H1OJ3I,101158,6
ZW3D1P5F5S7D,KB29Y1YK5Y,101159,6
XH4E1K3Q5M2Y,PB64V3AG3V,101160,7
HM9O9D4F8L1B,MW76U0HB5X,101161,50
RR5K3T0W4V2A,XM11X4AZ7A,101162,1
HR3J6K1U1X8P,OD08P1VL2C,101163,7
IN9C8Y6W6J6M,UF52C9BZ9I,101164,1
IH1I3N5Q8Y8M,II07V0IE2H,101165,7
JO1O6H0C9C1K,TU37D3YS1X,101166,7
MX7N9Z4N0M2H,IG56O2GT1P,101167,7
RG6C7O3T2V6C,LH90I5XF3F,101168,7
SK8E3Z6S7X5K,HI12X9SD5Z,101169,6
QG6A3R5J2J6Z,SY23Y6SO2B,101170,7
TS9Y0U5T3R6X,VV89A4VT1V,101171,1
TC5T7I4N4T1R,XT23M6MJ0E,101172,3
QD8C4V8S4P8C,LG19G0AP5J,101173,7
UH8R6W4V9V6K,YU93O9XH1D,101174,6
PA1H1Z3P8J3D,ES80B7HU8Q,101175,50
SD1O9J0N0Y9U,KV79Q4IH2P,101176,6
LW3X1V2X3K2V,YT14Z7IO5Z,101177,7
DI4Z8G6J4R5P,AF74P5UR0T,101178,6
HM1A7P5O6S0L,TU49F8ZH3A,101179,1
GN0C9W9Z0U1H,KW37I7ZV9O,101180,50
CJ4O8H7Z7X1J,RN64N0EY6T,101181,7
ZC3D4Z4Z9J9E,LD03B3NS2N,101182,1
PO5W8L8V1J7F,VE16F2NH4K,101183,6
XZ6A6I4H0E8W,TT79T1XG5U,101184,50
UY9G8F9C0Q4H,RM75D6AK5H,101185,6
NO1M1D9P0Q5S,QZ05R4WL3R,101186,50
QK9S7I7R9V4K,PD02M0LM7Y,101187,6
VE4I3C9Z3T6I,HX98P5GK5Q,101188,1
SX7U3D3Q2K6Q,XC58F7SJ8C,101189,3
AA0B9C4J4H1Y,TG89Y6FP8N,101190,1
YZ4I2B7O2L2Y,UJ68F8XB9H,101191,7
NB1V0N4A1C0C,XI54D1MM5Z,101192,3
UK8X0W4Q4T2P,SU49V3NL6U,101193,1
MO0V4E3C3W0M,LB56A7NZ9C,101194,3
LH6F8U8S6P9V,KO59Q4ZO8G,101195,50
EO2E6Q9L6X1Y,KT88L3VW5B,101196,1
LD4W2E1O4L5G,MK89A4OW7S,101197,50
CF2G8A9S1X5M,DC97C7IC8U,101198,50
NP8X7H9C3D4F,OV83C6YV9G,101199,7
TS8B6T4M1N5G,PW38Z5WB0L,101200,1
VI2K2Y5G1E7I,VT75P8QK0Q,101201,3
OI5B3K9N3M2M,VE65R2EA0U,101202,6
KN3Z6B2D8D8P,WS39Y3QB8J,101203,3
OG7O0Z4U7B8B,AA62A7QA2G,101204,1
RU2M6C3N6O3F,RU43G4WN6K,101205,1
KD8G0K2F4X0F,WM56T7PL6G,101206,7
DR3A7A8C9L4A,GT06S8QS2P,101207,3
NN2G3F5N4O7O,ZB95V5QE1X,101208,6
VC6U6M0L6N3L,US20F3RN6E,101209,1
KC0F7S2S9E1F,IP38O8TV5H,101210,6
GU0K3I4A7D7X,NB21R3GH1L,101211,50
WA1H2G4I3L2T,GH58K9AK2K,101212,7
WK3C9J8D1Z0B,MY17J7OA0K,101213,7
RE8D3Z7P2N0R,VL07L5LH2E,101214,1
BC1H3F5V8K0E,BQ54J7YT1U,101215,1
ST7S3E7S0H6J,FJ84P1OD2A,101216,7
BH5D5E7R9A7B,QB78I9GV3O,101217,3
PY6D4W4I3B7E,GD21M4ZO6G,101218,6
UV2H4L8O5L5R,ZI24Z9GH7B,101219,6
PS2H3W5J9U6J,RT86X3HI3T,101220,7
RI5S4E2U5Z3M,SG31E2YL2X,101221,6
GG7H8R6K2N6O,RU30K7EO2H,101222,7
HQ5G3N2J6N1I,DV54P2BK9Q,101223,50
VR1T8H1N7D1N,IL17D0HJ0S,101224,3
GQ9F2E9O6J3L,PS90Z8IT9E,101225,50
ML9T5D7Q0R1T,VD92G7ZA3F,101226,7
CM7R1Q8T3T8S,ZE38M0VR5H,101227,7
VH1A1N9X3U8N,CB35Z4BP7C,101228,6
HJ7D4V9G0I5E,YN79S3NP4U,101229,7
YT5L4Y1P2M2E,ZI09H2KM4M,101230,3
VR5B2O9Z1T2S,QI56C3PV9L,101231,7
BN1C5X7Q6C2K,PH54M0OC9Q,101232,1
PM7T1N8A6A3S,NZ55C1EH2R,101233,3
KK0O3A0I4C9T,LV03H9GY9X,101234,6
YQ1F1V1P5N3B,YQ60P6HJ6N,101235,1
PP0D1T5T8Z0K,WX09F8YZ9O,101236,3
KH9R8T7G9Q0M,LQ79J9TX8F,101237,6
VW7N6M8I7D5S,RP51R6VG4C,101238,6
PE0E8M4J3X9T,FI66B8GS4A,101239,1
NN5H2W3H8Y6A,NR95J3GP1Q,101240,6
PD3D4N0G0W9C,AU64H7DM2H,101241,1
YB5W3K9G3B7A,RE71V6LK3O,101242,1
GN3U0B8L8S4E,ES11O7ZY8E,101243,50
KT3Z2V5L2J2R,SF42P4NO3O,101244,7
HW4J8H1N3E8T,MK20Q5GF7J,101245,3
DE9L5Q0Q0Z0E,AZ69Z7XH0I,101246,50
QA9J2L9P7G1W,CV37E2PL3H,101247,1
XZ7W6U3F4K9I,JE45S4AF1Y,101248,50
LQ1R3J5Z7H9I,OO42M9OD0H,101249,3
ZC4B9K1U0N5B,XF17I2HE2S,101250,3
MA2V4V1I1M3I,TJ39S3EQ7T,101251,3
NF0M5W9E9M9K,ST90G7PZ0F,101252,7
MM6M4J5P4T8X,JH97Q1VX9X,101253,7
GL4I2Z2V2C8Q,MP94M3WO6B,101254,50
UW7C6R8W3J3Z,QE13D9JO5P,101255,7
DR8F9Z2K1I9L,ZW16F4SY6L,101256,1
WD3I6S0N1D9T,CU64E9LV4E,101257,50
WG3C3C9Q9R6B,NT90K8JY6T,101258,7
AB8F8Z4X1Z7G,BF83J9UU6J,101259,7
JA7G0C6M6K7U,CF15T0TR0N,101260,1
IS7U3C6Z2U3D,JV44N2KL6Y,101261,50
KI4D6T6U6E4E,VT00R8DJ8N,101262,6
IX3L9O0R8J2G,YJ83R0DI8T,101263,7
TT2S7O1E3Y4J,EU94Z4JB7U,101264,3
BX0E9R9Z5S0K,NH31F4TI5P,101265,50
TX0Y8X8I8Y4P,HG14C8UT5Y,101266,6
ZR6M8F0T4U7P,AU11B5BT1Q,101267,3
WD5W6E1D2Y2A,NZ05Y8QQ5O,101268,6
RY8B6G8R5B3N,FS96U6JS6C,101269,3
DA3Y5J5U7J3H,ZA80Q3EW3D,101270,7
XL6R7E1A3Y3V,WO32X0WK4T,101271,50
VT8Z6M3T0Q5C,RB82L1HE4R,101272,7
RZ4A7R3S1U7L,VX07M6GM2B,101273,3
IB3A2D9B1V6R,XX29I8NO7Y,101274,3
HO8D6A0B3A8B,KF04O2KJ4C,101275,3
GT7O0V8H4A2C,AO06P4MG8S,101276,7
HP8X5X1V4V3R,HK17C4PL5Q,101277,3
SE1N8A9Z6S5G,VN93U9KF7T,101278,6
QM5K6F4B9T5J,QU53W6UR3S,101279,1
WJ2C8S3M4W5A,AR21Z7EQ9T,101280,1
UM7V4Z9V8H7M,OA27D6OL2O,101281,6
ZV5M6S1H1N8S,NN96C6GU9J,101282,7
AY1K4O8G9S4A,XI91J5EQ8E,101283,50
LO6Z4V4A3U7D,TT13H0NX1P,101284,6
GX8C1N5D7G3W,ZE28G8ZG7Y,101285,3
QE0F0N7J1B3G,KP43L3UM6B,101286,1
NM6S7A8J5M1X,HZ77F7DC3X,101287,50
FF6S1E2N4I4W,JD89Q7RW9C,101288,1
CX0F6F8G2T4O,GJ54O8MV3Q,101289,3
UC1G0N0C5J2G,LD08G6RK0X,101290,3
XW6S0P1F9J6Y,VO52M9RW2H,101291,3
II4Q9J2E2J2I,LX38Y2SB4Q,101292,1
VE1B8G5Q1G2H,FM54X8QT8I,101293,3
NA9Z8K1S6M6C,OU28Y9EB7J,101294,7
AI8P1V0T3H0O,WL64W2IH6E,101295,6
LZ6Q5Q0R8K8F,XB33D6XL5F,101296,3
DU2F1U6A0H4I,DS27X8ES8G,101297,1
DG3O4J2T9M8O,BD67S1LR3C,101298,1
CA2Q7N8W7R5X,RP15H8GT9H,101299,50
OK5V7H3A2P9B,QB38P7ZD9E,101300,1
UB3X2J9R1I0G,EO35J2JK4Q,101301,7
MP1I9F6T0U4I,LX85R5AP9J,101302,7
RK7L8R2I9H9Z,IH06V2FM5F,101303,1
FC7C1V0L1C4Q,BM47D7PL1V,101304,6
ZI9Q7M5F6F0B,GY38B9JL2Z,101305,3
YI9I6A5M6H1S,CG49Y3HK8Q,101306,1
OL6W4W0Z2Q6L,RF71Y3JA6B,101307,3
FM3W8P0Y0M2S,TZ90Y0OU3I,101308,50
QK9C2P0A9T5V,MH27E7CG4Y,101309,1
DX8M0Q7M4Z4I,MS20Y9FF0Z,101310,50
WV6M7O2G1B8B,NB68L4BF3W,101311,50
JF5B2Z8V2M6U,UO05E3GW6D,101312,7
VC7J5M8D2E1X,FC79Q0BG7W,101313,3
RJ8I6J2X2K6Z,RY22N1LY2V,101314,7
OA9X5K1U0G4K,VZ32T2EG3O,101315,3
LX2D6E1G7G3T,JC33I5UX4J,101316,1
OC0U8N1A6X0H,RL15Y0XV8Y,101317,1
AL0G7V4B1I8U,JM15H6CC4V,101318,1
VG1M2G8L7G9W,YD33S3BF2V,101319,3
WP9I4F7Y7J6Y,ZM15M2DP0I,101320,6
MH2D5B1E9Q7E,QY54U4RP7E,101321,50
YE6Q5Z3V1C6S,ZA06O9HA6D,101322,50
QF4S2E9I4F8C,YP42K2IF3H,101323,3
MR5V5Q1A4X9J,LW05V6KZ0U,101324,50
CR4T8M8S9B3G,YC30X9NW9M,101325,50
NM4V4V5P8Z6I,HO32S0KM1U,101326,1
OR9W0D4H7F9B,BS65D0UF2I,101327,1
SI3F7T1X4C2K,YA96T5AA5E,101328,3
PT0H5U4Z2K4R,JK59M4GQ6K,101329,50
WU1H9Y5O0O3L,OE12T3OL1T,101330,6
UX3S2A0R9H6Q,AR44D5CZ6F,101331,1
PN6W5B3Y0Z3R,YF29S5ZU6M,101332,1
IE2I1N0B0O4K,UC36A6VZ6P,101333,7
PY2A8K6L2N2O,FS31Q4AI8U,101334,7
WO6T2K5F4S7Z,MN79F5DI1P,101335,7
UC6P8X6E0N4M,TP28K2WZ3Z,101336,1
FA5W0E0C7B2K,KH91Q4MA9P,101337,7
XT6A3A8V0Y8C,PB40S2JJ8H,101338,6
QD6E9Q6Z4B3F,YM47T9IJ0F,101339,1
BC3K5I6C7V4T,AV14J0NC8O,101340,3
EU3B4R3O9K1Q,UA36N7IP6C,101341,3
FZ3A1X4I5D6C,LN67K6EA1E,101342,3
WI0N3D0B8T0V,FC70B1WP9G,101343,50
WO8Q3X6M5F7T,UL52R5CJ2V,101344,50
ZU1O2W1J5X0G,HT49T2TJ5V,101345,50
JI2W6M4U9F6S,OG53V2KR0N,101346,3
AY7Y3G9Z7X9A,KI62O3RH5Z,101347,1
BX7Q8K3M0N9U,ND25Q4WH9J,101348,1
ST8S2W6M5A9U,ZZ08M0EP2Y,101349,3
ND0Q2P6L5S4E,EX36Z8VW1I,101350,6
LL8Z3W1Z3Q8F,CE14W0TZ6O,101351,50
WO0L7D7K8J7M,FT79T0HX2O,101352,3
WF6Z5S4U8G0B,KA17R4RU3X,101353,6
RX9N6L3B6I5F,QD90S8JC3B,101354,3
SX7X5B9Y5J9E,XR29U1FR1Z,101355,1
WR5V6F3R5O9L,OP49Y5OD6O,101356,3
UQ6H7O8E2Y7C,FC24H5EG5F,101357,7
NA1U2F6I0V1C,JO89W1AE6C,101358,7
CB7N4P5T4J9J,FS91L7DB8R,101359,1
MW5M5Z0M7R3M,GK12F7TK9G,101360,1
YU6L0Y2F1F9U,PI83Q4HM0Q,101361,7
WZ4E6C8C2C0O,CG60M0KW3C,101362,6
NK7J8E8D4F3S,IQ72B4YK1E,101363,50
IP0J5J5G2E6Q,WL45J9MT9B,101364,7
BK8U5O9W7I0X,YA22U5JK2D,101365,3
TF1B1L4U7I3P,UW26C7XK3G,101366,7
QN2W6U0K8W7R,MO43W8GB5T,101367,3
OW1Y5U8L8H8V,BV30K4VC0L,101368,1
YU2E2W6E7W2S,NU24I9TJ7J,101369,7
XU5K4J6U2J0Y,QW25L4LK3X,101370,1
KA8U0O3X9W9M,ON65I2BX2V,101371,1
LM0T6C6W1U0V,IP68B6EX6M,101372,3
JH3N3V3N4V6N,QL33H4JT8T,101373,50
DT1H1X5D2F5T,DB83R5BC0U,101374,7
YX6G3N7U3F2Y,RD29L5OF2C,101375,1
AM5Y7R3L9R0J,VP14Y9WC5V,101376,1
EH9H6D7Y8E3N,UK49Y7WT1P,101377,1
CE3A6Q9A3E3X,US56L5CE0V,101378,50
RG8D7U5T1A1C,BV10G3RV5P,101379,3
SR4N9M0B7L9C,EF14E6BS3K,101380,6
VB0E3W9O3G9R,OG69E8GT6Q,101381,3
ZO9Z7Y6R0W2M,OQ95A2MS8N,101382,3
HM7N7U6O5E2B,FT79U3LT1I,101383,3
JJ0Z5R0Z8Q1A,XF21H2HL5A,101384,1
AS4T8U6Y6A0S,QU89A2PA9A,101385,3
OG1C1H6O1U8E,CQ33B7AH9U,101386,50
RL5N5V8Z4L1H,GD80S4QU3P,101387,50
EW1T1H5A8A5Y,US86Y7LR7K,101388,50
UO5Y1D0X3R4N,JD53G4AW5E,101389,7
EJ5Q8D2Y7Y5I,SO34D8DZ2X,101390,7
SV0L5P4T8U1Q,MF46U5UU6P,101391,3
RV6B2G6K1L0U,YV37T2EE5M,101392,50
LU7Q4V1Q3W6O,AB18H7ZX7T,101393,7
LQ7H3P8R8J0O,NG51V3ZM6U,101394,7
HN3P0C4M6F8A,WR04G4DF3W,101395,6
VG2E3V5X4V4F,GK42L9YV9Q,101396,6
UT5A9L1K2E0C,UC47J9GF2U,101397,6
EU7Y8A2P6L9A,LF69W7BC2I,101398,1
LI6G8I7J5H1K,ZX11H2LH1B,101399,50
QY0V2J4W5J9K,VD06N7JB2W,101400,50
JZ0L9U7B8B4U,CZ27S8OX3H,101401,6
PQ8B0B7C8E6Y,PK78Z7GF3D,101402,3
HJ0N6R7J4L3O,VX87F8IH1N,101403,7
IG4H6N0O9V6P,YG88L1SL6T,101404,1
LC4C6Y9B3R3K,YX84H3ZA5X,101405,7
YV5Q8M3S0N0D,PY83L0UM7T,101406,50
JT7J0P9Z4I9T,NQ55K8IW2M,101407,50
TC4I8F0I0J8S,UI12D3UN7P,101408,6
HS9F4B9Q1C3N,ZQ92Y3RR7G,101409,7
XW8F8A7E3G9L,UQ36S5KU3H,101410,1
WG4T4I6I2U2R,YI98N2UL0I,101411,1
UF0E6P7X6O5W,BH11U2GW4D,101412,50
EV6D0N3H3X0E,FV33R5YR8Z,101413,1
ZJ6E1I8U3R3J,LH34C2ER2C,101414,1
VY8Y8X5G2K5Z,QR45H8EA5W,101415,7
AR3U0K2Q2W0F,AI71D1TF6C,101416,1
JG6N3K3C0W5K,XA61J9OU1G,101417,6
TE9U4Q1N2M1N,TY73L4RG0W,101418,50
CG5O8D2U7M2Q,PY81Z6SQ0J,101419,1
RM5P0B1T0F2V,MF21Z1DQ3W,101420,3
XW4Z6R4O1E8Z,RB51H7BE3W,101421,3
YO2J7M8T2F5Y,LE07B5SM9E,101422,6
JL1C7B1I5G7R,FX08I0SH4M,101423,1
BM4X6B6S2R0W,ZU20K9UT0X,101424,7
LC8H7F1V0F9T,HK39J7OJ0K,101425,7
JC4U6V8E3O0E,QO96R9ER4W,101426,3
AK7O0M8D4U4Z,DK16F6QY8V,101427,7
QF0Q2G4V5D6N,LW11F2KL2P,101428,3
BK8D2K1P0D9X,YU81U6HQ2B,101429,3
TC1Z2A9R9W1H,AD46M4OV1H,101430,3
EZ9T2C5N5M2B,GN39S7CI3B,101431,6
WI7M5L4A5G6Y,DY97X0MG5Y,101432,6
DF4K6V5Z9X5W,EX17K0IN7E,101433,50
OJ1V3A7X9J1P,SW39Z1KF3K,101434,6
FQ7B8X5G0Q0L,UB66B4UP2P,101435,50
QD0O4Q2U7I9K,OT44O5GI2D,101436,50
PN2U2W3Y7T2H,HK56Q7FO8H,101437,50
YN7X1L6M8I7C,DS08T8ZM1U,101438,7
ZE6Z5A8U7Q3K,KP24U4KW3U,101439,3
JJ6K7O4Y3H9N,JN16C1EF5F,101440,3
EY3M4K1G7Y2C,AN90N7XP1S,101441,7
GG0D8V3A6F1W,XK68K3LT8J,101442,50
AV0G8V5K3W0U,EU17D6BM7P,101443,7
LS3N4K8X3A0P,TQ54X8FO9E,101444,50
NY0D4Y2U9J9R,PY51Z7GA5W,101445,3
CS5C6W4E1M3L,SW03T4VB0A,101446,7
MF2Z5N6F3M2M,VP33A7WM7V,101447,7
QP7U9J4Z6O4B,ZH07T8ZR6O,101448,7
CB3L5C9M9X3B,EL15S0SS8F,101449,6
TK5J9U9W6K0N,EL16Z8KD4T,101450,6
GR0K2G6A6C7O,PW88B4EY9M,101451,3
LN1E0I9H9T4P,PG11Z6YZ0H,101452,1
ZM4R5W5O1A7G,AR14I7LV9S,101453,3
YH4Y7R3H9J0I,UA59Z8LJ2C,101454,7
XD1J8Z2H0E0I,PZ60C5QH0A,101455,50
OG3D3W4Z3C3A,HZ47P0IR2K,101456,7
YQ1L5Y7C9E2R,TK48V6TP2Z,101457,1
EK9L0L0S4P2P,CC52W5MP4Z,101458,6
UQ9K4A5X3F8R,YQ86C5AJ2Y,101459,1
MI3Z2L8T7J0F,DJ85H8DT3T,101460,1
VU9S5X6N1A3I,AL28V9SX8M,101461,6
QW5U2V3T4Z5F,OM22S6TL0H,101462,50
YO8Q8S7M2E7Y,OL25O0EO3G,101463,6
IH3U2R7B6E2D,WC41R7YQ4O,101464,50
VJ0T8Z7C0A4E,ZW63A4VK4W,101465,1
YA8O1Y9E3N6J,MZ37P0LP5F,101466,3
AW4M7Z6A2C0P,NQ70E0PU0T,101467,3
SL9E8H8O6V2D,YE99Z1JF4C,101468,1
LC0O7K4H1H6X,AJ98S0IN3J,101469,50
YY8I4Z4L7T4X,SU09N3IG1H,101470,6
ZE5U5S5I3U5N,RX35D3AM7N,101471,50
WR4J0L8H3W2U,VM61V9QW9T,101472,6
AI9A9P2M6U4E,AD07C0VK9D,101473,1
OO2J5K8M4G0A,DR50E9DH3A,101474,50
UT0E9Q9F3T4B,UV28H9FH5E,101475,3
MI1E8O2Y5P1L,TN05I4GD4Y,101476,6
WL6H1A7P1E7C,AB50I7XG1H,101477,7
GN4G4U4S1H7R,IY20X8TY3N,101478,3
YG4U8U1D2M6A,FL07W4XC6K,101479,7
MW2Y8T3W2O9H,QO56W9RS0O,101480,6
ER8J9C1O8E4S,VC32D2GT7J,101481,6
JM2Q8I3E4K7Z,CI66C9KB5C,101482,7
WB2U4T1M4A6G,BR79V2FD6R,101483,3
YO4N0F8W9V6G,OK90I9ST7B,101484,6
TR6W5W2M6Q9C,SX92F5EK3N,101485,3
ID1S1H6J8J6O,KN42C2BK3P,101486,3
HV5T7B1B9I5N,DQ02W9AW2J,101487,50
KG4J4X3D6H7N,JA34C7IT9S,101488,3
MT3G0T2W4M4Q,HQ35M8SY4B,101489,50
ZB9T0L1M9W0Z,RM21X8HC0K,101490,7
BZ3R1D3U6A6B,QZ31I4EV6Z,101491,50
UA4I8J1K5R9M,KX12D9BM8G,101492,7
JK2Z5M7N0P2N,ZK68K4HA5R,101493,7
XT0B1R3T4B3I,BH93D2ST2W,101494,3
OJ3R9C3U4X2H,XE71D2TH8X,101495,1
IC0U9N9A4O0I,YQ53H6TR4H,101496,7
KL0N4N4Y8R6K,PH92D6BO7Q,101497,1
EP8O7X2Z8G9I,EU86T5NG0H,101498,3
JD4Y9G9O7S6E,BQ12F7XN1H,101499,50
YE5N2U6I7Z2W,IH06D4VR7C,101500,7
XU2D5N2V2P0G,FA14G8CH0S,101501,50
EH1J3J7O1Q4R,DY71W7LK8I,101502,50
DE2L1M9F2Q7C,XH55P3XG3M,101503,50
HA2N3I8O5P1J,IC90O0YO4F,101504,1
SF8T4N8F5U0Q,LR01F7UG9D,101505,50
PS3S0K0F7V5J,KG26A9WQ0P,101506,1
YV8U8F0W1I5A,MR60C2SV8X,101507,6
BZ3J1X3O4M1C,SB35O3EF4Q,101508,50
ZO0S8Y8Q4N5N,CV06K6JO1L,101509,3
DO0L1M1J2R9V,EV05G7TT9N,101510,50
HM6E4F6T5Z9O,XP45F0XL6A,101511,3
HX4P0C2Q5E2Y,FF12T0MC6G,101512,7
HK4N7Q9H9T5K,EF06Y8EL7R,101513,3
PJ2M2G6I9P2O,CB05Y7ZV8U,101514,1
YG7J0S4A3H0M,ID14V9NL4N,101515,6
XA1L7W7F2W6I,TV07S5ZY6Y,101516,50
XO4Z1D0B0F5S,US15U7MF9A,101517,3
IQ6U5B3M8M0F,BV71G8ML2Y,101518,1
NW6U0E6Z1C9S,NA56X7QL6T,101519,1
ZW1I6X6H1T7B,ON10A5IW7U,101520,7
XX4G7F5X8P4H,UF23U6GX0U,101521,7
RX4K5M3X0J7K,QU91C7KA3U,101522,50
SE0F7K2T9K9G,UV77Q5BB5B,101523,1
BT6D7R8Q3L4K,EJ93B4EW1W,101524,50
RH3P2W4G5U1G,WY45D9ND9X,101525,3
UO5C3F8I9Q9N,YK52P7ZH4B,101526,7
QD0X3H9P8I2U,ZA98S9EQ4A,101527,6
MA1Q5N9I1H6X,BR87K4BN4C,101528,1
TI6M6T8K0N9C,AO47K5YP4A,101529,50
ID6F2G3P5K5G,QH72O0NA7K,101530,50
RY1G0Q8G7C2M,MF58F3NR4I,101531,3
YM5V8W6H0D1V,WS32H7KU9E,101532,50
FL2F5B5O4R8E,AS40A3BH3N,101533,1
TR5Z1F4P4J2H,VT42E9KH4N,101534,7
FX7B5C5G8V5D,FH73B0FB8X,101535,1
RD8P1Q3G2B8U,PD33S7AC0J,101536,1
AL8O1A6A2P6B,LH53O8RT5M,101537,50
CK3V1J0R7U1Y,PY42R3HO3B,101538,50
EV3H3W1Q5V4G,SL00V0HV1B,101539,1
IA0O9Z2E0K8O,OB27P6EQ4U,101540,50
UL9L1J1U0I2A,FH55M1DX3T,101541,50
EF3Q9I9J2I3C,JR04C3FT8D,101542,3
RW6H1Z6D5D1W,UW38T2JB9R,101543,7
IL2D4H6P3Z5N,TR26P8JT9F,101544,3
CP4U1I5K2K3R,EX51S2UF5J,101545,6
EV4C4K2O8F0W,WP20Y0ID3P,101546,6
DD0Z6Y6H3B5H,JW67J8CI8P,101547,50
MK9W0N2E9C5B,QY97U5CF7P,101548,1
GD3A4C1W1J8H,TZ42R2AN3T,101549,6
KK7C2Z0O5Y5Z,UT70T7FM1F,101550,1
ZT7B9N0A5P1R,JQ41X3CP1J,101551,50
ZO8B0C7Y1S5Z,BF86D0AP6O,101552,3
WD0K0M2N6U6O,ZQ17B3FP0Z,101553,1
YB0X1M9P1F7I,CQ13J0DJ8X,101554,50
QI6Y9E8E8Y0A,AR08Z3WF8T,101555,50
BY8H3W5Z4J9H,VW37E7IZ0F,101556,50
YZ6A8I3I0M5S,JM75V9LH6L,101557,50
DL8Z5U3F3S0A,GF49T3KN0P,101558,7
IF8M1B4F1J8T,AU97U8WV8Z,101559,6
HV3P5B2F4B7V,WU20K3PA0K,101560,1
SG9F2X9Q9O5R,LZ22H7OW2H,101561,1
QH9Y7W2L3B0W,YQ52U2TD1X,101562,1
YS3D1W0E0Q4X,DM66Q5YU9I,101563,1
MK6V9X5N0T7B,UV29I2GM8W,101564,3
ZA2U3P1W2P4P,DU28W4JM8P,101565,50
UJ6T0N5Y5X2S,JG60M9RE7I,101566,50
GJ6V2T0Y0V6Z,VV00A2ON2Q,101567,1
RH4P0D4W1I8Q,AC09V6AG7C,101568,7
JN6W7Z1F1X9A,QI61D2CS5N,101569,7
ZD8L8W2D5Q1P,SA85Q5YH7I,101570,6
NH4X8Z4G6N7C,ZG52U1OT7Y,101571,50
DR6Z2M7N8J7W,WA86A0EW3A,101572,7
HC5Y7O9L2V3K,OS13Z0IY5T,101573,3
FH4T6W3I9Q2M,EL11S7HW6P,101574,3
QT0H5R8E2B4I,ZM36U1FT7W,101575,7
IW5H2I3J6J3R,QB86D4KM2D,101576,7
SA1G3F5O0K5U,TR65S6CE3E,101577,50
FE2J7F7K1X3I,JO39C4ZM5T,101578,3
WV1P7D6E4Y5V,WK09S1DT9Q,101579,50
CL8P1Q3Y6V9B,IM10W7WG2G,101580,3
MB9P2E0T0W4Y,LR54Y3DH8V,101581,50
VD0H1W5J8W6H,JW03K7RV6K,101582,6
ST0X6D2G2M4Q,DQ66D7HD4D,101583,1
TX3M1Y5P7U6M,NY67F7HI6A,101584,1
JE1C1Y4O5C6K,SN94F6RZ5L,101585,6
OH9D1L0V2L8W,OM79E1AB5P,101586,6
PX4R3K1I4O8X,MO76Y9SV0M,101587,7
AA8R6Z6A6Y8O,TY72L5SC1P,101588,7
AO3J6S9N4K7D,MR98N9PE0I,101589,3
EY8E2G2X3W2L,UR46I2SR1I,101590,1
UQ9Y4K2C2V3E,VW72W7AN1V,101591,50
KY5O5A1C2Z0W,VC63Z2WF4Y,101592,1
NZ5P1Z1K8P9A,PU48V8XT1D,101593,7
LD8E6G4Z6M2H,JV19Y4CK4O,101594,50
VR2N6J4V0P1Z,VB38X6YQ8D,101595,6
GZ1S6S1C4T4K,EX51P7LH5W,101596,1
HX7Y6Z9O1I2H,MD04L2RI3A,101597,50
QF5O3T6T3G2Z,HX78L8FH6G,101598,1
WO1S0R2P1O9C,BP12R6AV7V,101599,6
SL6F5L6F9P3R,DQ71S2HH2Z,101600,1
UE3K2E8G3B6I,TS36Z5RW6Q,101601,6
SN7Q9R5W3S6D,ZS78O6MA7N,101602,6
WV4L5G4X9V1U,AF25H5RQ4I,101603,7
ER1R0L7I8W9H,EG59N0FH4L,101604,1
ZT5Q9K9F2V1D,PN81Z4FT3N,101605,6
KJ9M8Y4V1F3S,WY44F9TA1D,101606,50
WJ0F7A3K5I0Z,DF51D7CP1R,101607,7
FD5U3R4N1P0G,VQ84E7XU1L,101608,1
ZU5W1L8V9W0Y,TV86M8PS9N,101609,1
OC3D2X3N6Z8F,WS42M1DN4E,101610,1
GG7L9Q5G5M4B,LG25R0OE3D,101611,6
KO4S1Z7R8V6M,PF53F1RN4S,101612,1
SO2I7O3D5J7L,WA75R2SS0D,101613,3
BK4Q0R7C5K1X,ES02X4XI9I,101614,6
IO8N3F5P4M5V,WI07M2OX8T,101615,7
WU7Y2M4H0U2K,HL12J0NB1M,101616,3
CA7I3I0I5O6U,DB82P2PA4H,101617,3
OH9O8N3M3G3C,QQ20Q4LX0N,101618,3
XD0E1A3W8T4H,YA47O0FB5P,101619,7
LH8A4M3D7M3I,SG18R7HA8O,101620,6
UW7E5T2L8K4R,QR26C0CW7M,101621,1
RD8Q1J1O3P9G,ZF29T0LP7Z,101622,7
UG1G5P6H4Y2X,ND53X6RO2C,101623,1
ZE2J2Q7G3N6O,KK96R9ER4B,101624,6
NN5Q4Z0Z4Q3H,VW79I9VY0R,101625,3
GK6U7B1F7H3W,TR99Z0QK2E,101626,50
LK4N4Q1P4N6L,KL54A5YA2A,101627,6
BG8I3D4J8S8F,NZ36O6FS1G,101628,7
XC0E9U5G7U4S,BU87P6EN0T,101629,50
XD9F6O8A7B5X,ES44B9TG6F,101630,3
RB7Z0Z9A1S6Y,DE44P7VD3U,101631,7
AN8P4P8I0B2V,CN87K3JF6S,101632,3
QS0S5D4I4Y4O,KJ59E0AP2H,101633,7
SR2Z7C6Q8X3I,HJ63I2MO6B,101634,50
CG3I6R4H1V1I,AR73L5HE3C,101635,1
BF5P2B4V8D0V,WQ23Q9HB5K,101636,50
AY1X8M0C0N0K,UJ86P1JW9D,101637,3
IC5N9I7B2M6T,VI10G3TK8B,101638,3
NZ9P3I9V7X3N,RU01O4DC9A,101639,7
QJ1H9D0G0X8T,OW33Y7NU5L,101640,50
UA2E7C9V9G6Q,GL99S7LA3Z,101641,1
ZZ9X6Q5M9Q3W,IJ46A5KW2J,101642,50
BH0C6E7W2B4Z,BO21A9BG0K,101643,3
OO7Z1Q9R7H5Q,DW42T1BL8X,101644,50
HN2M9D0H6Y1K,KS42P4XF0O,101645,50
KF5B8E6B4U6I,IV60Z8KY6S,101646,50
QZ4G9H3O7L2W,XF70F1JE1I,101647,3
LH0M1R9E0I8N,ES03F7RV8Z,101648,1
KW5V6R1J0K6Q,EV19X0WZ8A,101649,3
RV4I0P1P9B6E,VY36U4AA2W,101650,50
YS0W7F5H4H5G,BA39X6JM9Z,101651,50
FR7Y5D1K0L8G,ZE53D0PG6W,101652,6
NE1I0Y7V5J3B,GX29A5OE2U,101653,7
PL6K6A4M3R5F,YT93G4MW4V,101654,50
DV0T9Y4P8O7V,AG41Z7ZX2U,101655,1
JR4I5H4I4M0O,VC67H7NL9X,101656,3
IF1I7Q5F5L0D,HQ62B5NZ1H,101657,6
LJ9P8B3S5G9K,OH87I9PK4W,101658,3
YA1E2N9F8C5H,WI60O7FR5C,101659,50
FA4E0P9P6O9R,WN75S2OX7U,101660,3
MH7V0G3G1R2I,NH53D0MU6X,101661,3
BB1V2L0B6F8U,HF66O6PU7F,101662,7
JC5Y5V8L8E9O,HQ86S7KK7X,101663,3
OJ5S3E4X5H2Q,BX54D2UM7S,101664,7
DM5Y2W2H6S2I,RQ64Z8JS1R,101665,7
JD3A4H8L4V7L,UN64V0HE4H,101666,50
FZ1J2D4O7V3K,ZO86U2TX9W,101667,1
CX7X5L4G2Z5S,VM14Z5HI1A,101668,1
JI7W8M4D9Q9X,KC64A9UI0A,101669,3
QB6S1N7V5Z1M,IE29Q7GM4O,101670,1
VU1G9F9D8S2O,WE07N3IX5V,101671,3
QS3T2N7D1J3L,EQ31P2DN6E,101672,6
CV8N6U3K7U4L,PN33F0PK4N,101673,7
WM0H3Y1I2Q3V,PA31J2CD4V,101674,50
CB6R6K9O2N9X,WI08V6OI1U,101675,1
PT4C0P6L6Y0I,DK44L7MY8M,101676,1
GG1Q8D9C4K6C,QV99K8AG5W,101677,6
LR4N1K6D0D1L,DN05O3QH2L,101678,3
UO3X4M6T5O9E,UX49T9CK0Z,101679,3
HD9K4Q8Y0A6P,KZ27Q0MV3J,101680,7
CH9C7C0I5L3U,TW56Y7OV6D,101681,3
UC6T2S6K4O1V,OS97Y9QR3D,101682,50
DO6G0M1E5I9F,IV84C1ZN5O,101683,7
XU9G1W7X1U1W,VD86K0QS1E,101684,1
UQ8R9O3B6U0E,PC27Y7UQ7J,101685,50
EB6Q0C9I1F5K,SA50C7OE8Z,101686,3
QQ9C7N2B0W9Q,RN79G0SF6M,101687,7
YJ8T7G9L6J0N,LZ41C7UP7X,101688,1
VC4R1C8T1C4F,ID22X9CP6X,101689,6
MI2W9Q5S3I1L,UV88J9WY9E,101690,3
YR5P6P5G3B3Q,WR53L1GK9E,101691,3
VV3C3R0G5E6S,II92H1DK7D,101692,3
LX3C7Q3C1L3Y,OI81A9LN8I,101693,6
WU8V6E3P9G8K,WB57M2AH8V,101694,3
IM7Z6F2Y0U8J,KS52X7PH9V,101695,3
EL6I1S2G1Q9J,SW93H1PP0U,101696,6
EW3D2L3U3Z8F,LE71A0QU3R,101697,1
TY4T9L5J0E6I,SB37F5TO8T,101698,1
KU5J4E5W8Q0H,JQ00F5QQ6T,101699,1
ZD4Y7B7P3B8W,VX56R2XX5L,101700,50
TO9E1D4D4I5X,EU18W8SS4U,101701,7
FM0Y7O7N4H2G,GB00M0OD4H,101702,50
RU8Y1Q5M7X7G,PT72V9QH1R,101703,3
CE9A8C0Z0D8B,IX92W5WM0H,101704,1
RB9N5I5Y7K6D,WX51C5YO3N,101705,7
QL1J0V1Z5E2G,JU52D7MF3P,101706,6
BL6W4R6J8G1Q,BZ50P4CA9D,101707,7
NT5T0D4O9Z5I,NI58I9RM9Y,101708,6
GH0A2P2V1H4J,GA40O0NB2O,101709,3
UD0X2Z6W9W2J,BH59I1QE3G,101710,50
SC6A3X9W5L0E,DA01W2GY2R,101711,3
VY8I2C4Z7M1F,YB74R8VJ0L,101712,50
YV8H0Y7U8Z3J,CE08Y3II7H,101713,1
UD5L2W9T7B0E,TG24Q7IE3E,101714,50
NU9V8S5B5W9R,IW12Q2GW5A,101715,7
AS6W1T7A3Q8T,DY47D0VW5Z,101716,3
YA0B0N4Z9A6J,LA37A9DP0E,101717,50
PR3D6O3G8H2H,CH51X6FU8N,101718,7
LW2C9O6O9J4T,BQ04E8AP3M,101719,6
WX6J1S8H1W9M,SK46R3GE1X,101720,6
PH8Z2D8Y3M7B,FR84Q6ZP9O,101721,3
GX5L6O6N1Z5S,BZ41B7TR4U,101722,1
UL6U9J3X9P1K,MU75E8ZD7T,101723,50
NY6I3D0Q7N7M,XT72K3BA3X,101724,50
TN3I1Z3W7X7P,JL11R2DY1P,101725,1
LK1G3L8H1Z2R,YJ54S5GS3C,101726,7
BT0Q0S4C1A8U,MS66L5PA8U,101727,3
FO3W4N3K6A9N,BI23G4DC4A,101728,1
JZ0F3S3I5J2R,GR08I0AM7J,101729,1
MG2Q7O4H9A2K,JH79J1MM7P,101730,3
HJ8U4M0M2R3J,ZJ06T9YD9P,101731,50
NL8E5A7X4V4Y,GW43L4SM2I,101732,6
CM9I8D2S7W5I,GD67N0JG9L,101733,6
JU8Q2Q9O0L2Y,LG80E6SI1S,101734,3
GS4E8E6V1N5I,WD55G7OE7M,101735,1
TD6Q6L1A4O7S,LS10T5LJ1U,101736,1
HW9C8J4J3X2M,PV87K4AA5O,101737,3
EP4N1E9J3W3U,SS41R9LL4B,101738,1
KR1F1H5D5Z9B,JB71L6WW2Q,101739,50
TR7Q0S4O2N8I,PN73M3MG1O,101740,6
MN9Q7Q9R5I1L,WK14X0ZX6A,101741,7
ZE3J6C2E9F8M,PU95L2ZC9O,101742,3
TT0P9Y8A0L1Z,BW32F7BC3S,101743,1
XJ0M0M5J8Y6O,OB21D8XG9S,101744,7
HH4Y5V5C4K0I,FD62S3UX8P,101745,6
TW9W3B6S6C9P,CW61N6WS0B,101746,3
ZG2B2S1J1H5F,OW06P9VU5N,101747,7
LO7B1O2Z6N8I,VE89B5XW7Q,101748,6
YL1V5E0D2T2G,QR26S8NB8I,101749,1
CG9X4C5B5M7Q,AO22P9SO9I,101750,7
BM9P6K3D4P2J,KK85T4ZG3R,101751,7
OL3Y3W8O2G7O,NI54J5AE2F,101752,6
AT6C2X5G8Y8Y,GM79C6IH4P,101753,3
EW1L7C7L9E0O,CQ95Y5HH1M,101754,50
QE5L3A0L9B1L,LC47H7IH3V,101755,1
PL0K0K7V8N9A,EO45S5ES3Z,101756,6
YC8Y4Y6G1V6M,MG93E2WK3F,101757,6
GQ3K4W8Q2L7G,DA81G0YV4I,101758,50
EQ4D9O9D5X3Y,HK21W8QK1U,101759,1
UQ8I6J8Z8Q0S,HR30X1JG3T,101760,50
OA1O8B8X5C7O,SS58U7JD7D,101761,3
FL9M6V2H7H4H,TF46Q8OD7I,101762,6
EQ5S8F4U6Z9V,AB37I4OH7F,101763,1
OS2E2W0I3V3X,GC44X0TV1F,101764,3
ML2R9W3I0F8V,AV73I3RR4X,101765,7
IT4M7F7T4B0O,ST74J9FP5E,101766,6
AI1B8Z1W6L5L,PJ90C0WB0D,101767,6
XH7B2A0Q4M7Y,XB34I0OD0W,101768,1
TP4F8W8O6Q9D,RI31V2US3A,101769,6
BI2X3Q5I6J9Y,PG50F2KW3K,101770,3
FL6B5U9P4C3F,ND35Q6DG0N,101771,3
KX2I9G5V7K9Q,YX00K4YV8H,101772,50
DE9E9I6D4S0K,NI64V3BU5B,101773,3
CV9P6I8R6O8U,WH69R6FZ4U,101774,50
PO9X7M0W3N6T,YM97E4MI2U,101775,1
XN2I5S9V0H8V,FH27D0KA6I,101776,7
UI7Q6O9D4Q7H,HH22K3OB8Y,101777,6
KB3G7K7P5S1J,HH12D7AX7I,101778,1
DI3D6H8V5X4D,XM78Y2FB7R,101779,50
BM7G0Z1S1G2U,OK98W8IH2I,101780,50
ET3C1A1I9S2G,BE29U1AY8J,101781,6
YO2U3L3Y4U6Z,UL07D3GE6O,101782,3
OI8V2O6A4I1J,DE80Q5TX5S,101783,3
EO6A7V4J5S6Y,KG44R3DZ8V,101784,6
BB1R7B4N0J7P,QR25N7BS4O,101785,3
GH8D9C3O3V2B,GZ17N7NR3E,101786,50
PW5P8W1L2A6E,YL13E2BU6I,101787,50
FA2M2A5J1Y3T,EN31E5BX1O,101788,50
JL6M3G8F6B3U,EB50R1BI1G,101789,7
UX0E9A1W0A6F,FY62V3IN4C,101790,1
BT9R8V5S3G5F,SL91O9FP0V,101791,3
RX4X5W3W0L8U,MV41D3RS7X,101792,7
HB0V8N3R2Y3Q,CB55S4FQ9P,101793,6
LY5K3B6L7G3E,DC74H3JG5S,101794,6
ZC7A6J6T7P2Z,UG91A2EJ7O,101795,50
DF1J2S4S9K2H,PV66K4OF5U,101796,50
VE1D9V3V9X2O,PN33S4XM2E,101797,1
QW1G2H4P6X1X,OS57O8UT7L,101798,1
QX2I2S6I4T3I,VJ73D1TF7A,101799,6
VT6Y9V8C5X8O,NN62H0IQ8P,101800,7
LP3M7I6J4X8E,KS37F5NU3K,101801,3
WX3K6B2P4Y8Q,ME51B0XR5R,101802,7
PN1Y2A2X4G2C,BS03S7EA0M,101803,3
EF0N8G1S9J4A,RN01Z2ZQ6T,101804,50
PP9C6N0C2H3O,NF66O4UE3N,101805,6
NG7Q1E9V1M1J,FF86X7EE1U,101806,7
TK1T3G5D2Q5C,KN83J2ZM2X,101807,6
ZM7U9T7V2G3Q,VX77X7PV0J,101808,7
DZ7X4N6H1G1J,WN30B8QA6J,101809,50
XH2M3J3I1S9G,BD65N2XJ6W,101810,50
TC8F3D2L8B2J,RV23I8QT9K,101811,1
HY9U7C4Q6S3T,ED45G5DQ2R,101812,1
ZT5W9S3N5K1L,PJ08Z8UK4L,101813,1
BY5X0I8C9L7F,XH72T8MZ6E,101814,6
FK9A6Y6R6Y8S,HH27N8WJ0O,101815,3
HK6U1Y7B4F7R,JE24C2MG2N,101816,50
GM5M6Z1H9S6N,WH68T1GN0E,101817,50
AI9N7L9U8C4V,UA97A1KG6E,101818,1
RZ3I9C1E4I0S,YD70H2BM6O,101819,6
FB5Y2R2Z7F1U,HT53H2OD8Q,101820,3
RV0J2S7N2H0E,DS44R9BC3D,101821,3
BF5C2K6L0T7W,NQ49X6LO0V,101822,1
GV4Z0W7Y8G2G,SD61M0RT1T,101823,1
EN3Q0Y1C2N6L,RZ97Q0KU8D,101824,3
BU0E8K4R8B4W,TZ74U2HD5N,101825,7
UO7W9Y4X3R5M,BA80R3JH8S,101826,3
AW7D7V1U0T2H,JQ84Y2VR0Y,101827,50
BC7C7H1T8G6X,RN50M8VF7C,101828,6
IO6L2S7N8H3V,NT12E5RM0J,101829,1
OH2D7Z2E1G6X,VW49X6OV1U,101830,1
ZE9J6R8Q7E1J,LC93V5JT4L,101831,1
NG2Q1U5N7U8N,SZ12P9VH1M,101832,50
AA8L2Z7A8R9T,FS50B7VQ4H,101833,3
HD2M9F5L1X5H,UT71C1QR4Z,101834,1
LF2T2X6K5F9I,FJ61W4SH7J,101835,50
KN4X8Z2N0Z7X,SI84F1SC9Z,101836,7
LF0G9E4S1G6G,EZ29U6GQ1Q,101837,1
KJ4T0F2U5S6Y,SZ15V0CL7B,101838,6
JN8Z2U5Y3H7S,FN88W6ZT9T,101839,1
AG8W3G8N6L5Y,HY58A2ZR8L,101840,7
SH9T2L8S0P4S,EA03Y7BQ8L,101841,3
WZ7P6P2B4Y3A,EH65C6BK8I,101842,6
FO9K7E6Q0M2G,QJ76Q6AI7Q,101843,7
IB9L9V4D7E0J,XS67O5GD6T,101844,6
PK7C2A1J1I7I,WK06Q2QW2U,101845,7
XM5Z7T4H8W5C,XY22G8BV1C,101846,6
CA7A7S2Y5B1U,GK21J8PZ9N,101847,7
LC0B7X4E7R8S,PC72Q2GI0E,101848,1
PM8I1E6J3F6D,YC88O8NF8A,101849,1
SH1E1Q1J5N3K,KL31C6PB2G,101850,6
ZT2X2S4I5G7Q,DX77Q7DB4L,101851,7
TL9H4I8F1B7K,YD82H5WW3O,101852,3
FN6U9Y6B9N2B,FS16X2FU2J,101853,7
AO8C8J9A7N4O,QJ51S9AN4K,101854,1
WR9L0M8R5V9K,WM98D5VT7V,101855,6
OF0Y1C1A7I0K,KQ07M5JW5Q,101856,3
DS6B5H7E3M2Q,BB63T4VC1X,101857,1
QO8S9M5S4H8C,ER88W2FX5Y,101858,50
ZG1W5T1E6T5N,ZO47W2TL6I,101859,6
MG4U7X5R3N6L,KA62G1PD9W,101860,6
OJ4D7J3H7P6R,YL25Q7IE7J,101861,6
CO9Y6S9R4W9J,QH21D4CB0Y,101862,6
IB7U4X9S2H3C,KN92Y3OG6D,101863,7
AN8W8I0H3W7D,YD54W2PD2E,101864,6
ZO0Z4L8U3D6Z,WR24C2FK4Z,101865,1
VA7C2N9B8D9G,CT14T7PE9R,101866,7
FQ2Y5F7W8K0S,HP34P4IZ4R,101867,7
CT4N7K1F1M6C,WX68M2PJ7G,101868,7
UQ6U9J9P8G7E,KL95Z3WC3Z,101869,1
UA7W4R9N9X6Z,LB02Z6IW6D,101870,3
ZS0V3X6I5F6P,XI05X5XH4F,101871,50
BD1P2A3C1D5U,BG36E8VZ6P,101872,1
QC1A6M2K3K7L,XA27B0MO2J,101873,1
RN7I0H1X4Y8E,IM22H2RF2F,101874,6
VL2S7H8H0V2M,RP15U7LY8S,101875,6
MW0F8M7Y5C0A,EB76J3FI6J,101876,6
QG5L0O3Z2I5C,YL49R8JU3A,101877,6
KO5F9S0J0J0Q,WR46D2SD4X,101878,50
NC2I7S4J2K3D,CH22K9MX4W,101879,3
UV2X4V9W5V3D,HR82Q0JD2E,101880,7
DA7D1G0J5H8W,CW63M5AV3W,101881,1
IX5K8S7O6Y7X,WF34N6BU4Y,101882,6
KJ8J8Q5Q1S0G,TN49F4YH9H,101883,3
EE6W9R7W5J6N,XQ96Z2BH1O,101884,3
JG6K7Z7Z9O6M,MI88T1YY8L,101885,7
QN4H8I9Q6W1Q,EX30E8AF8O,101886,6
JO5A9M7N9N4K,TE91L4LH4X,101887,1
YR1Q1M1R2Y3K,GH17O1PL9V,101888,6
IU9U9R9W5B0B,LH92T7UK1X,101889,1
HU3Q3F1Y0E1H,TT93W8IM3B,101890,7
SY6J3V6D1U8Q,JW10Z3WZ2R,101891,1
EH7M0B0U3R5H,PI26K7ZH4X,101892,7
QT8S1J6F7E1Z,DI96G9DS5Z,101893,1
EB1E8R4C7S9S,UH04I7MO8G,101894,50
ZU6R9E9B2I5N,HD75L4JG7T,101895,50
BD2M3K3R4F0L,IO41N3BU9L,101896,6
JJ1Y7N9X2H3D,NB22P5US5I,101897,1
LY2P8D6K5O0K,AP89Y6CD2K,101898,7
RK5F0S6Z8B6E,XC02I4WY1T,101899,50
AM9H0X2L2H4U,YI89S6ZZ6N,101900,1
VX9V7F4J3Q1Z,GR36V3MS5Z,101901,50
KH6U9W5C7L5N,YY99Y8EI0C,101902,6
OZ0K4V5V1R2B,EM13Z9UL3L,101903,7
HO8X2B3W2V0I,QO82E8NO8P,101904,7
YR4C1D3L9V2E,EC61Y0IO5R,101905,7
KH2Q5V1P0E0U,DT74Z5QQ9P,101906,3
BU1D2A6E6N8J,IW66Y0TO4Z,101907,7
HV8C7K8Y7S9B,LD18C0QB1F,101908,1
XX7D1W3I7B0M,JZ88E3YO4B,101909,6
TS6X5M1N0Z2M,XP92Y7TS9V,101910,7
QP3A4F0B6V8A,YK51M3UC3U,101911,50
OZ5G5J6Q9R6M,QZ39X1AZ0U,101912,3
ZO8V3R5D2S0L,FS72L4ZM4B,101913,3
TX8H9L0L9V3O,MG25W3QB5Z,101914,3
MS2J3V2O1N5T,GH31I4PF3T,101915,3
PY6A4X8V8A4H,JV24T7FN5V,101916,3
NV2Y9Q2Z3K2A,EQ49U6TQ8C,101917,1
CA3T4Y8X1Z0R,JL48L2SR4R,101918,1
FG1J8E3K0K3I,UT07B7WX3J,101919,1
CZ5H4H4N0B0A,TQ02H8DH9P,101920,7
YH2H5A8U4D5J,AR11B9AE9Y,101921,1
AS8T9C5N0F3D,HD09W4ZX5K,101922,7
NE1X7V3J9P7Z,CN23I4RM6N,101923,1
QG5V2E1T5N2Q,FM82O6YT2C,101924,3
ZD2E0F7Z4Q8N,ZX99Y4YA9L,101925,3
SQ1N1U1B5U2O,SG28S2HY2T,101926,3
AF9V9D4J6W4M,QY00R9XW2V,101927,1
ZF4A0D6P7I2N,QV30R8PS1Q,101928,6
BG0Q6Y2M2G3P,ST59N7VO1N,101929,3
MD6Y8A2I0K4D,PL89Y8WQ4Z,101930,7
BC1G8U3K2U9K,ZQ15V7DA6C,101931,1
YD0T1O4C2R5D,NP69I3FH0L,101932,50
YX6A5Y3N0V7M,AV70K1GD5C,101933,7
CQ4A1R1X4G9U,HS69A7KA0U,101934,50
XR4M6W2Y5U5C,NV77H3CN0V,101935,50
JK5V3M1R4U6A,RY23T2IS7P,101936,50
RN5D5P4L8Y9L,KG46B6BV6P,101937,1
PS4R7W4H2K5H,BI63A3XR9N,101938,6
ZA8W8G9Y0H9O,RN16N8GQ6H,101939,3
TB3R9V6B8S8X,UJ91B9NE5W,101940,50
NG4Q5H5H0C4H,VL79I1EP6F,101941,7
MR3L3G6I2C6Q,FY96D5QO8P,101942,6
ZH2S7F7X2H6T,MU27E6VU0C,101943,3
KV4O4L5L1Q8D,PY35R0MP2X,101944,3
HV7K6B4Q6G9S,CF76D1BR4A,101945,50
KP5Y8R2G0Z8R,YY23N1VI4G,101946,3
JX5Z4F8Q4V0G,BU17Z4UJ0R,101947,6
RF0H5E7D8J5T,QJ60F6UD7A,101948,3
SD7W2L6D2D3L,JQ21J8IE3G,101949,50
GZ5F0J5C3N4I,TT11V4TF2R,101950,6
ZU8T1O7M7Y3Q,FM37A4PH5Z,101951,1
QR3G8E6O8Y2T,NW80H4SQ5Q,101952,50
IK9B1U6S1X2C,KC51W7BA3S,101953,50
EW0Z7O9Y9A3A,HZ32N5PP1B,101954,3
FO6P0K8U6W4Q,SV07F0WZ6J,101955,7
EN7P6Z0Y7R1O,AJ76F9VG1Z,101956,6
VG8A3V4N2H5Q,ZU08Z2NA6M,101957,7
ZQ5Y5C6M0O6N,JG83G6ZX6U,101958,7
RN9X1Q3U1P1A,WI47C3UT7K,101959,6
NS3B8A6P5W5W,ZJ07S7HV5G,101960,50
YB9C4G4S3Q5T,HD10Y3JA8F,101961,1
QH4E3R9F1A0L,QC58F7EF0B,101962,6
QL5Q5F5E3U2M,LK21N0GN4H,101963,6
SN1Q8D3Y9C0E,EG07T9MP4N,101964,50
IQ0N5R0S6C3S,QQ42W0PT7E,101965,6
YN4P5O6F0G8Z,AU62Q7DZ4D,101966,1
ST3I2J6Y1D7E,HS99K6AP9O,101967,50
FQ9B2H4Q9P3U,BI42C2AD5I,101968,1
VO2E7P6D1V8V,CE98Q9KO3R,101969,50
ZT1W9C9F4M5P,PF24Q4BF5H,101970,1
QI4N9C6A7X1S,JZ76G9NS4U,101971,1
SF1E0Q3U5I8H,DV88O7ZM9E,101972,7
UL1Y8Q5R8P6X,HS17T7SC0U,101973,50
WE5T5O7M2S2U,NT66B6ZC2C,101974,3
TV8V1E6Y7Q7Q,GW43I2ZP1G,101975,50
JG8B0D9O2G1L,DA49D8VG4Q,101976,7
KI9U4H3X2C5J,JO66Z5QJ9X,101977,50
KB5T6F6Q0S2E,HE58C8JD6J,101978,50
YA4J1R7E9N0L,ME75E4UH5L,101979,50
NJ9R1F5P6I9Y,DM18W7VU8H,101980,50
ZK4T2E2I7C2X,HU53F9PU5M,101981,6
IV8H1X0G9X7X,LL64I4JM3E,101982,50
QH8L2G4B2W8H,EW69J1EE0B,101983,3
YZ8N8C8Y7G6I,VO71X7VY7J,101984,7
QG2D3C9U9N0W,LH78C2WD5N,101985,50
YP4C3M7F3J2S,UR86H4JW0A,101986,3
UJ8X5B9K9Z8H,TU23I4AD3W,101987,50
PP8K4C2X8Y1R,VP48E8QB9J,101988,1
YR3W8L6H8P7A,TF34C3IX3Y,101989,50
QT7K0U7D7Q7A,ET78X5KB8F,101990,1
MV3W5A0S0V9S,XV29J2QH0U,101991,3
JI6Q2G5Z9B3F,DJ42E2YY7G,101992,1
HZ4W6X2B0K0F,WU14P6OE0J,101993,6
IA7T4R1F2I2V,MG85Q6WE4C,101994,50
EU0S6J2G3D1A,RC51G7IQ8V,101995,50
OG9X9C7N2T8K,KM57F6GD0Y,101996,6
AG9C6B0F9B2Q,SB04N1QA3D,101997,6
NR2A7A9Q5N4O,FY47A8EX5O,101998,3
XA7S8H8N8S5W,CA53V6GZ3J,101999,7
