Cart_Id,Customer_ID,Created_At
HK32U8VH6Q,CUST046657,2025-01-17
BH33I6SV1W,CUST369743,2025-01-10
HB36I9RL1Q,CUST513148,2024-03-30
SU26K4GR4V,CUST492086,2025-06-22
QK73A5FI6U,CUST643477,2025-02-20
GE73G1TE9T,CUST075864,2025-05-25
DO52F2EK6D,CUST128049,2024-03-31
OA89Z7AY4V,CUST333991,2025-01-08
VN49P8PK4W,CUST677441,2024-08-21
QZ92Q2OB8P,CUST233932,2025-06-09
ZE56E1MO7N,CUST391699,2024-05-07
OL97J0TQ2H,CUST995272,2024-12-06
PS70V8ZL7S,CUST939706,2024-07-14
VP45P2DD0S,CUST817952,2024-03-23
SX45N9KV9X,CUST338183,2024-10-03
EZ29U8UT0E,CUST004050,2025-05-30
DY96G4FK8T,CUST356523,2024-08-11
VN87U8PV1J,CUST552648,2024-11-06
NG39T9JN0W,CUST493528,2024-02-08
YD49K2GB8M,CUST964034,2023-08-01
AW82R0DA5T,CUST002660,2023-11-25
QS17I0IR2T,CUST657240,2025-05-18
XX80B5EO3I,CUST684833,2024-02-03
HA84I9ZB6F,CUST651624,2024-02-20
FJ92V1SN1M,CUST365687,2024-10-19
XI05K7UT1M,CUST757676,2023-11-22
PJ57B9PM3C,CUST759366,2024-12-04
OO33T1IZ9I,CUST555018,2024-03-27
AC34X2NO7Z,CUST783169,2024-09-19
SY41P6VP0X,CUST065535,2024-12-07
MK29O6OD8H,CUST251420,2023-08-31
ZP11S6UK8F,CUST929159,2024-10-05
VF92E7ED3Z,CUST188632,2025-03-30
GU81W0PY0H,CUST215598,2023-10-31
ZJ04Q7SK7N,CUST584723,2024-12-31
TE08U5WI9K,CUST045016,2024-06-17
ZJ39L8VH5P,CUST186057,2025-03-31
KE16Y5UB9X,CUST095874,2024-03-14
PY64V6SQ9U,CUST532498,2023-08-22
YA10J3DT2V,CUST132364,2023-09-12
RF04M1LG1X,CUST803094,2025-04-29
WU63G4XK3Q,CUST115503,2024-06-22
NI32U9GM4W,CUST933458,2023-09-22
AR42R2JF9E,CUST495719,2024-10-03
BL10J2ZZ9T,CUST530573,2024-10-10
ZR40A3YZ8C,CUST397947,2024-10-01
AU14J7LN4S,CUST989493,2024-07-18
UI36K4JP0R,CUST388058,2025-05-02
RF01H1FN6Q,CUST343503,2024-06-25
YA66J0KF4F,CUST608768,2024-11-22
CV46V5FT9Z,CUST017086,2024-02-18
DY90R4LG8C,CUST716782,2024-07-16
IH59G9SF4R,CUST263290,2025-06-03
KC24E0PE8L,CUST718136,2024-05-14
YC25L1GD3S,CUST992106,2023-07-24
DP24M0TY4X,CUST478558,2023-11-14
DO91F8LZ8A,CUST323961,2024-09-29
RR33R3FI6I,CUST188191,2024-09-14
MF45P2UJ4F,CUST907944,2024-07-07
EM28C3XD3G,CUST454927,2024-07-29
TM12J1CK7E,CUST967234,2025-06-18
ZM44Y5EV3T,CUST070710,2025-02-22
XC66R4MY4H,CUST357307,2024-10-23
TD75I9SV8D,CUST572734,2024-02-15
NS01D5AK1D,CUST168069,2024-07-12
NT49I2DA3E,CUST360427,2023-11-04
BT17U2XM9O,CUST667670,2023-07-17
IA78F3NW4C,CUST376939,2024-02-04
GP69V0GU9M,CUST069569,2024-11-19
MW93I7ZE5F,CUST214593,2023-11-13
SP46N8GW5E,CUST922217,2024-10-11
BB75E7TZ0S,CUST775092,2024-04-21
CT23G4AE7Y,CUST043911,2024-06-23
IC10L8HW2K,CUST302717,2025-05-18
SQ13X6KH0G,CUST651823,2024-05-06
MK86S3ER9E,CUST714158,2025-03-16
YN28C2MV2F,CUST526754,2023-09-21
PY35O3EK5Z,CUST697866,2024-07-06
EC41B0JX3W,CUST909609,2024-02-26
PO56X4EJ7Y,CUST718256,2023-09-23
ZA60H8ND3A,CUST617974,2023-09-08
NG30A6TA3B,CUST772003,2025-06-12
NE20N8AC3M,CUST007841,2024-12-06
HB12W1BX7T,CUST514652,2025-04-09
IG32O9QG0A,CUST590390,2024-02-06
RQ38M2RZ7Q,CUST209827,2024-01-10
PL78L7QX6K,CUST279695,2025-05-27
HA88W0KF7V,CUST810999,2023-08-03
SJ99B2UW5Y,CUST766514,2024-11-16
JV58M0NA5F,CUST430950,2023-08-26
LR82C4KY1W,CUST866896,2024-04-29
SP94P7YR4Q,CUST362407,2023-07-28
FR07Z1DH6K,CUST244633,2023-10-27
QH70N8LP8E,CUST883223,2025-02-27
AZ34M9AN4N,CUST014250,2024-05-20
GP41T6QO3Z,CUST669437,2024-06-25
SE64T5ZC3C,CUST400674,2024-02-28
YS27K8AB7J,CUST734453,2024-03-27
KN15T6KF0Y,CUST865412,2024-01-04
BI19K8QC3U,CUST783367,2025-04-22
MQ03Q8BE1M,CUST006730,2025-02-16
IL77J5DK7I,CUST541542,2023-11-16
FZ01C0JI1X,CUST608485,2024-08-02
WI27V5UI3I,CUST375071,2024-02-06
MD08V9DT9W,CUST272117,2025-06-13
BW46K6GU2D,CUST388151,2024-04-20
CP11X8GN5O,CUST917168,2024-09-02
IU84K1YH2G,CUST276609,2025-03-04
RR00A5YT1R,CUST697903,2023-09-23
CO59M1NA9Y,CUST774701,2023-09-19
UY87L7YM7M,CUST716950,2025-04-08
PM58V3NX6M,CUST709296,2024-10-31
BS38H7VQ1D,CUST453860,2023-09-25
EG73V1AN8N,CUST577856,2024-06-18
AJ48A1VR5V,CUST725103,2024-02-01
NJ93J2JZ9E,CUST995971,2023-09-19
PI39T3QK9R,CUST087232,2024-11-01
AP57K9QA6O,CUST728785,2024-06-07
PO06A9FK6N,CUST332364,2024-02-21
GF30M8GT6H,CUST637817,2025-01-30
GF56V1RK5T,CUST650551,2023-08-03
RS75X5LD3F,CUST272270,2025-01-17
ZJ80M8BG0W,CUST393171,2023-07-16
IY34M2MD4K,CUST669104,2024-08-03
DY28D5RY8Z,CUST367112,2025-01-15
XI56W2BJ9S,CUST479888,2024-01-30
DP73H9KC4K,CUST212356,2025-04-01
IU86H8SZ8S,CUST999105,2024-12-10
LJ10U0CT4G,CUST317219,2025-02-15
CD95M5GH8I,CUST133389,2025-02-27
VQ13I3YI4P,CUST328534,2023-09-06
DH49J9JU8Z,CUST321307,2025-03-08
BC57G9NT4U,CUST686344,2025-03-10
VC30T1OY2V,CUST749087,2025-04-20
KA48W4XL6V,CUST558941,2024-03-21
NR77R4CA1D,CUST567597,2024-08-15
WI00P3AC1I,CUST189933,2025-01-01
NJ94C0ZC3O,CUST115725,2025-05-12
MY67Z3NH8V,CUST928932,2024-02-01
EX29Z7JI0S,CUST488526,2024-01-06
YU36Y3NT2W,CUST957851,2025-01-29
OR24A4SK7T,CUST688801,2023-12-21
XB39I0TT3R,CUST300080,2024-04-28
RT49B5CC2M,CUST882640,2025-04-01
NO95A7SE2L,CUST090298,2023-12-04
ZW85D3JJ8O,CUST218836,2024-10-04
PM16D2BH9W,CUST887609,2024-02-02
ZH97O4XM8B,CUST798609,2024-03-22
HK42N1ZM3C,CUST657685,2024-09-25
FX75M6MZ3E,CUST955419,2024-10-23
TE97O1VN6Q,CUST131687,2024-12-07
IM52G0AH7P,CUST867168,2025-05-27
AY30H4MQ5K,CUST205171,2023-12-10
LW80Q2CC3Y,CUST641169,2025-02-02
XL84D8OF8A,CUST569401,2024-11-01
IO06P4UL8W,CUST241634,2024-02-05
IC21G0SU1U,CUST635178,2025-03-04
RB08V4RQ9Q,CUST187956,2023-07-12
GF15E4DW8O,CUST361858,2024-01-22
XP41Q6EW1Q,CUST122364,2025-02-10
XJ82O8JX1W,CUST602276,2023-11-18
MR85D0KB5P,CUST237552,2025-04-03
MK63A0OV6F,CUST118873,2023-09-08
DD93D6IP6M,CUST247949,2024-10-05
VG75W5KG3C,CUST178807,2025-02-12
XH25E9UI3M,CUST458732,2024-10-16
CO67W4UJ7H,CUST464678,2025-05-10
VY24F5UL1S,CUST809693,2025-06-14
JM34B9ZX3E,CUST491716,2024-02-02
PO06G2UP2L,CUST462763,2024-06-27
DG45Q4CB9B,CUST090216,2024-05-01
RU90M4XJ8V,CUST677107,2024-10-30
OG19I9YC2Z,CUST985042,2023-12-17
AE81D3ZR5T,CUST719884,2023-11-05
ON09P0YT9D,CUST173437,2025-02-05
HJ64V2FY7Z,CUST775513,2025-06-07
JG80O6OM2Q,CUST660124,2024-09-14
JU10D7UH1D,CUST351630,2023-08-07
VN26F9XH2T,CUST545403,2024-04-01
JC78G8IV4T,CUST759062,2023-07-11
TC05F0DV8Q,CUST555132,2023-11-27
ZR12R6HG1T,CUST120658,2023-12-30
ZD23V6IB9E,CUST078389,2025-01-13
CY05Q9HE6L,CUST611216,2024-09-26
KV77K6UJ0G,CUST961160,2024-07-08
LF51J4AH9S,CUST551679,2025-05-18
SA86H6EA4M,CUST140031,2024-10-05
YY01X3ZE3T,CUST656559,2024-01-03
CN08I2PZ4H,CUST085721,2025-07-09
WW12W2UN5A,CUST688437,2024-09-29
MV69N4GE9Z,CUST467471,2023-12-04
OG87R7TS0O,CUST625443,2024-08-11
UJ11S3LH3T,CUST119032,2025-03-27
BW08E3BE6E,CUST689859,2024-01-10
NY55B9UU4J,CUST807580,2023-07-21
WB50D2NI2W,CUST232665,2025-02-25
KQ27S7ES8H,CUST644515,2025-04-07
RQ07F8OT9Q,CUST779143,2023-08-02
FA47O2SO7F,CUST588588,2023-07-26
WL95R5VP7U,CUST523685,2023-07-13
NI16K2DM2P,CUST797940,2024-08-02
QT94O3BV3W,CUST692551,2025-04-07
FR55Z0VB0Y,CUST022235,2024-01-25
QT46M1KI1F,CUST868453,2024-12-11
JR92L1NO4E,CUST324572,2024-05-27
BZ96Z3GX4G,CUST286737,2024-10-28
DA45W4KS4R,CUST501988,2023-09-12
ZJ12N8ZX8E,CUST623172,2025-05-27
KL40F9DA9D,CUST511254,2025-01-16
EW48T6JA6U,CUST994856,2025-03-20
ZJ79E1MR5F,CUST862428,2025-06-12
TH98R1HO9L,CUST265703,2025-06-14
JH72L9JB1Y,CUST309160,2024-03-28
FV44H3PH9P,CUST113306,2024-07-23
ST56M3RI0Q,CUST265413,2023-10-19
EH60A4SD0W,CUST310135,2025-02-15
JH67O1RN3J,CUST728698,2024-10-02
TW77M1GK4D,CUST555148,2023-11-22
YA33W9JU1M,CUST090863,2024-11-12
WI95V3SH5O,CUST589620,2023-12-31
BE04F8ML9X,CUST045881,2025-05-18
XU84I0AC4T,CUST485644,2025-01-04
HN32T8QC6V,CUST792323,2025-03-23
XH33Q2UT5P,CUST200794,2024-03-13
ET00L9AE3Z,CUST478711,2024-04-03
DV60Q2UM8M,CUST463180,2024-11-21
XW46A6UH9O,CUST244079,2023-08-10
WC14S9FI5W,CUST196974,2024-05-23
ZJ26T9RG4D,CUST595463,2024-06-24
ZF88M4RR7P,CUST556373,2023-08-13
EB82B3EY9G,CUST260199,2025-04-14
FE42V6IC3K,CUST648809,2024-01-03
NT26H7TU0E,CUST848404,2025-03-19
ZX35A5TC9Y,CUST878301,2024-09-25
GS98X8DM0W,CUST197527,2024-02-26
UR22O5UB1R,CUST578540,2025-06-26
BS88P0DU2S,CUST691872,2025-04-24
XJ93W2GS7Y,CUST317463,2024-10-01
ZT47S7NI2H,CUST847657,2024-02-15
BV92C7TC5V,CUST939291,2024-06-27
VR43A5BU8G,CUST576674,2024-01-15
DX19U7LU2Z,CUST566356,2023-12-30
OF77W7PW3M,CUST836966,2023-11-11
KC81W0ZN3R,CUST765108,2023-08-25
KX37H9RW7X,CUST538680,2024-12-14
VX30I8TD6P,CUST346319,2023-10-05
QA90G1LU3T,CUST719197,2025-05-17
GW14B3UF5O,CUST366538,2024-02-06
NW61X9ZT4K,CUST275025,2023-08-11
LT50F7XE1A,CUST295031,2025-05-11
ZU74O0RK9L,CUST975458,2023-12-15
IU75I3VW5V,CUST488848,2024-11-11
MU61J3TY6M,CUST192751,2024-04-29
XK13J7XY0X,CUST071429,2024-06-08
ZX79B0TJ6V,CUST813082,2024-02-15
OY47L5YO9Z,CUST197816,2024-01-13
BE10F7QA4R,CUST089494,2024-04-30
VT38R4JG7M,CUST516693,2025-04-06
CY30E1ZT3L,CUST354457,2024-05-18
KG97I9MA8N,CUST227776,2024-11-21
OT39G1FG3H,CUST770283,2024-06-16
CU86O7KI6R,CUST761011,2023-08-30
DG86B3XB4W,CUST336639,2023-08-29
BT86R6RK8F,CUST725424,2024-08-29
FD43I5TM8P,CUST118503,2024-07-19
TV31E1WU4K,CUST418709,2025-03-12
WT95C6BR5K,CUST723096,2025-01-06
YA42Z4BT8N,CUST299807,2023-09-06
NW63E4NQ4Y,CUST700428,2025-06-27
BN15D1WQ7I,CUST121422,2024-07-02
PV77S9SL1F,CUST564835,2025-05-01
JF69L0ZX1D,CUST088330,2023-10-12
NB23K6YS3I,CUST139930,2024-05-19
FU20Q6ZT9B,CUST240931,2024-10-15
MQ55O1FT4F,CUST132356,2024-07-21
XY99L9JI8C,CUST939104,2024-10-27
PF22V7LS1W,CUST257204,2024-03-05
YM03K9AE9O,CUST663726,2024-05-24
TP18Y1QL0F,CUST479064,2025-07-05
ZD80W7GI1G,CUST946048,2025-06-17
IL71F5YB8C,CUST851616,2024-12-05
OF18V8FI2I,CUST636794,2025-01-30
KK24U6SQ0L,CUST725176,2024-06-16
PP15B5AE0V,CUST890992,2024-08-30
ZY71C8QK2R,CUST380116,2024-04-01
XR12T4FY4G,CUST142949,2024-04-24
XC09L0GS6X,CUST560016,2025-01-22
RR38H6QY4A,CUST096983,2025-04-17
NN16Q5OC3M,CUST608793,2023-09-22
OZ59K9BY3P,CUST668780,2023-12-14
ZP46U9ZT6B,CUST643543,2025-04-07
KL82A1AY0G,CUST973312,2024-03-18
CK28V8MV9U,CUST329489,2024-06-16
YR18M0CJ5F,CUST210333,2023-11-24
EX40O4TE9M,CUST295462,2023-10-11
LA12E3PP4Z,CUST707015,2024-11-06
NA40M7AO4N,CUST381689,2025-05-14
EF83F7TJ0H,CUST067711,2025-05-31
XR32O7TF8Y,CUST386724,2023-08-02
GW58R0KG5P,CUST862757,2023-11-02
QV55F8DQ1V,CUST054443,2024-06-04
NP79W3HF7I,CUST293658,2024-04-15
FO64Q6HZ1Q,CUST626091,2024-08-31
ZB59W7FX2C,CUST475632,2024-06-10
PQ53S3CO7Q,CUST626845,2024-11-09
VC55K5TN8Z,CUST898244,2024-06-18
FO31T6YM1S,CUST217532,2024-03-12
HW50X8JT9Q,CUST259265,2024-12-15
BI02F1GL7P,CUST667405,2025-06-03
OJ95W8VH3T,CUST136479,2023-08-06
EZ02P3IK4P,CUST306791,2025-07-06
EG24A9BX3Y,CUST407368,2024-09-28
ZJ08L3DI5B,CUST342383,2024-04-11
CM32T3DO9X,CUST874915,2024-01-21
ME40P7FU8F,CUST718389,2023-07-18
SU13L4IM8H,CUST652473,2024-07-05
UY83K9DP7Y,CUST134337,2023-08-12
TO16H4EY1K,CUST349732,2024-10-28
YD88R1WN9Z,CUST379221,2024-12-03
KJ50E8VD3U,CUST504883,2023-11-07
MQ57J6PO0O,CUST125016,2024-07-07
XR04P8YI0V,CUST522402,2024-06-26
GP74W8MW0M,CUST506019,2024-02-11
ZO20L4CV1P,CUST509568,2024-08-07
NF46N6NW9W,CUST893986,2025-02-10
MN89F2LX5H,CUST819792,2025-02-03
ER15K5KL2E,CUST890650,2024-08-13
UG83A4HM4W,CUST420823,2024-03-17
MN35J5PZ2C,CUST035749,2023-07-23
BA56W1OZ3E,CUST273229,2025-04-29
UV22N7UU1S,CUST920901,2023-12-31
GV95N0VX2S,CUST461793,2025-07-03
DE46W9AJ4C,CUST558314,2024-08-24
PC45A1JL4X,CUST266831,2024-12-14
EK76P4LX8L,CUST306893,2024-02-25
AD25J5HY5X,CUST706244,2024-07-04
MT53B6EB4B,CUST098332,2024-03-11
FD09U3ZM2C,CUST827414,2024-08-04
SA94W6OR9T,CUST721545,2024-01-06
UL15O3SH4L,CUST476359,2024-01-09
WZ68H6SX5D,CUST391847,2024-09-14
LK72G1EY3S,CUST898043,2023-09-06
PA29Z7PY8H,CUST085796,2024-01-14
JQ65M8YZ0B,CUST542179,2024-06-15
OD17T2IR6N,CUST669614,2024-01-16
BX64H5KX8A,CUST702669,2024-01-08
YY01W1PK4Q,CUST603019,2025-05-18
YV28Q9XA6S,CUST435038,2023-08-16
KZ63I8FW7V,CUST336222,2024-01-06
FZ23B8FB9E,CUST010801,2024-01-08
XY65I3QB9P,CUST914723,2023-10-21
VQ64F1NF4V,CUST829383,2024-08-02
IS77M7LZ4H,CUST292489,2023-07-28
XS66H8PW9W,CUST593406,2025-06-18
IR91O2SB9B,CUST090513,2023-11-04
NM45Y9KH9Q,CUST299213,2024-12-10
DK88X6HO0E,CUST379053,2025-02-23
CR63L2IO1H,CUST755948,2023-08-12
XT08B3KU7A,CUST851032,2023-12-05
HH91W0XO9U,CUST631865,2024-06-14
LQ23B3GQ4J,CUST759261,2025-05-23
LB78Q7GV6M,CUST854010,2024-12-10
BO05N5WO3Z,CUST186757,2025-05-14
YQ01I6FN9A,CUST379548,2024-09-05
AK92C9LJ3A,CUST312000,2024-05-04
BK61U5UU2N,CUST089117,2024-09-26
NM91Y3QE8E,CUST173778,2024-03-12
SP04W3NN9M,CUST848348,2025-01-08
TM30G4KP9P,CUST944693,2023-10-12
YZ71I8FX1Q,CUST568986,2024-07-10
QZ39K1AD1M,CUST229369,2025-06-04
DV06M2VH9J,CUST929941,2023-11-25
HW16I2LE9F,CUST602317,2023-11-27
RN49G1GL9B,CUST714003,2025-03-16
LC79V4OX6D,CUST546010,2025-06-02
DN38K5PO7U,CUST268328,2025-06-28
EE38R0JL9U,CUST582443,2023-09-13
IP47X2ZJ7I,CUST553410,2025-05-25
DO14A8LQ2F,CUST623486,2024-03-15
MK70Z6GX0Q,CUST193396,2023-12-09
YI84P7VX2S,CUST194793,2025-04-17
UE27R9XL1E,CUST122770,2023-08-06
GK42X0RL4U,CUST426403,2024-04-29
CS90F1BM4M,CUST160327,2023-08-07
ZL70Q5CI4Z,CUST547787,2024-03-20
NB60C7BD8N,CUST091240,2024-07-12
YJ02V1HX6V,CUST705135,2024-02-21
VB02Q8PD9U,CUST864586,2023-11-01
AP60A8GO6K,CUST284282,2024-01-02
BB62G7XC8V,CUST150633,2024-05-20
XF62T5DW8H,CUST523425,2024-06-06
FG81Z7TT2K,CUST042187,2024-09-15
CM43K4IQ3L,CUST520863,2025-01-06
OS34F3FE2Q,CUST600395,2025-03-17
EK81M2CG9Q,CUST764026,2025-06-25
ST29Y7WG9T,CUST587593,2023-12-22
EL40Z5SF0J,CUST880522,2024-08-22
RY20H9IM0A,CUST531777,2024-11-18
SZ76I6BP8P,CUST338316,2024-04-15
JA10A9KM3W,CUST854299,2024-03-15
WT97R9PM3A,CUST737975,2024-07-23
WV06I4VB3W,CUST851946,2023-08-26
ZU00Q3XH6H,CUST082621,2023-12-27
TR98D0QO0R,CUST187573,2024-06-22
HJ07E2XR5B,CUST624582,2023-10-17
BP94O4HR6H,CUST560988,2024-02-29
IN21G7KN9I,CUST537050,2024-04-13
YT09L4IV4U,CUST644991,2023-08-23
JL56H3TW2C,CUST031069,2023-10-08
XF97E4IH9H,CUST748052,2025-07-02
GD91O8AV6V,CUST132718,2025-05-22
OB63U7DG5Y,CUST196310,2023-07-10
WH73N6PL4D,CUST316366,2024-11-22
GW40O2OT5T,CUST952213,2024-08-04
OS50W3NT3R,CUST916904,2024-08-13
QU96Y1UJ2V,CUST933483,2024-04-19
IU53P6MO2H,CUST953025,2023-10-22
CX44C7JZ6D,CUST971061,2024-01-31
KD73L5EU7G,CUST336485,2024-09-30
CY29U6VI1R,CUST123151,2024-05-20
NS96W9PK6D,CUST084753,2025-05-11
CZ11Q1OW3Q,CUST394583,2024-04-12
QB65Q8NK9K,CUST075060,2024-10-08
QW76U6EU9I,CUST330488,2023-08-05
OS10Q9XH2T,CUST919104,2023-11-09
LV71Z4WK5Q,CUST085339,2025-04-10
CJ78N8OL1G,CUST652386,2023-12-18
DI14A1JP1W,CUST716351,2023-11-02
JL45M0HU5M,CUST264719,2024-09-24
TN63I0JA4F,CUST191663,2024-01-29
MD76G2FL0Y,CUST080589,2024-01-08
NK13O8BT2J,CUST151810,2023-07-22
MG40A2JH0G,CUST441715,2024-05-10
VK58D5HR5P,CUST082947,2025-01-30
TX77Y9IU5E,CUST691603,2024-06-22
VH36O0OF5R,CUST829573,2024-03-01
PT37V5CC4H,CUST946987,2024-04-28
JQ47J7EE6X,CUST615536,2024-04-14
JB19I6TW3K,CUST121710,2024-06-07
KS75N8FG9I,CUST934034,2025-03-24
TK99W7JE9X,CUST333327,2023-08-27
BF70Q5CL5N,CUST092680,2024-09-06
XH51P4ZO2O,CUST558742,2025-03-23
YR95I7FH2R,CUST503043,2024-02-14
ME29P4OZ6B,CUST503133,2025-01-18
EZ68Q3KN9P,CUST346029,2023-10-19
ZU18W5IH9K,CUST439703,2024-06-12
ON36S4QM4R,CUST869289,2025-04-09
SN99D7KI3V,CUST193027,2023-10-26
FK83Y0HR8W,CUST337605,2023-10-05
GT79E7CA7H,CUST852984,2024-04-24
AT00K2NY7C,CUST738004,2025-05-21
PX42G6DJ9V,CUST115790,2025-05-28
JV00D7SJ4Z,CUST275741,2025-06-05
NM48M2UX5U,CUST750496,2023-09-01
SE23S9ST0C,CUST355342,2025-07-05
AK95P6IP8V,CUST046364,2024-04-01
MO78L2GA0K,CUST341945,2025-01-12
ND05Q1VS9M,CUST571521,2024-06-11
QW24P6ND7B,CUST986935,2023-09-23
OX91C0SH8Z,CUST514203,2025-02-07
LI59X9VT8K,CUST655069,2024-06-27
PH09U2FY0M,CUST186946,2024-11-08
YC19X2FA4G,CUST017102,2023-07-25
XD56U5AL9K,CUST248214,2024-03-29
WW47U1XR8M,CUST735179,2023-12-22
QJ77Z6LF0K,CUST263171,2024-12-13
PH02I5HG9P,CUST933468,2024-09-07
KB75T4TN6D,CUST239520,2025-07-04
NA35Z7NR3J,CUST764245,2024-09-10
GU66X0SD8L,CUST056433,2024-08-30
NN76C4MI6K,CUST927712,2024-11-21
IX55J0IX9A,CUST677517,2025-01-02
ZJ23E1NB6A,CUST125019,2024-11-16
JK36T5GK6T,CUST253680,2024-06-20
DF97I9DU1D,CUST041294,2024-07-10
YW46B6MS1O,CUST277706,2024-01-26
WG94J5IL6A,CUST769115,2025-01-10
PF14Z1ZH4S,CUST664884,2025-06-14
YC05B1ND8Z,CUST363570,2024-04-08
SB18Y2XW7N,CUST479525,2025-05-09
PO57O1QE0E,CUST777235,2024-10-12
YX23K1JL0T,CUST039674,2024-12-15
CO00S4VI1A,CUST622524,2025-06-07
WK76E5NA1B,CUST442664,2025-07-03
MM60P0GD3J,CUST005445,2025-05-31
IO64J5IM4V,CUST306643,2024-03-18
RQ92O2KW3Y,CUST837902,2024-07-28
QT69C4TI3W,CUST540235,2025-02-15
PX44R2CW3B,CUST909960,2024-06-12
MN92Y8PT2H,CUST506582,2024-06-05
KW85X6RV6E,CUST270205,2024-09-13
NM27A2SV9I,CUST871337,2024-02-12
CW73K1KA6Z,CUST426031,2024-03-27
MW99V4KI2D,CUST599906,2025-01-30
FJ92H2DT5S,CUST125702,2025-05-28
EH66A7RK5B,CUST298963,2023-11-25
IL08T7LV2R,CUST125763,2024-10-02
HF35L0DH1S,CUST110872,2024-10-01
IY97S9YX7I,CUST479922,2023-10-12
VL04E9XQ4T,CUST026561,2025-02-03
BG47E5RO1B,CUST038201,2024-01-26
EM36S3XO5R,CUST802943,2025-01-11
PH71W2XG9B,CUST265862,2024-01-25
VN69O6ZD6B,CUST770140,2023-12-02
RB27I2SY3I,CUST662010,2024-04-04
YJ49X6XE3L,CUST565949,2023-07-14
SZ68X2XT5N,CUST727463,2025-02-09
MY07W0PD2H,CUST116329,2023-09-23
KY09A1OG6B,CUST190855,2023-08-09
PU41J1XJ3Y,CUST808953,2024-05-02
IQ79V8WW7U,CUST850488,2025-03-25
JU71H6WI8Z,CUST034974,2024-12-02
GG39M9DZ0D,CUST463397,2024-04-06
JY74K8AQ0L,CUST048802,2023-08-09
IN98J5QD8T,CUST516849,2024-06-24
MU53Z1KW5O,CUST079555,2024-02-09
XW61Z3AQ2C,CUST665168,2024-01-01
BW84I6OI1Y,CUST570793,2025-04-01
HE85Y4PH9Q,CUST294460,2023-08-07
HF16Y0QC4Y,CUST607693,2024-11-21
LH93A6SN0C,CUST136637,2023-09-01
FZ53J5XB3L,CUST765471,2025-01-16
QJ09D4UW0P,CUST535480,2024-11-09
JE06G2HP5Q,CUST127493,2024-10-05
DW83X8YG2Q,CUST705326,2025-04-15
LS58D1FO8D,CUST733859,2025-02-11
AD33Y2VB0J,CUST915831,2023-10-21
GF28E7RV7L,CUST358137,2025-01-21
RA70W4ZH7H,CUST997637,2024-05-18
MM65Q7JG4M,CUST807299,2023-07-23
BP19W3DR4I,CUST430713,2025-04-01
QA83G5VM9L,CUST052456,2024-10-12
UJ64H8RE1U,CUST630580,2024-12-24
HA60A9WG5N,CUST819270,2024-03-12
XK59J6HH6Q,CUST571314,2025-06-28
PD58P4KQ0F,CUST587180,2024-05-17
DV80B3QN5C,CUST389616,2024-10-23
YQ13S7OL2O,CUST867303,2024-08-31
PS95C2PI9H,CUST296440,2025-02-16
FX21X1OD5R,CUST332217,2023-11-23
UM05X6MH8Y,CUST774171,2024-08-28
IT28N6RG7R,CUST102306,2024-07-13
YH29U9WG2P,CUST271218,2023-07-23
QA62M8QX2D,CUST418972,2025-06-28
GG93J3GF4F,CUST358685,2024-09-13
XO88C9QC8C,CUST237913,2023-08-26
IQ51S5BG4J,CUST594287,2024-07-08
TV06Q4UJ8P,CUST590429,2023-12-01
LS55X7BO7N,CUST626988,2025-07-07
LO89E9UR3J,CUST007071,2024-04-15
MX82W8BU0G,CUST534588,2025-02-26
BD32E5HT1S,CUST237399,2023-11-30
VE61C6YU9X,CUST087789,2025-04-25
BF03S1MT5Y,CUST185521,2024-01-30
DL27W4XY4K,CUST109880,2024-07-15
YX56T5KX8J,CUST532761,2024-03-17
JO65J1CM6N,CUST917655,2025-02-04
JA39E5MS1Z,CUST682659,2025-01-27
YT50U0OT4L,CUST665857,2023-08-04
TX04Y5YM2C,CUST844509,2025-05-19
EC49T5CW6L,CUST172210,2023-12-16
YJ71P3DV6Q,CUST444242,2025-02-07
SQ25D9KB2Z,CUST462732,2025-06-06
MI57D5HE8N,CUST914722,2023-07-13
XJ06L1UC1V,CUST505053,2024-03-18
FX75N9JW8Q,CUST028632,2025-06-30
ND39F6GS5Z,CUST088485,2024-05-22
NU53T3FY9I,CUST459431,2025-06-27
LX79I6MK8B,CUST198413,2024-03-07
NT89K6OI6K,CUST319875,2025-03-17
WN23D3WD6H,CUST736346,2024-11-03
EP19R6JU4I,CUST583640,2024-11-09
CI15R8OM9Z,CUST058493,2024-08-22
YX88B3IV4S,CUST547675,2024-07-16
OR96P6DG2K,CUST882111,2024-05-09
DL59Q4YU4C,CUST160336,2023-11-17
DS98R8NG1B,CUST360608,2024-07-07
TG85W4RC4C,CUST806260,2025-06-11
OW78Q6UO0O,CUST206417,2024-03-22
NY99Q2AW1Z,CUST862395,2025-05-23
RP52Y6ZQ1Q,CUST809132,2024-04-05
HO72O4JI6I,CUST274606,2024-04-23
RP46M1VJ8Q,CUST027212,2024-08-27
DP11L1HA6U,CUST175851,2024-08-01
OZ67J2ND4M,CUST222016,2024-11-19
BU52L0QT5T,CUST985540,2025-04-25
PI04V0VT6C,CUST018658,2025-02-28
CG77L6JA4Q,CUST576554,2024-06-05
DD73Q0RC7I,CUST774235,2024-01-17
NF86O7SH6X,CUST835306,2025-02-19
VC46J6KW2K,CUST799204,2023-10-09
IG11G8QO5S,CUST388856,2023-10-28
YS39S3RS3Z,CUST424022,2024-08-14
CN32V0ZP9H,CUST033063,2025-02-13
ST70A3ZL7S,CUST005757,2025-02-26
HN01D1BH0G,CUST934453,2024-08-29
WC76Y0BD1M,CUST022990,2025-01-11
IA18U2US3L,CUST336370,2024-04-05
XN79T4DV3L,CUST909508,2023-11-14
RZ21X4QF9O,CUST435392,2024-08-26
VW92O9ZY6G,CUST779649,2025-04-27
PG46E7EM2T,CUST410399,2023-08-21
LP93Y8GK6Z,CUST713568,2024-04-25
ZX80R5KD9Z,CUST529344,2025-02-25
CS46T7IA4A,CUST562514,2023-07-17
NW17B2VN3U,CUST773594,2024-10-17
ZH32L9YC2Q,CUST715843,2025-06-25
EL67U1ZK3H,CUST182008,2023-12-31
GA47V9VJ3S,CUST369306,2024-12-06
RL45T2SB8P,CUST372167,2024-06-28
LX54X2OL1L,CUST286320,2024-11-27
EP67K2LC3G,CUST575143,2024-01-04
RY70D3DR3E,CUST509423,2024-01-13
HI10D4BP5I,CUST052791,2024-11-10
LF40W8EN8Z,CUST809897,2024-11-09
VR97V8DY1Q,CUST348353,2024-03-29
LA66K1LD2I,CUST016287,2024-04-20
IJ01H0NU1L,CUST894546,2025-03-31
KN40U9JO2H,CUST444486,2024-06-12
MW14X6AA4Z,CUST386340,2024-03-05
HC95B8TI6T,CUST620156,2024-06-07
MZ33R2EX8P,CUST131268,2024-08-30
AY74R7FC0I,CUST798524,2024-04-07
XX69A7QJ6T,CUST470733,2023-11-19
IO98W3UF7B,CUST703603,2024-10-17
ZJ71V9DP5P,CUST932543,2023-08-02
UJ17Q8MC5U,CUST115723,2024-03-28
TQ98J2BY2Q,CUST689891,2025-04-18
YY73E2FW3W,CUST785962,2025-04-09
YW84U5JL0Q,CUST821226,2024-10-25
OF08Q7PD7P,CUST032303,2023-09-23
VC47E0ES4V,CUST838713,2025-01-15
MA14N3GA3L,CUST295300,2023-11-24
IA08P4CO5I,CUST302561,2023-07-13
PB82J4ZE9G,CUST525572,2023-12-02
FT47G1HE0Q,CUST260595,2024-11-04
VY17X4DE5S,CUST285940,2023-12-26
WL74Q3PR3T,CUST201940,2025-03-08
DP29H9DJ1R,CUST450112,2024-04-12
HM79K1KC3A,CUST810131,2025-03-26
MG42O9BC6J,CUST687904,2025-03-19
BL18D5HE5N,CUST725357,2024-02-06
ZO47E9YA5Z,CUST357464,2024-11-30
RQ70Z9ZL3E,CUST150427,2025-03-01
FV71C9IK3B,CUST439163,2024-04-21
AF93D0IB9R,CUST661361,2024-10-15
MW73S8TF2O,CUST385179,2023-10-31
SS52W0WN4J,CUST211650,2023-11-30
ZN04S9WJ8S,CUST510970,2024-03-27
XD23I3QY2Q,CUST023152,2025-01-19
AO64S9QE9X,CUST592355,2024-07-10
SJ59E6KR3R,CUST468175,2023-11-18
ZK31X9RY4X,CUST225292,2024-09-10
ZN14I0ED0O,CUST939564,2024-01-08
QV43Q4DK7G,CUST099264,2024-08-16
GA77D7EU0B,CUST106548,2024-02-03
PK91Y1EA6H,CUST846788,2024-10-10
PZ82A4FV7H,CUST404015,2024-06-07
CP90X8DN3I,CUST056782,2025-05-06
IN74V0VY1X,CUST135721,2024-11-29
ZY18Y2CR5R,CUST799969,2024-11-17
OJ47Y0LB7E,CUST211915,2023-11-12
NI57D1XH2X,CUST293079,2024-09-20
AC76Y5AP9I,CUST848951,2024-04-13
VH49T2BT8H,CUST605176,2024-05-17
CJ53V0OL9Z,CUST817347,2023-12-18
MS54D1NK0S,CUST464297,2024-02-11
HC90P5DB2P,CUST810657,2024-10-16
PP21Y2OE5B,CUST401677,2024-07-28
BJ63L6JC9F,CUST960903,2024-12-11
ZH05U3ZH4B,CUST385316,2023-07-30
PZ07G5MA5Q,CUST595072,2025-01-10
KE92K4HL4D,CUST565781,2025-01-15
UT12G6ZA9J,CUST955752,2025-04-30
JO23O0QX6M,CUST492575,2024-03-01
RS19Y0BL7F,CUST379749,2025-04-03
PV21Z1WD9X,CUST263180,2024-09-24
CV34H8AX9N,CUST285955,2024-12-18
TZ60W3LY5T,CUST665197,2024-07-11
RR61T5BU6R,CUST304019,2025-03-25
DO24Q3LB2S,CUST373548,2023-08-06
OP55E5YU7E,CUST344020,2024-09-25
UB06M1CS0T,CUST757978,2024-02-27
WE17V3EV7H,CUST313556,2023-07-14
IW23O5HK5I,CUST151632,2024-01-24
UJ08U4HX1M,CUST057462,2024-12-05
DM45A5LW1V,CUST836942,2025-05-04
LF46D5BW1K,CUST333558,2023-10-12
KH76I3OW3M,CUST076458,2023-08-17
AT70U8JO8G,CUST791700,2024-11-17
MK14X2VX5V,CUST169696,2024-08-30
CF11L2RN3X,CUST550066,2024-05-27
PT24D9DI9X,CUST862451,2025-03-13
UN11L8NA4Z,CUST128135,2024-03-01
IP15R8JW6L,CUST015638,2024-08-19
YR79V4YO5C,CUST847358,2025-03-22
NL98W7TF4D,CUST633625,2024-02-20
RT35Z4FN9S,CUST240631,2025-01-29
GV44S8JK5T,CUST977142,2024-09-28
MD19S2NP2W,CUST341769,2023-10-16
EM95H3GP9J,CUST996094,2023-11-19
NY46V9CD8F,CUST899440,2024-06-11
OJ09D5DB7F,CUST625424,2024-01-18
FP42Z8XZ4Q,CUST746680,2023-10-08
UZ22K0RN9K,CUST794523,2024-12-10
HH90Z3ZO0C,CUST596766,2024-01-14
XM60K6ZQ2F,CUST795364,2024-04-15
PZ63K0HF3E,CUST383146,2024-03-30
TA77P4LZ8Y,CUST934774,2024-02-05
WZ00R5MV1N,CUST690230,2024-08-12
WB03K9UH0W,CUST157676,2024-05-18
JM36L4SS8K,CUST888765,2024-07-04
WE41D3ES5C,CUST222907,2023-12-25
CZ92K4FV3I,CUST893463,2025-02-02
QS20M9WL4T,CUST524125,2024-12-23
KE02U3CH8W,CUST581447,2025-02-14
TG57F0NQ2M,CUST624430,2025-02-06
MU77R5XB9F,CUST783376,2025-02-04
UV87X7DV7E,CUST885723,2023-10-21
OP49Z7OZ9Y,CUST880772,2025-06-03
LW86I7KZ2F,CUST588345,2024-06-04
IN53Z7PI8T,CUST040494,2023-11-26
LG62N9CP8R,CUST092705,2023-07-12
IV71Z9RA5B,CUST346827,2024-11-15
AU59C4KB8X,CUST593852,2023-08-23
JG43I1QH9F,CUST089250,2025-04-04
AK95C1JT7A,CUST385047,2023-08-03
NU69P1AR4P,CUST897166,2024-04-20
GR80L4PP6J,CUST204556,2023-11-04
VA43B6AW9F,CUST053276,2024-10-10
XH49F4CQ7W,CUST380427,2024-06-15
BR54U8PG6G,CUST470548,2023-09-11
OH84E1EG0V,CUST480690,2024-05-28
OD99S9DI4Z,CUST915429,2025-02-01
HM73C6RT3C,CUST786612,2024-04-16
TR09J4WW2J,CUST494218,2025-06-13
HM25S2LA6T,CUST668984,2025-04-18
PF07G9LV7Y,CUST661010,2025-05-01
WJ86I5YU9F,CUST968737,2024-07-10
PJ79Y1DD8L,CUST880429,2023-08-24
AP64X1EN7T,CUST029865,2024-08-23
IN37N5ZP1M,CUST731590,2025-06-26
NT74F4AL4L,CUST861586,2024-02-28
LH40Z5TP8K,CUST831455,2024-06-07
KQ87G8DA5P,CUST646094,2024-08-05
WE60N6EV9V,CUST236209,2025-07-02
HE63T2HO2K,CUST542688,2025-05-18
WK51R4JD6W,CUST573757,2023-11-04
KM25J5JY6Z,CUST704510,2023-09-22
KC81J1YI9J,CUST496776,2024-10-01
IK45N8OU1H,CUST318558,2023-08-07
LP15D0AR5C,CUST460811,2024-05-27
LF84V7CT5F,CUST455688,2023-09-30
DR47K0IY0E,CUST442913,2023-07-20
LD00L4OB1G,CUST930465,2024-09-07
VV03W4PY9V,CUST017468,2023-11-12
MT56C1TC3H,CUST183857,2024-10-28
AE74B8FG2R,CUST641525,2024-01-29
RT19A6LS4B,CUST943823,2024-07-22
IQ65I7PK4R,CUST462858,2023-11-19
NP47E7TU7D,CUST665729,2023-08-14
UD68W6KH6T,CUST953952,2025-01-05
ZO31J5TD3A,CUST096232,2024-09-07
BV81J7RL9E,CUST878128,2023-09-28
WP10G1JD8Y,CUST023561,2025-01-18
CF55C3NM2I,CUST548736,2024-08-27
XM36D6BM8G,CUST761185,2025-02-03
TQ74Y6IJ7I,CUST958388,2024-04-17
ZU17T1MN6B,CUST815509,2025-03-14
RS81H0IA0U,CUST682492,2023-08-15
XQ16K7QX9G,CUST063748,2024-01-16
DB17Q4DY9I,CUST283407,2025-02-19
HB65P7FR3N,CUST958638,2023-09-16
JP20W7FS4R,CUST273708,2023-08-06
UY08J2BT6I,CUST780047,2024-06-15
WS00O5VL4S,CUST097569,2024-07-24
HT69F7HX0Y,CUST876620,2025-05-18
MG19T7CB6Q,CUST762691,2024-11-22
WW83H6IH0E,CUST827565,2025-05-29
OE01S9XX7Z,CUST015412,2024-04-03
EP06B9CM3A,CUST116200,2025-03-12
KM07B0PO9V,CUST781452,2024-08-02
JS64M0JS5V,CUST199686,2025-07-08
RO74Y8HQ8O,CUST929203,2023-10-19
MQ82T7AJ3W,CUST636836,2025-04-18
IH67K3YA8P,CUST943999,2024-11-25
TK21U5QE0H,CUST578059,2023-10-05
WY52Q0CU3M,CUST857976,2024-06-30
XW54Q2CS1G,CUST841966,2024-09-30
WQ29V5KA9W,CUST895184,2024-04-07
JJ31O6KT3T,CUST837536,2025-04-11
GZ35S5BT4V,CUST582525,2024-10-14
GQ26Y3HQ2K,CUST110608,2025-05-16
AO01A2BU6N,CUST869635,2025-06-04
DD77R1NN1F,CUST693402,2024-06-25
AI71D2ZL8O,CUST715858,2024-01-13
TE55E3CP9K,CUST686247,2024-02-06
RO68J0QP3I,CUST956511,2023-12-14
BS80V2LV3W,CUST388678,2024-09-05
JT00M8TJ0L,CUST174134,2024-09-18
IV14Z8SC0L,CUST057047,2023-11-05
YO15M8UC3L,CUST744637,2023-08-02
GX25H0VI2Q,CUST978709,2023-07-26
NS96Y7MR8L,CUST284542,2023-09-14
WB34I0MJ4V,CUST983778,2023-07-23
BQ85X1WT8J,CUST754301,2025-01-06
VQ70E3CZ1Z,CUST833837,2024-05-21
CM59K5NG7L,CUST607402,2025-01-23
QO70L6OG3I,CUST797991,2023-12-26
FP91M7QL5Y,CUST174662,2023-07-24
VV58F6UT4D,CUST960732,2024-11-12
GF12X0TS4Y,CUST761315,2025-01-29
FE38J4QO5G,CUST208256,2024-07-16
VM26A0SF9U,CUST590973,2024-08-07
HQ84J2LJ5C,CUST908672,2025-06-04
KP29Z8FK1Z,CUST652523,2025-05-03
MO77A1QZ8F,CUST580454,2025-04-11
HW77S5JG8Y,CUST079447,2024-05-25
LY24D2TO5G,CUST458914,2025-06-21
NS31N9SS6H,CUST327235,2025-05-16
KG04V6VM4T,CUST736807,2024-11-03
OZ09H2YE3I,CUST931648,2023-10-17
NP14P2ZX2M,CUST705755,2024-12-09
JL40K7JX0T,CUST372070,2024-03-11
JZ86L3QF4B,CUST594537,2025-06-21
VA81N8VB8L,CUST091394,2023-12-07
YQ62L7NW4T,CUST054571,2025-03-03
PU99X2ZJ9T,CUST100004,2024-03-03
UG12N7FP8L,CUST757817,2025-03-18
OG79Q5FP5N,CUST083166,2023-12-30
KY92N5UL8B,CUST998157,2024-01-12
BL90M5XB9F,CUST802030,2023-10-21
YZ03V9UM6S,CUST855168,2025-06-22
AC97Y0PU6W,CUST539415,2025-06-03
HW77M5XQ3G,CUST556738,2024-03-08
ZF17C2QU5D,CUST728490,2024-11-25
ID77R4XR2A,CUST733935,2023-09-04
YC76Y5GY4R,CUST085688,2024-07-27
XK63W9GR5U,CUST151215,2024-09-06
YI88P5IV7V,CUST322931,2024-12-02
PJ57O4NF2Y,CUST972211,2025-06-25
ZH81X9OT0A,CUST035677,2023-12-30
GE25G5AU5G,CUST220359,2024-05-27
SQ46N9WZ2P,CUST506284,2024-10-16
WQ29F9MO4T,CUST114544,2024-04-11
HZ43M9DU1V,CUST525446,2024-08-20
TB92P0ZX2J,CUST266002,2024-02-05
OP22C3MU7H,CUST375925,2024-01-04
AQ92G4UK1Y,CUST964648,2024-10-11
AY19Z0TN9G,CUST205417,2024-11-09
OH67E4ZE3F,CUST156591,2025-05-11
MI89O2TZ5Q,CUST840548,2023-09-11
DN02U0JK5T,CUST895589,2025-04-19
RB71O4SO9V,CUST523254,2024-10-03
SB80V8FV1K,CUST461700,2025-03-27
BS36C1CJ9M,CUST914971,2023-07-22
KU10Q5EN5M,CUST982302,2025-06-10
IM98I2NQ6L,CUST785872,2025-05-15
ZU33V7IE6Q,CUST639584,2023-08-11
DO26W1UH0J,CUST703454,2024-04-06
TT27C0WO7F,CUST946000,2024-10-12
HX57F0UQ0C,CUST770758,2025-05-24
GA01B5KJ5P,CUST264096,2023-07-14
BY03V3HM7I,CUST485870,2025-02-15
FL46V4WA7Z,CUST680478,2024-06-13
CN99C9ZY8J,CUST138349,2024-06-19
IX11M3GS9Q,CUST972093,2024-04-21
XU65B1YX8K,CUST324287,2025-05-27
KO73W4XO5T,CUST950783,2024-06-10
UD98S0TN3X,CUST368973,2024-04-20
VO70Q5SM1Z,CUST006486,2024-07-08
HI46P0TD7F,CUST201978,2025-01-30
LP54B2QV8I,CUST687176,2023-11-15
YT63S0RG8G,CUST573255,2023-08-29
DM81E6MZ9S,CUST336801,2024-08-02
TI74G9LB0W,CUST665608,2025-01-23
BS60E5AM0L,CUST887232,2024-02-12
DH40F8AX3Q,CUST376743,2025-02-06
KF13I3FW3H,CUST876439,2025-04-22
QY43O0BQ0B,CUST652011,2024-10-20
GR48U4BQ9S,CUST572642,2025-04-01
VG28W7IO9K,CUST947144,2024-11-26
AZ20L9AK3G,CUST826635,2024-09-11
DQ92D3ZP0C,CUST940554,2024-11-16
MQ23Q5NI5L,CUST524983,2024-07-10
EG14W9BF2Y,CUST891130,2025-05-05
SS64L8TE2A,CUST399919,2025-01-24
UP19R9SA8S,CUST056872,2025-06-01
KG64F7XB1F,CUST162527,2024-06-24
YK60M9BB9Q,CUST447322,2023-12-03
FD01Z5CD6M,CUST080319,2024-10-19
YO78Y3HF2F,CUST198977,2024-11-30
DN38C5ZJ8G,CUST647133,2024-11-30
IH71T0MH2W,CUST417679,2023-10-03
XN19F3SS4S,CUST955740,2024-05-03
CU61A9SO5X,CUST368661,2024-10-12
AB92C8PG9A,CUST494415,2024-12-28
XN15V7TY5W,CUST225721,2025-03-03
CG88J8HV1M,CUST417837,2024-02-19
ZQ03A1RP9I,CUST818933,2025-06-24
MD15K2GB2Z,CUST775526,2024-07-05
QB58E1IW4F,CUST280834,2025-02-21
VC93Y9PJ6H,CUST279385,2024-08-28
JZ40P3BM8C,CUST295060,2025-06-28
TB47F2RY7W,CUST961394,2025-07-07
ET08F7DN5D,CUST879722,2023-12-25
LL01N2CS8T,CUST399905,2025-06-26
BM56D0EI6R,CUST098726,2024-03-13
AZ37V1QV1M,CUST196629,2024-10-10
BM99K1BV1N,CUST017939,2024-03-19
HJ77O4LC6E,CUST753444,2023-08-12
DH86W4JE1C,CUST475032,2023-11-30
XX75W2NI2I,CUST677327,2024-08-08
HC70B7ON7H,CUST513213,2025-05-25
IF62V6OM3E,CUST454418,2024-01-12
UO27E8IX4V,CUST110969,2024-08-15
WB23W3ZA7Y,CUST907600,2023-09-07
DO35M8YH2F,CUST638609,2024-01-30
LI80D1UE7C,CUST340983,2025-05-05
OW61P9ZX0K,CUST214780,2025-07-08
VX47A3CH7R,CUST011363,2025-01-17
DF70A8XH5A,CUST486018,2025-03-13
TZ02K2IH1M,CUST959020,2025-06-25
OX97C6ES1F,CUST762163,2024-10-24
QG71W9YB7V,CUST324443,2024-11-14
QU00D0WZ4F,CUST192176,2023-07-25
SY78N5DE4X,CUST761443,2024-10-25
MA81Y5IQ2Y,CUST836489,2025-03-07
LK61K2MW0V,CUST380346,2024-05-14
ZO78R5BC2S,CUST107477,2024-10-13
YD28T6RH5X,CUST591864,2024-05-26
DI73Z6BL5M,CUST196224,2024-06-08
IQ09N4NW8M,CUST962344,2024-06-16
QJ43O3BK8J,CUST499064,2025-01-28
JM94F6NJ7Y,CUST872007,2024-01-28
VR54G0XL2W,CUST514520,2024-08-22
FI36O7SQ9Q,CUST707590,2025-02-23
UD18H4KZ9O,CUST526579,2023-12-30
VY53X0BH3X,CUST736471,2024-06-12
HA20R7LG5T,CUST130650,2024-08-23
DR02S4QX6R,CUST434012,2024-09-03
BN70Z6WK9N,CUST956776,2025-06-02
OU57H9BE2Z,CUST709127,2024-02-11
BU93C5GS7I,CUST233519,2024-12-16
BY08A2QB4A,CUST008477,2024-07-11
SG17A9SF2N,CUST225857,2023-12-02
AA67O0LJ9S,CUST588980,2024-12-29
TR46T7FN4U,CUST432604,2023-09-25
BB33W6HR7G,CUST595369,2023-08-20
SW37Z6TX9H,CUST177663,2024-09-28
WK16A3AT7D,CUST442388,2023-12-21
LK61J4RN1Y,CUST835988,2024-08-29
VB47E2QS0O,CUST519809,2024-06-01
ZZ91N3KI8O,CUST730911,2024-02-19
JA11V3YA8M,CUST976967,2024-11-08
OQ92U3FC4S,CUST961533,2023-12-18
VI76G8GO1P,CUST880656,2025-03-18
CQ93F3PO4B,CUST789532,2024-07-19
ZT91X8GM8C,CUST069041,2023-11-12
HO76R3ZT4N,CUST674089,2023-07-26
JS55P7ZC5Y,CUST669568,2025-04-18
JW96M8YP5P,CUST203382,2024-12-17
WQ33E2PL1H,CUST491113,2023-08-26
NE46R2QQ5X,CUST743363,2025-01-23
RO99U3PW2Z,CUST911441,2023-11-30
WJ12M4QE0A,CUST511515,2025-05-13
ZZ59E6NG6B,CUST141698,2024-05-23
IL68B4JG0D,CUST820279,2024-01-07
EH99P5KX2B,CUST383071,2023-09-04
YX69L2NV3U,CUST080608,2025-03-07
TV83R2YT1E,CUST280379,2024-04-10
HH96Y6GH2M,CUST663308,2024-06-02
DK65E4FB3O,CUST335267,2025-05-17
CU22M9OA7O,CUST878379,2023-08-05
BV26J1NP9N,CUST469439,2024-09-29
NZ85V0CA8B,CUST109010,2023-12-06
NY34Q0JG3J,CUST806874,2025-05-11
XR96C6RG2E,CUST516958,2024-04-30
CQ90P4RJ4Z,CUST413809,2024-01-02
CK38F2UG2H,CUST774728,2024-01-03
EA12F0UC0V,CUST281645,2024-02-15
WY71E0KY6A,CUST599547,2023-08-31
PI03H4MD1D,CUST322952,2025-05-07
XB48B5HE8W,CUST254241,2025-06-29
VU83O3SM1K,CUST064963,2024-03-16
GH76O5OD1E,CUST336446,2024-07-01
ST43L4OM2Y,CUST950592,2024-05-10
GH53S4HR0O,CUST406783,2025-04-13
IO73W5DQ3B,CUST765997,2025-04-14
GZ91W9JV4V,CUST802489,2023-11-27
MU62L1RX6P,CUST763669,2023-09-05
LC98W7CR0M,CUST868051,2024-10-17
SN41R1PI0H,CUST341836,2023-11-23
WZ88M3DV8E,CUST775681,2025-02-05
EA18B6TU1B,CUST313508,2023-10-23
JA58B3GJ4Y,CUST276020,2023-12-06
DO87F5LG1O,CUST071841,2024-09-03
GP22N2BN2F,CUST582173,2023-08-16
LB97H3YX7Q,CUST872727,2023-10-25
VE66J1PB3G,CUST505702,2023-09-10
TM63Q4DD3C,CUST440035,2024-04-23
RX79N4TF1Q,CUST014199,2025-05-05
RO77F2ZQ6O,CUST161706,2023-08-19
UF16D9AS4W,CUST539411,2024-02-11
QQ49K9TN9H,CUST775437,2024-01-23
VI59F6VF2Y,CUST248555,2024-05-28
QS83F0KM4M,CUST655116,2023-08-04
ZX94U6RS7W,CUST121238,2025-04-25
WQ82X7RW3T,CUST293054,2024-08-04
NO97O6XU1W,CUST144309,2024-06-08
ZE79U9NV9U,CUST538030,2024-09-02
JO86Z2ID8S,CUST651239,2024-01-17
EN88G9FJ6L,CUST666303,2025-05-22
QO72B3AT8F,CUST686114,2023-07-27
DR64F5FI5G,CUST332445,2025-05-30
KV69Q9TM7D,CUST019559,2023-11-26
WY28O6XO2X,CUST974261,2024-05-05
GO56V9OZ4F,CUST395315,2024-05-14
JA81U1DL2G,CUST248698,2023-07-12
TQ82Q6JX0K,CUST925882,2023-09-14
WK80B1RU6C,CUST968640,2025-04-07
QY64W6AF4G,CUST417930,2023-11-08
NM73T9TS0U,CUST432694,2024-04-12
NE44G1CZ6S,CUST551190,2024-09-20
BV44P0DU0C,CUST966079,2023-08-25
KB91L9ZS2O,CUST616635,2024-12-31
PL89W7LN8E,CUST536404,2023-11-23
AV62G4YL8D,CUST946719,2023-09-25
OI72K2BG8D,CUST508897,2024-09-11
LI26Y6ER0L,CUST299878,2024-02-12
QH43E4NL7E,CUST004562,2024-05-12
SW43O3EY7Y,CUST955926,2024-07-14
CT95F0CV8A,CUST618688,2024-10-22
SJ03K4RX4I,CUST042501,2025-01-06
XG35W7OS5W,CUST438371,2024-08-20
OG88Q4BK0O,CUST414643,2024-11-25
XV79F8SI8D,CUST429998,2025-05-30
WI80C1GG1K,CUST614810,2023-12-15
BQ93L3RY9Q,CUST792557,2024-08-31
WJ48C0SU1I,CUST646522,2024-11-14
UU59G6KF2Z,CUST747158,2025-04-20
DK66K2WH4Y,CUST095724,2025-04-18
MX64R4BS2V,CUST191223,2025-04-30
HY28A3FJ5R,CUST228244,2025-02-07
KV21D6VO8U,CUST831654,2025-05-06
HL14J2ZV8O,CUST475713,2025-02-05
UZ29H1JX0U,CUST492683,2024-09-06
PY70A3JN2C,CUST078196,2023-10-03
XA30Y5ZT2U,CUST389607,2023-09-23
WK16S4VK8I,CUST643601,2024-04-09
TH05D9OI7Z,CUST655349,2025-05-16
KD87O5LG2V,CUST565594,2025-05-21
GP75J6IT5C,CUST243394,2023-10-10
QB22C0TO4Q,CUST821920,2023-07-24
VW85P5BU9G,CUST795660,2025-04-06
DS46U2SH7D,CUST521458,2025-06-20
JG44D1LQ7Q,CUST351883,2024-06-07
UJ83O7YB1V,CUST644175,2025-07-03
FC33P2ST4L,CUST719425,2024-08-24
JO17O6YD6O,CUST593463,2025-03-13
WN51Q1SF1D,CUST119172,2024-11-04
JW66P9DQ0X,CUST346384,2025-02-03
YT00K1OD8P,CUST286978,2025-05-29
DN20I5JY1L,CUST964812,2024-04-16
XH79F9LD3S,CUST499724,2023-08-11
GG62T7GC5J,CUST563949,2024-11-01
EN87G8SY3X,CUST576660,2023-10-19
JE87C0MZ4L,CUST008540,2023-08-07
NI50F5AG3O,CUST916020,2024-06-30
DR73A0SO6T,CUST339746,2024-02-18
BV19I0IP8A,CUST703768,2023-10-07
TF40C3ID5E,CUST334483,2024-10-12
ZR96I3ZI6N,CUST660104,2024-03-26
BI61X2HE9C,CUST586316,2024-11-23
IN48Q4AX3E,CUST461569,2023-11-03
NM28A4MN9I,CUST080825,2024-01-14
GQ50R5WC8U,CUST467899,2024-03-25
LM47O3AR0E,CUST930543,2024-02-23
RP99O0FM8L,CUST675127,2024-09-10
BM91C5PY2X,CUST302147,2023-09-04
HZ75Y0KG0B,CUST600559,2024-05-10
ZS82O3MX2P,CUST129588,2024-08-23
KZ70Z5VR3A,CUST912695,2025-04-03
FR66L6NE4H,CUST346937,2024-05-11
BW30N0PK8J,CUST740796,2023-09-01
VE78V3DO7J,CUST696045,2025-06-18
DT63L8SO5R,CUST616289,2024-09-01
OO99T8YF0F,CUST255948,2025-04-27
DZ70H1XO1X,CUST711373,2024-11-27
NV52A9SB1O,CUST137811,2024-02-26
CY11R7HE4E,CUST333922,2023-11-28
BA90R8QY3Z,CUST228623,2023-09-17
WK08U8ZC8P,CUST029674,2023-07-13
NJ42W9MM2G,CUST772783,2025-05-08
TD40P8GF1G,CUST801507,2024-10-07
LS59V9NL0G,CUST023231,2023-08-15
WX15H9UH2M,CUST300851,2024-03-19
HK73F0KR0V,CUST628455,2024-05-16
SO50Z3IC7K,CUST957374,2025-01-15
CC88G1SL5Z,CUST262441,2025-06-15
ST21Q7KO3S,CUST994352,2024-06-19
XD21F5OA9G,CUST155442,2024-05-23
RB09Z9SA6W,CUST417676,2024-05-06
NA53T8QE0D,CUST356684,2024-04-13
ZU37T2YK5M,CUST637402,2025-03-12
TY16A0XI2N,CUST018228,2025-03-13
FN78A2AS5O,CUST087210,2023-08-05
RT77I2HC0A,CUST314612,2024-12-12
GT27A0ZL2A,CUST878848,2024-12-10
OW09P7RS3K,CUST718112,2025-02-10
NX28C1TM5M,CUST534927,2025-01-28
CV25C5DY2Y,CUST859373,2024-01-05
YK30E1UL5S,CUST676323,2024-07-09
OH49X2OA3V,CUST119244,2024-05-12
UR10U0AA8K,CUST345166,2024-02-26
VG06B8ZZ5X,CUST627250,2024-12-21
KS21J5XX2K,CUST653068,2024-05-23
MR37V0DR5N,CUST141866,2024-07-10
PQ63V7XO4Z,CUST281490,2024-07-10
NI16X5AT1P,CUST739148,2025-02-02
MX15N3TB0Y,CUST127207,2023-11-24
QX63S0SV7J,CUST355128,2024-12-30
NL92D5ZT0F,CUST658844,2023-07-13
FG28L3PO1G,CUST523927,2024-05-03
KD91Y0ZY3B,CUST886528,2024-12-13
VT38Y2YA8O,CUST186979,2023-09-03
JM07U3IU1P,CUST995591,2024-08-16
OV25S3BF1E,CUST992715,2024-07-03
VP34H0YT6V,CUST442642,2024-11-27
KE07F1PZ7E,CUST547479,2023-08-02
IE65C7EH0N,CUST266126,2023-10-17
DO34Q4AG4J,CUST763898,2023-10-20
FR52L8FB7F,CUST869461,2024-03-06
CG71S6QB4T,CUST129701,2024-09-07
YP93J8GK7H,CUST079854,2024-08-19
HZ78O2LC6A,CUST466812,2024-09-09
SE30Z2ER0M,CUST280690,2024-11-05
IO46I3JT2N,CUST260583,2024-04-21
RE01M9TS6N,CUST488369,2024-08-05
QW88S4CJ8B,CUST041421,2024-07-24
DN14E2UP5F,CUST577264,2024-03-06
HH88G8ME5B,CUST728270,2025-03-07
QG35L7UA1K,CUST203823,2024-07-20
SW13C7CQ5A,CUST991621,2024-01-27
KS25K7TG6J,CUST183093,2025-03-13
CF08R7CA0L,CUST832400,2025-06-10
DD86Y2CH2F,CUST639234,2024-05-16
YI60B7ZG8C,CUST921334,2023-11-16
JZ89F0OG6S,CUST472384,2024-03-21
FO21O5ZQ0Y,CUST011405,2023-10-05
FC55P2VZ4Q,CUST794906,2024-06-22
HT53E5WW8X,CUST330203,2023-10-31
ZK51T1PK6M,CUST677315,2024-07-18
WA44J8ID9H,CUST859451,2024-05-06
YH32A1US3Q,CUST296708,2023-12-13
VT31I1KQ2L,CUST086657,2024-03-02
FU64A2VX0T,CUST769576,2023-11-26
WD53H1OJ3I,CUST025263,2024-01-15
KB29Y1YK5Y,CUST349503,2025-03-26
PB64V3AG3V,CUST168541,2024-09-12
MW76U0HB5X,CUST359686,2023-09-19
XM11X4AZ7A,CUST378385,2024-04-10
OD08P1VL2C,CUST086146,2024-05-02
UF52C9BZ9I,CUST872449,2024-03-31
II07V0IE2H,CUST018605,2025-05-03
TU37D3YS1X,CUST555217,2023-09-24
IG56O2GT1P,CUST130654,2023-08-31
LH90I5XF3F,CUST017356,2024-03-18
HI12X9SD5Z,CUST932201,2025-06-19
SY23Y6SO2B,CUST253902,2025-02-26
VV89A4VT1V,CUST033725,2024-02-05
XT23M6MJ0E,CUST383284,2025-03-05
LG19G0AP5J,CUST802222,2023-08-10
YU93O9XH1D,CUST916025,2023-07-12
ES80B7HU8Q,CUST236828,2023-07-11
KV79Q4IH2P,CUST878721,2025-06-27
YT14Z7IO5Z,CUST722301,2023-09-24
AF74P5UR0T,CUST516586,2023-09-25
TU49F8ZH3A,CUST777793,2024-09-27
KW37I7ZV9O,CUST999484,2024-08-10
RN64N0EY6T,CUST710167,2025-02-22
LD03B3NS2N,CUST599706,2024-12-25
VE16F2NH4K,CUST780537,2025-04-21
TT79T1XG5U,CUST505793,2025-03-27
RM75D6AK5H,CUST415328,2024-09-22
QZ05R4WL3R,CUST342352,2024-05-23
PD02M0LM7Y,CUST870434,2025-03-25
HX98P5GK5Q,CUST247616,2023-11-20
XC58F7SJ8C,CUST665691,2023-11-02
TG89Y6FP8N,CUST974846,2024-09-06
UJ68F8XB9H,CUST866654,2025-03-01
XI54D1MM5Z,CUST512657,2025-02-19
SU49V3NL6U,CUST292900,2024-06-22
LB56A7NZ9C,CUST692341,2024-12-29
KO59Q4ZO8G,CUST705873,2025-03-25
KT88L3VW5B,CUST757286,2025-06-12
MK89A4OW7S,CUST080821,2025-03-29
DC97C7IC8U,CUST621586,2024-06-13
OV83C6YV9G,CUST908232,2024-10-25
PW38Z5WB0L,CUST106764,2025-03-14
VT75P8QK0Q,CUST274892,2023-07-14
VE65R2EA0U,CUST550782,2024-10-05
WS39Y3QB8J,CUST804857,2025-04-29
AA62A7QA2G,CUST340771,2023-12-20
RU43G4WN6K,CUST523081,2023-08-17
WM56T7PL6G,CUST073714,2024-09-12
GT06S8QS2P,CUST633767,2025-01-24
ZB95V5QE1X,CUST498245,2024-01-05
US20F3RN6E,CUST613772,2025-05-17
IP38O8TV5H,CUST808104,2023-08-27
NB21R3GH1L,CUST388094,2024-11-26
GH58K9AK2K,CUST743236,2024-05-05
MY17J7OA0K,CUST219265,2024-03-31
VL07L5LH2E,CUST783731,2024-09-27
BQ54J7YT1U,CUST015889,2023-12-15
FJ84P1OD2A,CUST447751,2024-09-18
QB78I9GV3O,CUST104617,2023-09-23
GD21M4ZO6G,CUST414067,2024-06-04
ZI24Z9GH7B,CUST916902,2024-08-12
RT86X3HI3T,CUST357321,2024-05-31
SG31E2YL2X,CUST785469,2024-01-31
RU30K7EO2H,CUST508176,2024-07-23
DV54P2BK9Q,CUST846832,2023-08-12
IL17D0HJ0S,CUST267040,2024-02-19
PS90Z8IT9E,CUST494638,2023-07-28
VD92G7ZA3F,CUST594654,2025-02-27
ZE38M0VR5H,CUST881247,2023-08-24
CB35Z4BP7C,CUST437148,2023-11-19
YN79S3NP4U,CUST242237,2024-05-10
ZI09H2KM4M,CUST012738,2024-08-07
QI56C3PV9L,CUST780001,2025-05-31
PH54M0OC9Q,CUST532885,2024-11-28
NZ55C1EH2R,CUST423334,2023-12-09
LV03H9GY9X,CUST320664,2025-01-27
YQ60P6HJ6N,CUST476422,2023-08-01
WX09F8YZ9O,CUST825901,2024-05-08
LQ79J9TX8F,CUST937554,2025-03-13
RP51R6VG4C,CUST638151,2023-08-21
FI66B8GS4A,CUST053065,2025-05-25
NR95J3GP1Q,CUST039489,2023-08-11
AU64H7DM2H,CUST413733,2024-12-10
RE71V6LK3O,CUST644881,2023-09-28
ES11O7ZY8E,CUST174307,2025-04-28
SF42P4NO3O,CUST745620,2023-09-28
MK20Q5GF7J,CUST672379,2024-12-31
AZ69Z7XH0I,CUST680481,2025-04-09
CV37E2PL3H,CUST554365,2024-04-22
JE45S4AF1Y,CUST050560,2024-08-05
OO42M9OD0H,CUST763470,2023-08-24
XF17I2HE2S,CUST158845,2024-02-02
TJ39S3EQ7T,CUST601587,2023-11-06
ST90G7PZ0F,CUST520450,2025-05-20
JH97Q1VX9X,CUST136739,2025-04-11
MP94M3WO6B,CUST235999,2025-05-10
QE13D9JO5P,CUST203685,2024-06-10
ZW16F4SY6L,CUST612842,2023-12-01
CU64E9LV4E,CUST923180,2024-06-26
NT90K8JY6T,CUST080384,2025-03-10
BF83J9UU6J,CUST668961,2025-01-15
CF15T0TR0N,CUST528672,2024-09-07
JV44N2KL6Y,CUST612291,2025-01-23
VT00R8DJ8N,CUST451429,2025-01-04
YJ83R0DI8T,CUST001395,2025-07-05
EU94Z4JB7U,CUST221341,2024-03-01
NH31F4TI5P,CUST278822,2024-12-25
HG14C8UT5Y,CUST130829,2025-02-02
AU11B5BT1Q,CUST571384,2023-12-27
NZ05Y8QQ5O,CUST090895,2024-12-18
FS96U6JS6C,CUST730677,2025-05-12
ZA80Q3EW3D,CUST121188,2023-09-08
WO32X0WK4T,CUST860708,2024-11-18
RB82L1HE4R,CUST245919,2024-06-05
VX07M6GM2B,CUST447031,2024-05-18
XX29I8NO7Y,CUST360829,2023-11-30
KF04O2KJ4C,CUST874634,2025-04-20
AO06P4MG8S,CUST251867,2024-06-18
HK17C4PL5Q,CUST401420,2024-12-28
VN93U9KF7T,CUST909536,2024-02-29
QU53W6UR3S,CUST118416,2024-03-11
AR21Z7EQ9T,CUST490519,2025-03-29
OA27D6OL2O,CUST967304,2025-06-26
NN96C6GU9J,CUST570649,2024-11-27
XI91J5EQ8E,CUST769007,2024-03-13
TT13H0NX1P,CUST316280,2025-02-11
ZE28G8ZG7Y,CUST545598,2024-01-29
KP43L3UM6B,CUST294248,2024-10-17
HZ77F7DC3X,CUST375667,2023-09-18
JD89Q7RW9C,CUST856433,2024-06-21
GJ54O8MV3Q,CUST351853,2024-01-10
LD08G6RK0X,CUST206597,2023-09-30
VO52M9RW2H,CUST361537,2024-10-19
LX38Y2SB4Q,CUST227823,2024-07-08
FM54X8QT8I,CUST654304,2025-03-09
OU28Y9EB7J,CUST132572,2025-04-13
WL64W2IH6E,CUST164395,2023-09-19
XB33D6XL5F,CUST725665,2024-03-21
DS27X8ES8G,CUST538141,2024-07-31
BD67S1LR3C,CUST402213,2024-01-30
RP15H8GT9H,CUST826038,2024-06-25
QB38P7ZD9E,CUST353591,2025-04-07
EO35J2JK4Q,CUST642911,2024-11-12
LX85R5AP9J,CUST083494,2023-08-07
IH06V2FM5F,CUST930707,2023-10-20
BM47D7PL1V,CUST569066,2024-10-08
GY38B9JL2Z,CUST881775,2024-06-28
CG49Y3HK8Q,CUST230106,2024-01-26
RF71Y3JA6B,CUST494266,2024-08-04
TZ90Y0OU3I,CUST398681,2024-03-05
MH27E7CG4Y,CUST204575,2023-11-28
MS20Y9FF0Z,CUST547739,2023-12-14
NB68L4BF3W,CUST792438,2024-08-05
UO05E3GW6D,CUST703668,2024-10-18
FC79Q0BG7W,CUST246537,2024-01-24
RY22N1LY2V,CUST456820,2023-12-11
VZ32T2EG3O,CUST738997,2024-10-06
JC33I5UX4J,CUST210369,2023-10-16
RL15Y0XV8Y,CUST577230,2024-05-09
JM15H6CC4V,CUST691631,2023-10-23
YD33S3BF2V,CUST582974,2025-02-28
ZM15M2DP0I,CUST061156,2024-02-05
QY54U4RP7E,CUST166608,2024-06-19
ZA06O9HA6D,CUST750192,2023-08-04
YP42K2IF3H,CUST891234,2024-09-14
LW05V6KZ0U,CUST513977,2025-06-18
YC30X9NW9M,CUST082783,2024-06-06
HO32S0KM1U,CUST212286,2025-01-30
BS65D0UF2I,CUST251891,2024-12-16
YA96T5AA5E,CUST979505,2025-01-15
JK59M4GQ6K,CUST803241,2024-01-22
OE12T3OL1T,CUST767431,2025-03-23
AR44D5CZ6F,CUST335264,2024-01-19
YF29S5ZU6M,CUST038198,2023-09-25
UC36A6VZ6P,CUST783246,2023-07-22
FS31Q4AI8U,CUST958277,2024-03-16
MN79F5DI1P,CUST989506,2024-10-12
TP28K2WZ3Z,CUST434853,2025-01-07
KH91Q4MA9P,CUST672320,2024-09-10
PB40S2JJ8H,CUST799808,2024-07-05
YM47T9IJ0F,CUST560933,2024-01-26
AV14J0NC8O,CUST555300,2024-11-25
UA36N7IP6C,CUST935445,2024-08-09
LN67K6EA1E,CUST801953,2023-07-24
FC70B1WP9G,CUST696233,2024-11-27
UL52R5CJ2V,CUST434427,2025-02-22
HT49T2TJ5V,CUST244351,2023-07-29
OG53V2KR0N,CUST259130,2024-02-07
KI62O3RH5Z,CUST170058,2025-06-03
ND25Q4WH9J,CUST979717,2025-03-26
ZZ08M0EP2Y,CUST269977,2023-09-26
EX36Z8VW1I,CUST900118,2023-12-22
CE14W0TZ6O,CUST725002,2023-07-22
FT79T0HX2O,CUST746432,2024-03-27
KA17R4RU3X,CUST584230,2024-08-12
QD90S8JC3B,CUST277766,2024-10-15
XR29U1FR1Z,CUST159215,2024-03-12
OP49Y5OD6O,CUST027922,2023-07-29
FC24H5EG5F,CUST514900,2024-07-19
JO89W1AE6C,CUST089564,2024-07-13
FS91L7DB8R,CUST465466,2023-11-15
GK12F7TK9G,CUST322296,2025-01-16
PI83Q4HM0Q,CUST970460,2024-04-02
CG60M0KW3C,CUST310587,2024-08-02
IQ72B4YK1E,CUST336903,2023-11-15
WL45J9MT9B,CUST626028,2023-11-22
YA22U5JK2D,CUST830125,2024-04-12
UW26C7XK3G,CUST710538,2024-05-12
MO43W8GB5T,CUST724790,2024-10-04
BV30K4VC0L,CUST636705,2023-08-18
NU24I9TJ7J,CUST478834,2025-01-25
QW25L4LK3X,CUST862996,2024-12-11
ON65I2BX2V,CUST720558,2025-05-22
IP68B6EX6M,CUST452999,2024-11-26
QL33H4JT8T,CUST983109,2024-08-21
DB83R5BC0U,CUST852832,2024-01-20
RD29L5OF2C,CUST391671,2024-05-16
VP14Y9WC5V,CUST353347,2024-11-26
UK49Y7WT1P,CUST976610,2024-10-13
US56L5CE0V,CUST443592,2024-02-27
BV10G3RV5P,CUST233935,2025-03-01
EF14E6BS3K,CUST396255,2024-05-03
OG69E8GT6Q,CUST433147,2024-09-28
OQ95A2MS8N,CUST213820,2024-07-26
FT79U3LT1I,CUST296697,2023-10-07
XF21H2HL5A,CUST698175,2025-06-07
QU89A2PA9A,CUST174713,2024-09-06
CQ33B7AH9U,CUST934691,2024-02-22
GD80S4QU3P,CUST688421,2025-05-23
US86Y7LR7K,CUST137114,2024-03-13
JD53G4AW5E,CUST920648,2024-04-03
SO34D8DZ2X,CUST997497,2025-01-11
MF46U5UU6P,CUST149083,2024-11-28
YV37T2EE5M,CUST738075,2024-05-01
AB18H7ZX7T,CUST272676,2025-04-14
NG51V3ZM6U,CUST410085,2025-01-30
WR04G4DF3W,CUST341644,2025-06-20
GK42L9YV9Q,CUST586569,2024-07-13
UC47J9GF2U,CUST994126,2023-08-17
LF69W7BC2I,CUST873051,2024-10-15
ZX11H2LH1B,CUST745821,2024-10-26
VD06N7JB2W,CUST603327,2024-07-03
CZ27S8OX3H,CUST141073,2025-01-20
PK78Z7GF3D,CUST102021,2025-05-16
VX87F8IH1N,CUST135553,2023-08-02
YG88L1SL6T,CUST735488,2024-11-05
YX84H3ZA5X,CUST013486,2023-08-30
PY83L0UM7T,CUST093585,2024-05-18
NQ55K8IW2M,CUST218237,2025-04-10
UI12D3UN7P,CUST330390,2023-08-24
ZQ92Y3RR7G,CUST720266,2023-09-12
UQ36S5KU3H,CUST099459,2025-07-06
YI98N2UL0I,CUST326701,2024-01-11
BH11U2GW4D,CUST019404,2025-06-09
FV33R5YR8Z,CUST635266,2025-06-26
LH34C2ER2C,CUST388774,2024-08-07
QR45H8EA5W,CUST359336,2023-11-19
AI71D1TF6C,CUST892692,2024-03-25
XA61J9OU1G,CUST277242,2024-01-28
TY73L4RG0W,CUST867173,2024-03-22
PY81Z6SQ0J,CUST687848,2025-07-06
MF21Z1DQ3W,CUST356681,2023-11-06
RB51H7BE3W,CUST302948,2024-04-09
LE07B5SM9E,CUST388101,2024-05-23
FX08I0SH4M,CUST358544,2025-01-14
ZU20K9UT0X,CUST968991,2023-08-22
HK39J7OJ0K,CUST660696,2024-12-04
QO96R9ER4W,CUST071553,2023-10-30
DK16F6QY8V,CUST028360,2023-10-04
LW11F2KL2P,CUST393355,2025-03-19
YU81U6HQ2B,CUST737797,2024-11-19
AD46M4OV1H,CUST539810,2024-09-05
GN39S7CI3B,CUST180648,2024-03-08
DY97X0MG5Y,CUST125224,2024-02-12
EX17K0IN7E,CUST111671,2023-10-19
SW39Z1KF3K,CUST278135,2024-05-12
UB66B4UP2P,CUST133381,2024-07-22
OT44O5GI2D,CUST901573,2023-07-11
HK56Q7FO8H,CUST213733,2024-01-05
DS08T8ZM1U,CUST495464,2025-06-10
KP24U4KW3U,CUST797599,2023-11-11
JN16C1EF5F,CUST771107,2025-03-13
AN90N7XP1S,CUST306642,2024-05-23
XK68K3LT8J,CUST771113,2025-03-15
EU17D6BM7P,CUST564763,2025-05-13
TQ54X8FO9E,CUST893583,2025-04-23
PY51Z7GA5W,CUST660216,2023-10-12
SW03T4VB0A,CUST125361,2024-11-07
VP33A7WM7V,CUST274174,2024-02-23
ZH07T8ZR6O,CUST749943,2024-11-15
EL15S0SS8F,CUST864458,2024-04-13
EL16Z8KD4T,CUST183520,2025-05-21
PW88B4EY9M,CUST155407,2024-08-07
PG11Z6YZ0H,CUST729703,2025-03-17
AR14I7LV9S,CUST115083,2024-03-11
UA59Z8LJ2C,CUST231054,2024-09-25
PZ60C5QH0A,CUST989601,2024-12-01
HZ47P0IR2K,CUST481566,2024-08-05
TK48V6TP2Z,CUST851263,2023-09-29
CC52W5MP4Z,CUST079940,2024-12-23
YQ86C5AJ2Y,CUST137324,2024-11-25
DJ85H8DT3T,CUST194220,2024-09-12
AL28V9SX8M,CUST528756,2024-10-28
OM22S6TL0H,CUST701407,2024-11-28
OL25O0EO3G,CUST260477,2023-11-16
WC41R7YQ4O,CUST312530,2023-08-11
ZW63A4VK4W,CUST336833,2023-07-27
MZ37P0LP5F,CUST538227,2023-10-09
NQ70E0PU0T,CUST142840,2024-08-22
YE99Z1JF4C,CUST298591,2025-06-13
AJ98S0IN3J,CUST402084,2023-10-03
SU09N3IG1H,CUST577907,2023-12-29
RX35D3AM7N,CUST332283,2025-02-22
VM61V9QW9T,CUST660341,2024-10-10
AD07C0VK9D,CUST097661,2024-01-01
DR50E9DH3A,CUST972655,2024-12-13
UV28H9FH5E,CUST207044,2024-12-24
TN05I4GD4Y,CUST521874,2024-10-20
AB50I7XG1H,CUST099376,2024-10-23
IY20X8TY3N,CUST410094,2024-03-18
FL07W4XC6K,CUST604906,2025-03-01
QO56W9RS0O,CUST122803,2023-08-28
VC32D2GT7J,CUST495136,2025-06-09
CI66C9KB5C,CUST438953,2024-03-03
BR79V2FD6R,CUST786740,2024-08-31
OK90I9ST7B,CUST418454,2024-11-02
SX92F5EK3N,CUST250141,2024-11-25
KN42C2BK3P,CUST881566,2024-10-09
DQ02W9AW2J,CUST389597,2024-11-05
JA34C7IT9S,CUST961187,2023-07-26
HQ35M8SY4B,CUST911472,2023-12-25
RM21X8HC0K,CUST957110,2024-12-26
QZ31I4EV6Z,CUST980087,2024-05-13
KX12D9BM8G,CUST749853,2024-09-04
ZK68K4HA5R,CUST873424,2023-10-13
BH93D2ST2W,CUST393382,2023-12-02
XE71D2TH8X,CUST609768,2023-09-29
YQ53H6TR4H,CUST745209,2023-09-13
PH92D6BO7Q,CUST781494,2023-11-30
EU86T5NG0H,CUST003721,2024-04-11
BQ12F7XN1H,CUST473057,2025-02-16
IH06D4VR7C,CUST792042,2024-10-29
FA14G8CH0S,CUST036119,2024-09-29
DY71W7LK8I,CUST561783,2023-12-21
XH55P3XG3M,CUST216910,2023-11-28
IC90O0YO4F,CUST525624,2024-11-24
LR01F7UG9D,CUST201602,2024-10-11
KG26A9WQ0P,CUST268557,2024-02-24
MR60C2SV8X,CUST396592,2024-01-28
SB35O3EF4Q,CUST575881,2023-12-02
CV06K6JO1L,CUST320248,2024-11-26
EV05G7TT9N,CUST806070,2023-09-20
XP45F0XL6A,CUST897413,2024-04-23
FF12T0MC6G,CUST256416,2025-01-29
EF06Y8EL7R,CUST755418,2024-12-15
CB05Y7ZV8U,CUST943994,2023-09-23
ID14V9NL4N,CUST365204,2024-11-11
TV07S5ZY6Y,CUST173067,2024-07-05
US15U7MF9A,CUST733217,2024-04-17
BV71G8ML2Y,CUST998783,2024-01-03
NA56X7QL6T,CUST107081,2024-12-09
ON10A5IW7U,CUST794128,2024-11-19
UF23U6GX0U,CUST286918,2023-11-27
QU91C7KA3U,CUST492350,2025-02-13
UV77Q5BB5B,CUST702954,2023-09-28
EJ93B4EW1W,CUST428512,2024-01-03
WY45D9ND9X,CUST653663,2025-04-19
YK52P7ZH4B,CUST359872,2024-10-28
ZA98S9EQ4A,CUST974583,2023-11-20
BR87K4BN4C,CUST853448,2025-01-13
AO47K5YP4A,CUST287855,2024-10-11
QH72O0NA7K,CUST632517,2025-02-16
MF58F3NR4I,CUST424041,2024-03-28
WS32H7KU9E,CUST262008,2025-03-28
AS40A3BH3N,CUST561634,2024-04-22
VT42E9KH4N,CUST285019,2025-02-04
FH73B0FB8X,CUST577479,2023-10-11
PD33S7AC0J,CUST501337,2025-03-28
LH53O8RT5M,CUST629164,2025-04-24
PY42R3HO3B,CUST921139,2024-05-19
SL00V0HV1B,CUST219158,2023-11-30
OB27P6EQ4U,CUST945351,2024-09-21
FH55M1DX3T,CUST057632,2025-07-07
JR04C3FT8D,CUST276699,2023-11-28
UW38T2JB9R,CUST851670,2024-08-09
TR26P8JT9F,CUST484105,2024-07-07
EX51S2UF5J,CUST392208,2024-02-16
WP20Y0ID3P,CUST771718,2023-09-12
JW67J8CI8P,CUST613604,2024-08-20
QY97U5CF7P,CUST665948,2024-04-26
TZ42R2AN3T,CUST716478,2025-01-06
UT70T7FM1F,CUST101535,2023-10-09
JQ41X3CP1J,CUST895968,2025-04-21
BF86D0AP6O,CUST027817,2025-04-27
ZQ17B3FP0Z,CUST821804,2023-10-29
CQ13J0DJ8X,CUST237628,2025-03-02
AR08Z3WF8T,CUST153652,2024-03-28
VW37E7IZ0F,CUST468463,2024-11-08
JM75V9LH6L,CUST186338,2024-11-21
GF49T3KN0P,CUST064135,2023-07-20
AU97U8WV8Z,CUST801860,2024-10-13
WU20K3PA0K,CUST056862,2024-08-25
LZ22H7OW2H,CUST165109,2023-09-10
YQ52U2TD1X,CUST974294,2024-11-07
DM66Q5YU9I,CUST968519,2025-06-23
UV29I2GM8W,CUST112836,2024-10-19
DU28W4JM8P,CUST906672,2024-01-12
JG60M9RE7I,CUST216254,2025-06-04
VV00A2ON2Q,CUST631546,2024-05-15
AC09V6AG7C,CUST545284,2024-04-02
QI61D2CS5N,CUST554453,2024-06-13
SA85Q5YH7I,CUST097806,2024-01-16
ZG52U1OT7Y,CUST611089,2023-07-22
WA86A0EW3A,CUST137818,2025-06-02
OS13Z0IY5T,CUST978489,2023-12-14
EL11S7HW6P,CUST685762,2025-05-31
ZM36U1FT7W,CUST530713,2024-11-11
QB86D4KM2D,CUST419303,2024-06-20
TR65S6CE3E,CUST443532,2025-05-02
JO39C4ZM5T,CUST706538,2024-05-09
WK09S1DT9Q,CUST906861,2023-12-25
IM10W7WG2G,CUST818598,2023-11-04
LR54Y3DH8V,CUST766703,2023-07-21
JW03K7RV6K,CUST759899,2025-05-01
DQ66D7HD4D,CUST033988,2024-01-12
NY67F7HI6A,CUST647580,2025-03-28
SN94F6RZ5L,CUST748700,2023-10-11
OM79E1AB5P,CUST646683,2023-09-10
MO76Y9SV0M,CUST986610,2025-03-04
TY72L5SC1P,CUST063880,2024-11-01
MR98N9PE0I,CUST695940,2024-01-20
UR46I2SR1I,CUST926169,2024-12-18
VW72W7AN1V,CUST515297,2023-12-28
VC63Z2WF4Y,CUST178261,2024-11-29
PU48V8XT1D,CUST258668,2023-10-31
JV19Y4CK4O,CUST977020,2023-08-04
VB38X6YQ8D,CUST588183,2025-05-01
EX51P7LH5W,CUST129883,2024-01-27
MD04L2RI3A,CUST810903,2024-10-23
HX78L8FH6G,CUST745825,2024-06-29
BP12R6AV7V,CUST773683,2025-03-26
DQ71S2HH2Z,CUST642173,2023-10-03
TS36Z5RW6Q,CUST477665,2025-01-29
ZS78O6MA7N,CUST152967,2023-12-24
AF25H5RQ4I,CUST869722,2025-03-04
EG59N0FH4L,CUST796744,2025-04-18
PN81Z4FT3N,CUST997304,2023-11-14
WY44F9TA1D,CUST254385,2023-08-02
DF51D7CP1R,CUST264893,2024-05-24
VQ84E7XU1L,CUST184635,2025-04-24
TV86M8PS9N,CUST203723,2025-05-21
WS42M1DN4E,CUST456858,2023-11-16
LG25R0OE3D,CUST727801,2024-06-21
PF53F1RN4S,CUST755743,2024-07-21
WA75R2SS0D,CUST823251,2023-09-30
ES02X4XI9I,CUST205170,2024-10-04
WI07M2OX8T,CUST627964,2023-08-01
HL12J0NB1M,CUST589521,2024-03-26
DB82P2PA4H,CUST637784,2024-10-27
QQ20Q4LX0N,CUST216675,2024-08-08
YA47O0FB5P,CUST573307,2025-05-30
SG18R7HA8O,CUST617760,2025-05-28
QR26C0CW7M,CUST000330,2024-12-20
ZF29T0LP7Z,CUST905295,2025-07-01
ND53X6RO2C,CUST317375,2024-05-18
KK96R9ER4B,CUST320100,2023-11-15
VW79I9VY0R,CUST491421,2024-10-02
TR99Z0QK2E,CUST217637,2024-01-10
KL54A5YA2A,CUST186339,2024-06-14
NZ36O6FS1G,CUST043287,2024-10-25
BU87P6EN0T,CUST780328,2025-05-07
ES44B9TG6F,CUST612005,2023-09-23
DE44P7VD3U,CUST603616,2023-07-14
CN87K3JF6S,CUST483731,2024-01-07
KJ59E0AP2H,CUST733063,2024-04-03
HJ63I2MO6B,CUST362720,2025-05-11
AR73L5HE3C,CUST518653,2023-12-24
WQ23Q9HB5K,CUST521547,2024-01-03
UJ86P1JW9D,CUST783232,2023-09-14
VI10G3TK8B,CUST038864,2025-02-09
RU01O4DC9A,CUST085980,2024-01-22
OW33Y7NU5L,CUST907918,2024-06-27
GL99S7LA3Z,CUST324236,2023-11-05
IJ46A5KW2J,CUST949134,2025-02-04
BO21A9BG0K,CUST092911,2025-05-26
DW42T1BL8X,CUST959966,2024-03-13
KS42P4XF0O,CUST305591,2024-09-30
IV60Z8KY6S,CUST997970,2024-08-07
XF70F1JE1I,CUST277836,2025-05-08
ES03F7RV8Z,CUST415590,2024-06-22
EV19X0WZ8A,CUST084468,2024-05-01
VY36U4AA2W,CUST919140,2024-11-27
BA39X6JM9Z,CUST230730,2024-10-27
ZE53D0PG6W,CUST955817,2025-01-15
GX29A5OE2U,CUST209481,2025-02-24
YT93G4MW4V,CUST135369,2023-12-15
AG41Z7ZX2U,CUST939743,2024-07-17
VC67H7NL9X,CUST808797,2024-09-20
HQ62B5NZ1H,CUST838099,2025-04-20
OH87I9PK4W,CUST968589,2023-09-17
WI60O7FR5C,CUST912546,2024-08-03
WN75S2OX7U,CUST099722,2023-07-11
NH53D0MU6X,CUST672278,2023-07-16
HF66O6PU7F,CUST100762,2024-10-13
HQ86S7KK7X,CUST979911,2024-02-07
BX54D2UM7S,CUST087001,2023-12-05
RQ64Z8JS1R,CUST123434,2025-07-01
UN64V0HE4H,CUST713123,2025-04-23
ZO86U2TX9W,CUST264573,2024-05-02
VM14Z5HI1A,CUST229920,2023-10-13
KC64A9UI0A,CUST640721,2023-12-10
IE29Q7GM4O,CUST202044,2025-02-06
WE07N3IX5V,CUST826338,2025-03-26
EQ31P2DN6E,CUST978247,2023-09-13
PN33F0PK4N,CUST971698,2024-04-04
PA31J2CD4V,CUST587512,2024-08-22
WI08V6OI1U,CUST337787,2023-08-24
DK44L7MY8M,CUST556279,2025-04-25
QV99K8AG5W,CUST330674,2024-09-04
DN05O3QH2L,CUST813136,2024-04-06
UX49T9CK0Z,CUST094335,2025-06-28
KZ27Q0MV3J,CUST290178,2024-06-21
TW56Y7OV6D,CUST782428,2023-08-04
OS97Y9QR3D,CUST904578,2024-12-27
IV84C1ZN5O,CUST711462,2024-09-20
VD86K0QS1E,CUST395903,2024-12-23
PC27Y7UQ7J,CUST971304,2023-11-03
SA50C7OE8Z,CUST986148,2025-05-26
RN79G0SF6M,CUST003955,2024-02-20
LZ41C7UP7X,CUST246808,2024-07-03
ID22X9CP6X,CUST555367,2024-01-05
UV88J9WY9E,CUST183044,2024-04-09
WR53L1GK9E,CUST701154,2024-05-15
II92H1DK7D,CUST486746,2025-04-03
OI81A9LN8I,CUST085374,2025-04-08
WB57M2AH8V,CUST976383,2024-02-02
KS52X7PH9V,CUST359550,2025-03-18
SW93H1PP0U,CUST638726,2023-10-02
LE71A0QU3R,CUST913412,2023-09-26
SB37F5TO8T,CUST811223,2024-04-19
JQ00F5QQ6T,CUST227679,2024-09-20
VX56R2XX5L,CUST404408,2023-10-27
EU18W8SS4U,CUST136368,2023-12-26
GB00M0OD4H,CUST065840,2023-10-11
PT72V9QH1R,CUST767091,2024-09-09
IX92W5WM0H,CUST824541,2024-09-12
WX51C5YO3N,CUST518691,2024-09-17
JU52D7MF3P,CUST640524,2024-03-18
BZ50P4CA9D,CUST126096,2025-07-07
NI58I9RM9Y,CUST933280,2024-04-07
GA40O0NB2O,CUST617958,2023-11-01
BH59I1QE3G,CUST748526,2024-09-26
DA01W2GY2R,CUST712964,2023-08-22
YB74R8VJ0L,CUST830604,2024-11-02
CE08Y3II7H,CUST851328,2023-07-16
TG24Q7IE3E,CUST929253,2024-04-08
IW12Q2GW5A,CUST774736,2024-07-05
DY47D0VW5Z,CUST936767,2023-08-10
LA37A9DP0E,CUST541556,2025-07-03
CH51X6FU8N,CUST407345,2023-10-20
BQ04E8AP3M,CUST317966,2025-04-09
SK46R3GE1X,CUST046787,2023-09-17
FR84Q6ZP9O,CUST400638,2023-12-11
BZ41B7TR4U,CUST174466,2024-11-19
MU75E8ZD7T,CUST919495,2024-09-09
XT72K3BA3X,CUST685265,2025-01-29
JL11R2DY1P,CUST153442,2023-09-06
YJ54S5GS3C,CUST625793,2023-07-29
MS66L5PA8U,CUST909286,2025-06-15
BI23G4DC4A,CUST100892,2023-10-07
GR08I0AM7J,CUST962718,2025-04-10
JH79J1MM7P,CUST225014,2023-07-17
ZJ06T9YD9P,CUST639022,2025-02-16
GW43L4SM2I,CUST829578,2023-09-05
GD67N0JG9L,CUST168029,2025-05-28
LG80E6SI1S,CUST982270,2024-11-06
WD55G7OE7M,CUST270492,2025-03-31
LS10T5LJ1U,CUST798433,2023-08-30
PV87K4AA5O,CUST954288,2024-01-31
SS41R9LL4B,CUST779515,2024-06-19
JB71L6WW2Q,CUST014310,2024-06-07
PN73M3MG1O,CUST023472,2024-12-23
WK14X0ZX6A,CUST955577,2024-12-17
PU95L2ZC9O,CUST553191,2025-06-13
BW32F7BC3S,CUST702671,2025-06-22
OB21D8XG9S,CUST757261,2024-01-17
FD62S3UX8P,CUST495429,2023-09-05
CW61N6WS0B,CUST468132,2025-04-13
OW06P9VU5N,CUST781297,2025-02-16
VE89B5XW7Q,CUST644142,2025-06-09
QR26S8NB8I,CUST369659,2023-09-22
AO22P9SO9I,CUST423903,2024-01-24
KK85T4ZG3R,CUST428505,2024-06-01
NI54J5AE2F,CUST079333,2023-10-13
GM79C6IH4P,CUST512959,2024-04-05
CQ95Y5HH1M,CUST285608,2024-03-14
LC47H7IH3V,CUST074639,2024-09-01
EO45S5ES3Z,CUST416451,2025-06-13
MG93E2WK3F,CUST945218,2024-03-05
DA81G0YV4I,CUST806095,2023-11-29
HK21W8QK1U,CUST823027,2024-09-08
HR30X1JG3T,CUST339425,2024-06-25
SS58U7JD7D,CUST720133,2025-07-03
TF46Q8OD7I,CUST785892,2023-12-12
AB37I4OH7F,CUST815014,2023-12-19
GC44X0TV1F,CUST553407,2023-10-17
AV73I3RR4X,CUST454380,2025-01-18
ST74J9FP5E,CUST901429,2024-09-29
PJ90C0WB0D,CUST299363,2024-06-05
XB34I0OD0W,CUST451126,2024-03-10
RI31V2US3A,CUST346886,2024-01-01
PG50F2KW3K,CUST529038,2024-10-31
ND35Q6DG0N,CUST628906,2023-12-06
YX00K4YV8H,CUST362533,2024-03-28
NI64V3BU5B,CUST135297,2024-10-30
WH69R6FZ4U,CUST910015,2024-01-22
YM97E4MI2U,CUST329854,2024-08-19
FH27D0KA6I,CUST619800,2024-11-11
HH22K3OB8Y,CUST486681,2025-03-30
HH12D7AX7I,CUST458497,2025-05-15
XM78Y2FB7R,CUST879950,2024-03-07
OK98W8IH2I,CUST944832,2025-01-21
BE29U1AY8J,CUST102155,2023-07-16
UL07D3GE6O,CUST474815,2024-03-18
DE80Q5TX5S,CUST036906,2023-11-28
KG44R3DZ8V,CUST562344,2025-06-08
QR25N7BS4O,CUST795903,2024-03-01
GZ17N7NR3E,CUST730164,2024-02-14
YL13E2BU6I,CUST784376,2024-03-18
EN31E5BX1O,CUST763263,2024-04-17
EB50R1BI1G,CUST064232,2025-02-18
FY62V3IN4C,CUST477962,2023-10-12
SL91O9FP0V,CUST672474,2023-08-17
MV41D3RS7X,CUST160519,2024-03-20
CB55S4FQ9P,CUST098765,2024-02-03
DC74H3JG5S,CUST429317,2025-03-29
UG91A2EJ7O,CUST262322,2024-08-24
PV66K4OF5U,CUST019762,2025-04-30
PN33S4XM2E,CUST967024,2024-01-08
OS57O8UT7L,CUST385613,2024-01-30
VJ73D1TF7A,CUST336776,2023-12-16
NN62H0IQ8P,CUST458500,2023-11-11
KS37F5NU3K,CUST837347,2023-07-22
ME51B0XR5R,CUST880114,2023-09-27
BS03S7EA0M,CUST169934,2024-10-19
RN01Z2ZQ6T,CUST391849,2024-05-24
NF66O4UE3N,CUST712448,2024-09-01
FF86X7EE1U,CUST999595,2024-03-16
KN83J2ZM2X,CUST051761,2025-02-16
VX77X7PV0J,CUST526713,2024-01-04
WN30B8QA6J,CUST232751,2023-07-24
BD65N2XJ6W,CUST888875,2025-07-09
RV23I8QT9K,CUST272124,2025-05-27
ED45G5DQ2R,CUST303223,2024-06-07
PJ08Z8UK4L,CUST786865,2024-08-30
XH72T8MZ6E,CUST898505,2025-02-22
HH27N8WJ0O,CUST255408,2024-05-24
JE24C2MG2N,CUST387783,2023-09-02
WH68T1GN0E,CUST602892,2025-02-12
UA97A1KG6E,CUST668770,2025-06-30
YD70H2BM6O,CUST244684,2024-10-03
HT53H2OD8Q,CUST054144,2024-02-21
DS44R9BC3D,CUST713214,2024-07-02
NQ49X6LO0V,CUST760368,2023-12-20
SD61M0RT1T,CUST606185,2024-06-27
RZ97Q0KU8D,CUST281397,2024-12-05
TZ74U2HD5N,CUST434905,2023-11-11
BA80R3JH8S,CUST410062,2023-08-17
JQ84Y2VR0Y,CUST323590,2024-04-10
RN50M8VF7C,CUST342545,2024-12-21
NT12E5RM0J,CUST482986,2023-11-19
VW49X6OV1U,CUST445400,2025-01-27
LC93V5JT4L,CUST734983,2025-05-02
SZ12P9VH1M,CUST903801,2024-04-16
FS50B7VQ4H,CUST021824,2025-01-27
UT71C1QR4Z,CUST403279,2024-04-19
FJ61W4SH7J,CUST318531,2024-10-20
SI84F1SC9Z,CUST855836,2024-08-04
EZ29U6GQ1Q,CUST870570,2024-11-09
SZ15V0CL7B,CUST003151,2025-07-02
FN88W6ZT9T,CUST250955,2023-09-21
HY58A2ZR8L,CUST553903,2025-06-23
EA03Y7BQ8L,CUST379965,2024-02-25
EH65C6BK8I,CUST722492,2024-05-24
QJ76Q6AI7Q,CUST313809,2025-05-15
XS67O5GD6T,CUST047270,2023-10-05
WK06Q2QW2U,CUST696461,2024-12-16
XY22G8BV1C,CUST402850,2024-12-06
GK21J8PZ9N,CUST527304,2024-11-13
PC72Q2GI0E,CUST491276,2024-01-14
YC88O8NF8A,CUST118836,2025-04-04
KL31C6PB2G,CUST586823,2023-11-14
DX77Q7DB4L,CUST933390,2024-05-12
YD82H5WW3O,CUST813065,2023-09-19
FS16X2FU2J,CUST876537,2024-06-15
QJ51S9AN4K,CUST613322,2024-04-06
WM98D5VT7V,CUST694037,2025-04-24
KQ07M5JW5Q,CUST710089,2024-11-27
BB63T4VC1X,CUST383674,2023-07-13
ER88W2FX5Y,CUST154231,2024-04-11
ZO47W2TL6I,CUST808158,2023-10-28
KA62G1PD9W,CUST671259,2024-06-03
YL25Q7IE7J,CUST495687,2025-02-11
QH21D4CB0Y,CUST691263,2025-02-13
KN92Y3OG6D,CUST802633,2024-04-02
YD54W2PD2E,CUST426244,2023-12-12
WR24C2FK4Z,CUST072521,2024-02-08
CT14T7PE9R,CUST905150,2024-07-23
HP34P4IZ4R,CUST888514,2023-10-14
WX68M2PJ7G,CUST321490,2025-02-02
KL95Z3WC3Z,CUST532540,2025-01-14
LB02Z6IW6D,CUST160498,2023-12-21
XI05X5XH4F,CUST739599,2023-09-13
BG36E8VZ6P,CUST376230,2024-11-28
XA27B0MO2J,CUST902746,2025-05-20
IM22H2RF2F,CUST803893,2024-05-04
RP15U7LY8S,CUST707181,2024-02-18
EB76J3FI6J,CUST031496,2024-09-03
YL49R8JU3A,CUST176310,2024-01-04
WR46D2SD4X,CUST191837,2024-11-19
CH22K9MX4W,CUST728149,2024-01-14
HR82Q0JD2E,CUST968995,2024-12-26
CW63M5AV3W,CUST647751,2023-08-12
WF34N6BU4Y,CUST194925,2025-05-12
TN49F4YH9H,CUST944351,2024-08-09
XQ96Z2BH1O,CUST461090,2024-10-13
MI88T1YY8L,CUST370014,2024-04-08
EX30E8AF8O,CUST023333,2025-05-01
TE91L4LH4X,CUST645847,2024-08-14
GH17O1PL9V,CUST566159,2023-12-04
LH92T7UK1X,CUST446669,2025-01-29
TT93W8IM3B,CUST517823,2024-06-05
JW10Z3WZ2R,CUST570269,2024-01-18
PI26K7ZH4X,CUST653041,2025-01-26
DI96G9DS5Z,CUST843792,2024-01-20
UH04I7MO8G,CUST055036,2023-10-11
HD75L4JG7T,CUST209791,2024-07-01
IO41N3BU9L,CUST772707,2024-07-08
NB22P5US5I,CUST892300,2024-02-08
AP89Y6CD2K,CUST320079,2024-03-28
XC02I4WY1T,CUST029131,2024-04-18
YI89S6ZZ6N,CUST040086,2023-07-31
GR36V3MS5Z,CUST604914,2025-02-04
YY99Y8EI0C,CUST772780,2023-11-08
EM13Z9UL3L,CUST084698,2024-06-24
QO82E8NO8P,CUST101786,2023-10-01
EC61Y0IO5R,CUST055668,2023-11-30
DT74Z5QQ9P,CUST572538,2024-04-14
IW66Y0TO4Z,CUST586943,2024-10-27
LD18C0QB1F,CUST570679,2024-10-01
JZ88E3YO4B,CUST579599,2025-07-07
XP92Y7TS9V,CUST217566,2025-03-04
YK51M3UC3U,CUST994071,2025-05-12
QZ39X1AZ0U,CUST498851,2024-02-26
FS72L4ZM4B,CUST218058,2025-02-23
MG25W3QB5Z,CUST362057,2023-09-23
GH31I4PF3T,CUST116515,2023-11-20
JV24T7FN5V,CUST953619,2023-12-01
EQ49U6TQ8C,CUST758967,2025-05-11
JL48L2SR4R,CUST396030,2024-02-24
UT07B7WX3J,CUST495539,2023-07-25
TQ02H8DH9P,CUST690153,2024-03-25
AR11B9AE9Y,CUST910128,2024-04-10
HD09W4ZX5K,CUST114766,2025-07-04
CN23I4RM6N,CUST200707,2023-12-05
FM82O6YT2C,CUST454098,2024-08-20
ZX99Y4YA9L,CUST523493,2024-08-07
SG28S2HY2T,CUST592254,2023-10-27
QY00R9XW2V,CUST859810,2024-05-12
QV30R8PS1Q,CUST058523,2024-02-17
ST59N7VO1N,CUST194346,2025-02-28
PL89Y8WQ4Z,CUST463762,2024-06-21
ZQ15V7DA6C,CUST107368,2025-03-07
NP69I3FH0L,CUST447335,2024-11-16
AV70K1GD5C,CUST518342,2024-01-05
HS69A7KA0U,CUST519518,2024-08-05
NV77H3CN0V,CUST522190,2024-07-01
RY23T2IS7P,CUST635024,2025-01-20
KG46B6BV6P,CUST815462,2025-05-25
BI63A3XR9N,CUST521196,2023-10-15
RN16N8GQ6H,CUST824659,2024-09-11
UJ91B9NE5W,CUST861995,2025-05-04
VL79I1EP6F,CUST467754,2023-12-11
FY96D5QO8P,CUST361135,2024-04-19
MU27E6VU0C,CUST695127,2024-01-10
PY35R0MP2X,CUST953487,2023-12-03
CF76D1BR4A,CUST265281,2024-07-18
YY23N1VI4G,CUST772494,2023-08-06
BU17Z4UJ0R,CUST880372,2025-04-12
QJ60F6UD7A,CUST316445,2025-03-04
JQ21J8IE3G,CUST948932,2024-10-25
TT11V4TF2R,CUST389388,2025-01-02
FM37A4PH5Z,CUST982703,2025-06-12
NW80H4SQ5Q,CUST290218,2025-05-01
KC51W7BA3S,CUST180839,2024-01-25
HZ32N5PP1B,CUST312774,2024-04-02
SV07F0WZ6J,CUST965122,2025-01-15
AJ76F9VG1Z,CUST530891,2023-10-31
ZU08Z2NA6M,CUST118338,2023-08-04
JG83G6ZX6U,CUST127326,2024-09-21
WI47C3UT7K,CUST643606,2024-02-21
ZJ07S7HV5G,CUST811229,2023-11-18
HD10Y3JA8F,CUST644673,2024-01-20
QC58F7EF0B,CUST922309,2025-03-16
LK21N0GN4H,CUST482788,2025-05-24
EG07T9MP4N,CUST771299,2025-03-25
QQ42W0PT7E,CUST103214,2025-04-28
AU62Q7DZ4D,CUST325479,2024-05-06
HS99K6AP9O,CUST388633,2024-04-16
BI42C2AD5I,CUST663520,2024-04-17
CE98Q9KO3R,CUST625892,2024-09-17
PF24Q4BF5H,CUST901549,2024-04-23
JZ76G9NS4U,CUST984450,2023-10-14
DV88O7ZM9E,CUST824268,2024-11-07
HS17T7SC0U,CUST433967,2024-09-12
NT66B6ZC2C,CUST943271,2023-10-27
GW43I2ZP1G,CUST542560,2025-05-05
DA49D8VG4Q,CUST623587,2024-07-05
JO66Z5QJ9X,CUST253869,2024-02-10
HE58C8JD6J,CUST483623,2024-10-13
ME75E4UH5L,CUST547190,2025-04-18
DM18W7VU8H,CUST774925,2024-08-23
HU53F9PU5M,CUST770056,2024-07-16
LL64I4JM3E,CUST733456,2024-05-20
EW69J1EE0B,CUST490673,2025-05-20
VO71X7VY7J,CUST460758,2023-12-20
LH78C2WD5N,CUST092951,2025-04-03
UR86H4JW0A,CUST321364,2025-05-21
TU23I4AD3W,CUST727205,2024-10-13
VP48E8QB9J,CUST610877,2024-05-31
TF34C3IX3Y,CUST918771,2023-11-01
ET78X5KB8F,CUST402248,2025-03-21
XV29J2QH0U,CUST008148,2023-12-31
DJ42E2YY7G,CUST757215,2025-05-02
WU14P6OE0J,CUST659199,2023-12-10
MG85Q6WE4C,CUST310235,2023-11-19
RC51G7IQ8V,CUST396672,2024-10-23
KM57F6GD0Y,CUST569700,2023-09-07
SB04N1QA3D,CUST237741,2024-12-18
FY47A8EX5O,CUST132588,2024-08-08
CA53V6GZ3J,CUST944667,2025-04-11
