Order_Item_Id,order_id,product_id,Quantity,price
SZ7W5K0Q5K9X,O500000,100000,7,790.07
LE1K3T5J4S5P,O500001,100001,6,58.05
OD5K4E5T0J3O,O500002,100002,6,536.42
WU8P4F3D1Q2L,O500003,100003,50,269.09
CM3I5S8S6B8H,O500004,100004,7,35.56
OG9P2E1G8A7Q,O500005,100005,1,986.24
UN3R5D0R7E5Z,O500006,100006,7,769.21
WM0V4N2T4V0S,O500007,100007,50,316.13
JO5U2B7C8C9X,O500008,100008,3,764.02
GQ5A3R8B2V1U,O500009,100009,1,345.42
MK9L8L1J2N6Y,O500010,100010,6,343.6
TM7H0L8K8W0O,O500011,100011,50,52.18
EI9S8D5W8J1M,O500012,100012,6,429.7
WY9Q3G4R0U0W,O500013,100013,3,546.8
DQ0G0M5E6W3N,O500014,100014,3,600.26
SO4N1R0V5O5C,O500015,100015,1,338.89
ZM1N5S7P7U3L,O500016,100016,50,425.82
DO1T4T2L5M5P,O500017,100017,3,945.13
WP4O8S5M9E4W,O500018,100018,1,415.02
CC9O6F3G2I8N,O500019,100019,3,57.83
LX1D0N7X3M1J,O500020,100020,3,186.4
NP3E8G9N5Q3K,O500021,100021,3,298.22
HZ8V1K5V6Y5C,O500022,100022,3,154.64
WW8E2A9I3E6O,O500023,100023,7,432.91
OP6S6G9S0I3M,O500024,100024,7,867.67
QJ1T0U0F1X1Y,O500025,100025,6,154.47
DJ5C3G7X7D0J,O500026,100026,1,359.57
PT2G7S7B9K7H,O500027,100027,50,556.29
IN9J8G9C9Q9X,O500028,100028,7,491.51
ZF3R8F3L0D3M,O500029,100029,7,186.12
TB2O7G8W3Z0Q,O500030,100030,6,574.35
VF8N5W5N2Y3D,O500031,100031,50,28.34
DN3G9I1S0Y8U,O500032,100032,1,343.89
WF6V1V9X2H9P,O500033,100033,3,857.72
EE8O8X2L0L4P,O500034,100034,1,62.54
NM4E1X7R8Q9Q,O500035,100035,7,54.1
UE9C9U0U9Q8Y,O500036,100036,6,983.31
NV1U9K3Q0R9F,O500037,100037,6,382.56
WV7O4K5U1F8M,O500038,100038,7,558.78
HK8T1A6P4E4Z,O500039,100039,3,982.63
IC2Q5S1X9A7H,O500040,100040,6,271.02
MN5S2R8X5L8C,O500041,100041,1,525.94
ZH4B3G8L9T6L,O500042,100042,3,538.26
HW6C7J9U3M3M,O500043,100043,7,850.42
AQ3O5H4Z2Q6I,O500044,100044,1,324.91
OU9H5X9N6T9Q,O500045,100045,1,503.07
PX9J3Y0S9T7V,O500046,100046,7,713.96
MW5L1Y9B4T9O,O500047,100047,7,256.9
OG6X2M2K4H8V,O500048,100048,1,713.95
XV9S7F8T7R7Z,O500049,100049,7,322.25
YZ7Q1L8G0O8H,O500050,100050,1,732.43
IF9B8Q3Y8R5B,O500051,100051,6,649
PR7S2E1E4O0V,O500052,100052,1,161.04
YK5X3R1F6O2Q,O500053,100053,6,476.84
JK5T0S1H9V5U,O500054,100054,7,684.68
NK7H6C0S6V1N,O500055,100055,3,986.31
ZU5B3Y0F0G6E,O500056,100056,1,830.14
BG3V6B7P7R7G,O500057,100057,1,361.11
RU8Y7I7Q2B2K,O500058,100058,50,638.77
DW6X8W8Y1F8Y,O500059,100059,1,514.88
NU5T2L3S4J3V,O500060,100060,7,714.38
YI0H2Z1P9R0Z,O500061,100061,6,386.62
EZ9R2B6S6M0B,O500062,100062,3,789.71
WN7Q3V3G0E7U,O500063,100063,3,397.43
ZD8T4E4V7J0T,O500064,100064,3,717.5
WS5O4O1G5N7M,O500065,100065,7,549.19
DI4E8N8V3M4E,O500066,100066,50,134.98
ED8V9M3E1Z4L,O500067,100067,50,308.05
RG7V1C9R7Z7C,O500068,100068,3,608.54
PY8R8V4Q4L4D,O500069,100069,1,174.36
AO6L8N8I7W1D,O500070,100070,3,56.5
OI9H8S8K9P6V,O500071,100071,50,672.11
QM0M5B0L2A4D,O500072,100072,1,164.21
EP9V8K6R8Z3B,O500073,100073,1,912.96
SK6I3U9C6F6A,O500074,100074,3,428.71
XQ9M6A8S3N3T,O500075,100075,1,44.61
AB5E5T4L2S3P,O500076,100076,7,310.88
ON8F3Q9S1C0J,O500077,100077,3,790.12
OF5Q7P8H3Q2E,O500078,100078,6,82.7
IC0N2Q9X7P9Z,O500079,100079,3,320.15
JA2T3E4T4L6C,O500080,100080,6,83.48
LY2I5I6U1W9A,O500081,100081,6,992.07
YI5Q7O1V1K6Y,O500082,100082,7,309.68
EO5W3S2F5Y4R,O500083,100083,7,24.83
OY0Q9E3M1I8X,O500084,100084,3,281.28
KT3G0O0A3M2K,O500085,100085,3,430.74
ES3U0C8K5Z4T,O500086,100086,50,377.52
LD0V9R2K0Q6S,O500087,100087,6,876.88
HD2J6W9J1B5E,O500088,100088,7,178.44
BS5S9W7F6N6E,O500089,100089,3,682.71
RT3E5H3D8I7B,O500090,100090,7,804.51
YK4N2K0W2H6U,O500091,100091,50,827.06
KF9Z8U9S2B5G,O500092,100092,1,298.8
VX9B1F2J3W6J,O500093,100093,1,161
EX8M7G3R7Z2G,O500094,100094,7,224.44
CW2R9U1U0T4V,O500095,100095,1,950.74
OO1F9E8A4A9N,O500096,100096,6,633.99
OA2D1L3N6B9I,O500097,100097,50,195.92
QY4O9S9C2C0F,O500098,100098,6,860.67
HZ2S2S4R7J6X,O500099,100099,6,578.62
OG0B6N4T4B7F,O500100,100100,3,212.27
GT0R5I4R5K9D,O500101,100101,1,465.78
BS3Y5Z3Y8S7Z,O500102,100102,1,760.46
GQ0E0F7U8N4Q,O500103,100103,1,750.9
YP8E9L6U1B1X,O500104,100104,1,643.87
DT8O8U6Q2X7Y,O500105,100105,6,134.72
TN5S8U4Q0P0T,O500106,100106,50,320.21
NZ7F4B6U5Q4O,O500107,100107,50,730.37
QX9M2Q5E7L9G,O500108,100108,1,257.79
BC2P4V2G0I8D,O500109,100109,6,514.66
TT4Y3S6I6H3N,O500110,100110,50,113.27
BZ5Y2C8L5W0Y,O500111,100111,7,811.95
CZ7Z1I5S9U6M,O500112,100112,50,688.45
AM4D2O5P0M8L,O500113,100113,1,952.07
JK9U0E7E0U2I,O500114,100114,3,789.66
QL2E9I4B7W2G,O500115,100115,50,205.56
UY3E2D6K0W7H,O500116,100116,7,62.51
YJ4B9B9W2V9B,O500117,100117,7,711.62
TM1H2L4N6P5S,O500118,100118,50,307.73
QU6F6G6K5J2K,O500119,100119,1,223.82
NG8Y2R2K0S4F,O500120,100120,50,323.1
QC4L8R4Z2R2T,O500121,100121,50,642.73
YG5G7I4I0I8R,O500122,100122,3,598.56
SH7I7N9J1T0X,O500123,100123,50,617.94
MB2U2B7S5W5P,O500124,100124,50,359.77
WM3L5I2H4F8E,O500125,100125,3,723.92
UG9N7U2R2N8H,O500126,100126,1,196.49
MH9B4Q9L2Y3N,O500127,100127,6,544.62
DB4H2A1S8V3V,O500128,100128,50,959.98
NY1E6B1F6O6N,O500129,100129,50,435.41
YU9Q7V3X5I7W,O500130,100130,50,98.57
YY5U4X5P2M2P,O500131,100131,1,425.74
JZ5A9X9E9X0A,O500132,100132,3,214.39
RZ0N9P6N0P8E,O500133,100133,6,805.95
DZ9G0M0M6Z4I,O500134,100134,50,552.91
XP5P5Q6Q7S0T,O500135,100135,6,617.48
TZ4W4B5S7T3Q,O500136,100136,7,10.37
EB4H5P5R0X7D,O500137,100137,50,989.51
CS2H3D5X6C2I,O500138,100138,50,462.94
PZ2A3M5M5O1I,O500139,100139,7,982.37
PY3G0Z7Z2E5C,O500140,100140,7,195.21
JH4W4Q8R1A6O,O500141,100141,50,500.75
HM8I6L3S0K5I,O500142,100142,3,991.47
GA8M8C4X5C7G,O500143,100143,1,482.46
LA5J4Q1J9O8H,O500144,100144,1,527.29
NB6J0Y9C9E7U,O500145,100145,50,299.84
VF7J0L4O6Q1Z,O500146,100146,7,673.68
EZ8G9Y5V1C1C,O500147,100147,1,166.98
CP5U8O9R6S0L,O500148,100148,50,929.24
CN8I1B5D5T5Q,O500149,100149,3,123.27
EI2T4V4W2N3U,O500150,100150,3,586.48
ZC4V9X8X0G1Z,O500151,100151,7,828.94
HV8Q2S7K8L0B,O500152,100152,50,276.83
YD1V2B9B0R1M,O500153,100153,3,714.28
WQ9J9F4S2B2R,O500154,100154,3,627.06
JY2G6H8I1A0X,O500155,100155,7,487.66
PA4E4B8M4Y4I,O500156,100156,1,169.06
EO8S5L7D1C3G,O500157,100157,1,618.53
HN1W4W9P2M3Y,O500158,100158,50,17.93
BA7L7F7U8J3O,O500159,100159,3,278.16
CH6M0J4V0U3M,O500160,100160,3,157.19
NZ2Y6K6Q3J2O,O500161,100161,50,711.52
ML3H3R5N2G7A,O500162,100162,1,512.51
BB2U1S0C4K4K,O500163,100163,6,810.7
EA6D3E9A8A4M,O500164,100164,7,18.21
NP7M8O4C9G8U,O500165,100165,6,941.32
BH5C1R1O1G5D,O500166,100166,6,21.32
HM6E8D6Z6U2O,O500167,100167,50,743.94
SC4E0O0F8I0J,O500168,100168,7,31.91
IB1Z6E7V4L2E,O500169,100169,1,164.88
AR3D5M6J7V6K,O500170,100170,1,537.82
AQ8G2S9G3K5J,O500171,100171,1,199.67
GT8D3P0O8I5M,O500172,100172,50,80.22
AG7F0T3N6A4Y,O500173,100173,50,957.75
MB1F1O4Q9F7Y,O500174,100174,1,91.99
BE2D7W2Q6V5N,O500175,100175,3,142.66
QZ1U2U5Y9V1W,O500176,100176,1,850.88
ZV1L9I6Q1N5G,O500177,100177,7,997.03
FZ6N4H3G5R7S,O500178,100178,6,109.36
VP5U3T1Z7P0D,O500179,100179,7,290.27
DL6B0E4Z6A3F,O500180,100180,50,244.99
AH8Q6N4V1Y7S,O500181,100181,7,867.89
ER0D8Z5B2V0Z,O500182,100182,50,484.99
KS4G5V3D4F4H,O500183,100183,1,380.55
VT0B8O3Q0E0L,O500184,100184,7,333.67
QT1A0V6W3Q0G,O500185,100185,7,331.28
BV9J5B5W8S9V,O500186,100186,3,428.24
ZZ1N2Y4G5X7X,O500187,100187,7,353.22
ZZ6Y4Y3I8R5X,O500188,100188,3,822.46
UG6Y2K9O7Y7Z,O500189,100189,50,408.6
RL7Z7V0X8A5C,O500190,100190,7,609.37
RF3Q0H9A5W1K,O500191,100191,50,747.18
IC5B5Z7G1A4N,O500192,100192,7,176.33
BB9A7D7H1O4E,O500193,100193,6,961.3
OZ8Q2E7K2K5P,O500194,100194,3,903.91
MW6K7U3Z2D4U,O500195,100195,7,320.79
RL0T0U8J2B7J,O500196,100196,7,728.67
IE9W5M8Z1Z7L,O500197,100197,7,435.81
RN6L0H5U9A2D,O500198,100198,6,450.68
FU4R6T8C9S5C,O500199,100199,6,401.83
KI2W2V4E1E3P,O500200,100200,3,126.65
SC4R3C8T6G2B,O500201,100201,3,914.34
AY0M4W2I9A4L,O500202,100202,6,107.46
JA5Z7T1Z9Q8V,O500203,100203,50,294.08
NH4J1E8J9N0O,O500204,100204,6,315.66
TM3G2P2O7K9H,O500205,100205,7,106.53
XQ6K0Z0J7D1K,O500206,100206,1,308.77
IO9W5L7D3X0A,O500207,100207,6,32.87
WH0J7I9D7X8S,O500208,100208,3,59.37
QY7K9H1Q6N0B,O500209,100209,3,57.29
VK8P4T7J1T7T,O500210,100210,1,678.71
CJ8H1K1U4B8C,O500211,100211,7,276.57
BE7V5C3R6Z0D,O500212,100212,1,882.61
SI2I3F3W7E6S,O500213,100213,7,284.05
FV8J0O0V0F5I,O500214,100214,1,401.77
RY2R3A5E7B4J,O500215,100215,50,196.71
SX7F5A0P8X6Z,O500216,100216,3,283.65
HC4U4G4A9N7R,O500217,100217,50,433.7
KM9Z5D6I9X1C,O500218,100218,6,342.9
EZ5M2C8P7C9S,O500219,100219,6,894.68
OL6X4R8I2G0P,O500220,100220,6,774.56
OU9S2M4V0I5N,O500221,100221,50,96.51
HP0O5J7H2H7K,O500222,100222,50,410.86
NC6O4M8D2A5I,O500223,100223,6,208.1
MF2J3V2X3D4W,O500224,100224,1,286.02
HO6B4C1W9T8T,O500225,100225,50,728.16
PR6S2A5H4F1K,O500226,100226,3,39.56
YH8R4Y3C0P5N,O500227,100227,6,773.18
MW1Y4L4F6B5Q,O500228,100228,50,614.83
BD8C0I0R8K8G,O500229,100229,6,395.34
CZ0C9H1J4M7O,O500230,100230,6,926.63
LD0N0L0S8L7Z,O500231,100231,6,364.79
HJ3B8E9F9P0R,O500232,100232,1,16.17
WB0Z9W0S4U3T,O500233,100233,7,119.08
UW1X7F7N7V9J,O500234,100234,3,411.06
XA2U6V0N4S1P,O500235,100235,3,776.09
GA4B5A7U5I0G,O500236,100236,3,715.05
HJ5D1R0T6E9G,O500237,100237,50,315.78
UM5R5D9L6P2L,O500238,100238,3,510.89
HT0M8B1J4Y9Y,O500239,100239,6,193.62
JA3H2T6O1W7O,O500240,100240,50,676.78
MG3C8Z0M6A8L,O500241,100241,6,281.89
FH9C1L0Z9Q5L,O500242,100242,6,168.97
AT5E5N0O2W4P,O500243,100243,6,22
SK0H5J2Y8S3X,O500244,100244,6,680.23
FI1H0K5I2R1X,O500245,100245,50,189.06
NN9R4Q7H3S2P,O500246,100246,6,812.85
BZ0J8W7Y9V7P,O500247,100247,6,307.8
PB1X1J8D4A3P,O500248,100248,7,18.15
ZR1Y2R7E1Q5L,O500249,100249,7,488.06
HP3J4Y3U2Q5F,O500250,100250,50,325.54
EV5V6X3H7E3S,O500251,100251,6,155.98
SY7J9Y8R1W0E,O500252,100252,50,117.9
MH0F1W6Q1Q8M,O500253,100253,7,604.81
OI7T0G4J2E6D,O500254,100254,3,428.59
PQ2Q7P5A1K0G,O500255,100255,3,90.84
GH7L1E6R8K4V,O500256,100256,50,902.41
MB7H3S8M4F4Y,O500257,100257,50,121.13
DB4U9Z7X0Z9Y,O500258,100258,3,209.09
OB6E1B1G1R4D,O500259,100259,7,61.18
GK4Y5R7Z2J6R,O500260,100260,7,526.98
BK4V9Q3X8E8B,O500261,100261,7,844.49
QE7L4A8E4N4A,O500262,100262,1,486.81
VI1Y4L7J3H4S,O500263,100263,1,629.29
OK0S5E7W3D2T,O500264,100264,7,863.83
WD0B9L1L5R3S,O500265,100265,6,978.35
NJ7A8M2X4P9R,O500266,100266,50,410.87
TJ5A0L1I8J2Y,O500267,100267,3,590.04
SL2T9D7E2H7P,O500268,100268,6,126.62
PI3E8M7B0J5M,O500269,100269,7,735.74
OA6X2R3K3W8O,O500270,100270,3,69.62
TL2G9W1L9S4I,O500271,100271,50,462.22
TT5L1J1E1F9I,O500272,100272,6,261.72
DS3O0W6R4H8U,O500273,100273,7,349.87
IZ2O6K8J0W2I,O500274,100274,7,297.63
DR8H9S9L7G2W,O500275,100275,6,614.69
ZH9Y0L9W7Y5R,O500276,100276,6,432.95
ID3S8V9D4K1V,O500277,100277,1,920.32
ED0R0T6B7Y3I,O500278,100278,50,378.14
JW2X6W8E3M9C,O500279,100279,6,384.1
WG5K0D7H3T7V,O500280,100280,50,777.03
ME9F2Z3C4Q7F,O500281,100281,7,345.64
IO6N8X5L4Q3I,O500282,100282,7,562.85
HN3J0D9S9V0B,O500283,100283,7,626.21
WD6B9O9Q7I6O,O500284,100284,3,319.46
UZ7E4K9W8A8V,O500285,100285,50,294.41
ON5G9A2Q8H3M,O500286,100286,50,442.39
LG9B3L5Y2W1J,O500287,100287,50,560.56
WL2L9K4U0H9S,O500288,100288,6,293.3
XR0Y6R4Y3L9D,O500289,100289,7,349.72
QF9G5A1B1B5D,O500290,100290,1,311.84
DD1L0U5Z9S8N,O500291,100291,3,27.4
ZN0S6W1E0X7E,O500292,100292,1,620.8
XO9X3L2D8G4D,O500293,100293,7,633.84
YX3T6W8H7U1I,O500294,100294,50,108.87
BF6A1K4V8Z6I,O500295,100295,7,21.2
TH7J2K8T3E5V,O500296,100296,1,310.75
EJ2J1M4K0G4A,O500297,100297,6,643.42
WN3O6P9Y7I2T,O500298,100298,6,437.42
UP0A4W3W4E2U,O500299,100299,1,363.77
LP3I3O0C2S4G,O500300,100300,6,722.54
UK9B5C3L3V2Y,O500301,100301,1,15.54
RA7M9P5U4H8J,O500302,100302,3,647.88
WP7R2H5V3Z1C,O500303,100303,3,323.13
QE3L7U5L3Q4A,O500304,100304,50,245.72
QN6N8T8F5T7W,O500305,100305,6,41.23
OS8Q0Q7R6S9Y,O500306,100306,6,900.16
YV4E3N5A0G7R,O500307,100307,1,889
NI9W0C9V3C5J,O500308,100308,7,352.72
HM4T1D9U3A7K,O500309,100309,6,263.19
VZ3Q7M7T1C4K,O500310,100310,1,534.83
BL3B6Z7G5T8S,O500311,100311,1,182.69
LP8W7P7S6Z5A,O500312,100312,6,326.28
BH2R6R6S0I2V,O500313,100313,3,220.75
GG3B6G7U5E4A,O500314,100314,50,891.45
CV7Q5I3R8O2D,O500315,100315,7,263.1
HP0I0V9Y2X9F,O500316,100316,6,695.43
MK2F5F2K7U1I,O500317,100317,6,395.43
WZ6T6A8N1I8A,O500318,100318,1,321.36
IO3P8B6K2I2P,O500319,100319,50,811.48
AE1U5Q1K0U5J,O500320,100320,1,958.05
OW0Q0G9L6B1Y,O500321,100321,50,732.81
SE6W5C8P1J1C,O500322,100322,6,721.29
ON3K4E3A9L6H,O500323,100323,6,638.28
AW8O5S0U2D9X,O500324,100324,50,415.48
WN7I7Y3Q0Q5U,O500325,100325,7,90.11
QC8S4E5Z5A0Z,O500326,100326,7,100.83
GH2X0I9G5B6A,O500327,100327,1,838.62
DN0L7F5R4H2M,O500328,100328,1,765.55
VH5N3O6W2L1B,O500329,100329,1,79.16
HT2Z0O0G8L0T,O500330,100330,3,382.36
RZ9W1E2Y7M8M,O500331,100331,6,933.49
BI2I6X8A1Z3J,O500332,100332,7,987.14
KV6P7E1W3Q4P,O500333,100333,6,298.09
DJ6J8N0E8A2I,O500334,100334,6,391
LH4G3X8U8M5E,O500335,100335,50,751.56
ZZ3Y0L5V7L4F,O500336,100336,3,169.42
BU2R0W8Q0U5U,O500337,100337,7,261.07
VL3S1E8G1V9C,O500338,100338,3,70.2
CB8C6P0R5N6I,O500339,100339,3,134.47
FP2A7Z9V1U0E,O500340,100340,50,276.87
JR6D6Z4K4H0O,O500341,100341,6,432.91
FM3W2W8W7D8T,O500342,100342,6,154.96
HE7Z2I1L1A8O,O500343,100343,3,245.72
TA8A8U7O1R2E,O500344,100344,3,24.44
HO5Q5Z3W8Z4R,O500345,100345,50,972.36
DL6G2D6F2Q8Z,O500346,100346,50,267.12
UK4H0Z0Y6V4B,O500347,100347,7,292.52
MB0K5H7J5F1H,O500348,100348,6,61.58
LW0Y7K0C1V7G,O500349,100349,50,570.32
FW0U3B5E3V7Q,O500350,100350,6,83.45
LR3U8A6Y0M5X,O500351,100351,50,461.09
SW0D6K8A2E7B,O500352,100352,50,123.31
VH0S4P6H4M7Q,O500353,100353,6,136.73
XG4S7G1N7G3Q,O500354,100354,1,637.45
NJ0B6R4M0B0T,O500355,100355,6,504.84
VB7I1X3P8E1H,O500356,100356,7,329.24
VK4M9F6J6O5N,O500357,100357,6,450.45
OX2Z6O6E8J4P,O500358,100358,3,383.81
CP3B9W0S7Q4G,O500359,100359,7,712.17
RV4F1J8F0V2I,O500360,100360,1,364.81
BP0O9G1P7I6V,O500361,100361,6,129.82
VP8I5Q7W8N0O,O500362,100362,6,652.67
UW0Q2G6O3Y2S,O500363,100363,7,709.28
XL2O3X5Z9X1O,O500364,100364,50,63.74
DM0N3A9R5F7P,O500365,100365,6,651.93
QC9M7L7N1L0N,O500366,100366,7,389.75
FI3F7X3X8F9B,O500367,100367,6,920.77
WZ7J4M7O0P8L,O500368,100368,1,382.98
FE9U6G6N2B4C,O500369,100369,1,882.1
QW1X2X4C2C2H,O500370,100370,50,619.46
MC6Y7C8K5I0M,O500371,100371,1,814.01
CZ4C4M0T6N4P,O500372,100372,7,199.12
YM8Z1J6J6H8N,O500373,100373,50,477.82
UI0Y8T0P5P4X,O500374,100374,6,267.24
UY7D4A4B7T4O,O500375,100375,50,135.76
QR7L8J7O0F5X,O500376,100376,50,592.13
YM3P9V3G3P0O,O500377,100377,50,693.95
EF7Y1V8Q0R2I,O500378,100378,50,625.41
HY2Q7N2P2A4M,O500379,100379,1,448.29
KJ4C0E8K3E7R,O500380,100380,1,486.61
MK7T2H1Z2T0O,O500381,100381,1,500.72
UF2V3G6W2Y3K,O500382,100382,7,720.64
IE9C0O8X4Z6N,O500383,100383,1,425.61
QQ4B9V3Q8V8P,O500384,100384,6,327.7
BH3W0Y1G7S1B,O500385,100385,1,187.06
LO6P7B6G5E2E,O500386,100386,3,213.53
ZV0Z0V0H4N8A,O500387,100387,6,977.2
JI1X0E1V7L9A,O500388,100388,50,338.01
RD6H1Z9E0D3Z,O500389,100389,3,112.53
CE5O2S5Q5A6B,O500390,100390,3,252.11
QO3L4A8R1E5J,O500391,100391,1,72.69
BW1P0M8I5C5P,O500392,100392,6,292.33
BO5F0A4H5J3Z,O500393,100393,3,498.74
XM9K5C7E0B4N,O500394,100394,1,508.46
OG0I8E0O2D0Z,O500395,100395,6,41.6
YJ9M5A4X8W2I,O500396,100396,6,25.36
OO8C8E8Y1D5E,O500397,100397,1,62.32
KW7K4B2X3F5U,O500398,100398,3,81.06
EM7E4B3N3B7Z,O500399,100399,7,312.28
KZ9P7H0C3W6U,O500400,100400,3,682.45
HX9Q8Q6Z2Y0P,O500401,100401,3,635.99
SC5X6I5N2E3A,O500402,100402,1,403.01
QU8C9Q2X5P6Y,O500403,100403,7,300.17
EZ7A5P1K3Y7F,O500404,100404,6,401.14
BG1N0B9K1F7P,O500405,100405,6,845.92
XS4C8M1D2Q4F,O500406,100406,6,672.37
ET8X8U0D8U7T,O500407,100407,6,194.06
YJ6Q9U0W3K7O,O500408,100408,7,536.03
RC6P0H4C4V7C,O500409,100409,1,121.42
ZZ6P3X6Z5K5G,O500410,100410,50,715.33
FO1U3A3R7I4O,O500411,100411,6,739.38
SQ9N5A3V9G6M,O500412,100412,7,732.7
YP5T6I1W8J6P,O500413,100413,6,891.57
XH8J1L5K5E9M,O500414,100414,1,959.54
KS4U4D6R7X7U,O500415,100415,6,127.98
GO0J5Q3R7H8E,O500416,100416,3,702.52
BX0P3W9J2H4P,O500417,100417,3,149.98
IT1U6U0K6I9O,O500418,100418,7,402.41
BL4T8Z3Z5B9B,O500419,100419,3,127.59
BB9Y8J1H6I6U,O500420,100420,7,755.39
ZJ1B0T3B9H3F,O500421,100421,50,86.12
FP8O8F1B6J2M,O500422,100422,50,570.71
MI3P8X9T3G8K,O500423,100423,6,217.99
IN6T7G0S1Y2I,O500424,100424,3,779.09
NF0C2T3E3T4M,O500425,100425,1,283.43
YP6A0M4Y6A3V,O500426,100426,7,738.19
YB1F2A0U6D9B,O500427,100427,3,781.66
TX5L5Q5J8D6C,O500428,100428,1,985.66
EX8G6Y4E9G7O,O500429,100429,3,414.93
VV0I7G2C2O1G,O500430,100430,7,643.5
JF3P3E1C3U7V,O500431,100431,6,571.68
GJ3R6T5D4T5J,O500432,100432,50,821.53
IV5Y3T4O2V5Y,O500433,100433,3,138.14
SF3P0I5Z6D9Z,O500434,100434,6,889.12
HB0R4U4N0V3P,O500435,100435,6,489.68
XS3W9A3J0M6M,O500436,100436,3,384.32
IS6W3N7A6O9O,O500437,100437,7,371.38
YW6F4Q7O7N9P,O500438,100438,50,740.56
ZM3D6M6K1Q7S,O500439,100439,3,543.23
NT5R8M6T1W9X,O500440,100440,7,387.02
LV4X3K7P1O7N,O500441,100441,7,310.76
RU0S7I7R6D8D,O500442,100442,3,78.07
FV1G0Q6C6W3Y,O500443,100443,1,138.11
ZW3X6K1L9S2Q,O500444,100444,6,44.4
MN8S9H9Y9H4I,O500445,100445,7,499.37
CV6M0Y8H8E0Y,O500446,100446,50,446.51
OU9N9E3W3G5C,O500447,100447,7,972.74
HM9C7D8Z9G4A,O500448,100448,1,424.9
QC1V8Q4I6P5I,O500449,100449,6,253.07
MK3B7B1I4F3Y,O500450,100450,50,885.43
UL8W8R7R4O4D,O500451,100451,1,834.38
QT7M5U6M5R8Q,O500452,100452,3,308.25
NC6D7G6Y3F4N,O500453,100453,50,257.43
LZ8C8Y3O5Q9Z,O500454,100454,1,276.28
QD0S0I5N2L6V,O500455,100455,50,36.74
FI0F8K7V4X1W,O500456,100456,50,124.29
GJ7N2K4X1M0G,O500457,100457,7,622.21
QU6Z8F4D7J1V,O500458,100458,7,986.14
IU7Z7Q3W3N2F,O500459,100459,6,547.29
YG2Q9N4T4H7H,O500460,100460,3,950.86
RP4B4Y4Y7C9T,O500461,100461,50,799.11
MI7L7F1W7S5Q,O500462,100462,50,721.93
PO9V3H1C5L5U,O500463,100463,1,208.14
HA9J3P0X4R4P,O500464,100464,7,103.86
IB8S9L1V4F3B,O500465,100465,7,666.96
MI3B0N1W0N5P,O500466,100466,3,639.11
JF2A7K1Z8O7H,O500467,100467,7,726.61
WG5P8F0F7X0O,O500468,100468,1,241.74
SR0Q1T4C7O5R,O500469,100469,3,188.42
NG3C9Q9O6M2Q,O500470,100470,6,741.92
II7D1A7R7Q4L,O500471,100471,7,520.04
HZ4F8H3F3J1E,O500472,100472,7,42.09
TF1G6U5H3K9W,O500473,100473,7,638.05
ZN4N6E4Y7N8F,O500474,100474,7,608.73
ZC8P8C7Y8G8A,O500475,100475,3,854.2
SV3A5M8D7S1S,O500476,100476,1,831.8
NC4I7I5A0M9S,O500477,100477,6,709.82
GA6S4L4N2D9K,O500478,100478,6,773.35
RB4K9H1C8O4Y,O500479,100479,7,612.37
NP5O6S0E0U8E,O500480,100480,7,928.02
EM0B9A8V7T1M,O500481,100481,50,244.86
JY0B3E9X5F4U,O500482,100482,3,352.09
HY3L9U6Z0P6Q,O500483,100483,3,298.51
KZ4M9A0S1D4Z,O500484,100484,6,791.28
PS9E5Y9A1A1P,O500485,100485,3,497.22
JM1Q4G1L2B1B,O500486,100486,3,560.73
TJ2F9I0R9D8A,O500487,100487,7,622.84
WO4B1D6E3V4I,O500488,100488,6,156.43
PI8O1Y9X6X4B,O500489,100489,1,641.77
PE2L4Z4T4T6I,O500490,100490,7,969.59
UI3E5X9Z3V5U,O500491,100491,6,223.01
DT0Y4U4F4O2I,O500492,100492,3,358.49
ZO5C0U4K6Z6L,O500493,100493,50,903.72
TO6S4B0P8U0I,O500494,100494,3,857.6
FG0S8I3D4R5T,O500495,100495,1,954.76
IA9W5I9J9G9Y,O500496,100496,50,335.25
KE7I6G7J3Q6Q,O500497,100497,7,72.53
UY8A8H1T4Y8L,O500498,100498,3,469.66
WY2X7M1Y3L4H,O500499,100499,3,638.82
RV7L9M6W0G6D,O500500,100500,6,940.28
NP5V3L9A4U4U,O500501,100501,7,62.48
FS8Z1M7R4X0L,O500502,100502,7,398.47
DQ2L1Q9T4I0R,O500503,100503,3,958.66
EN0H0C3V7Z6R,O500504,100504,6,843.87
RD5W8Q7G4F8Q,O500505,100505,50,927.05
RU5K8W0P0V8T,O500506,100506,7,631.28
RS8H5U9E9U6S,O500507,100507,50,344.82
RD6Y2O6F7X8Q,O500508,100508,6,190.27
TN0N7H1W3I5J,O500509,100509,6,967.97
JP7B1D7I8J8K,O500510,100510,7,701.28
PS7F8Q8W7B3U,O500511,100511,6,982.66
HS9X1L6U7J4S,O500512,100512,7,364.39
GP4Z8S7A8B4R,O500513,100513,1,169.64
BG3H9W5G6G8Y,O500514,100514,1,856.5
AE4F1U9P4I0J,O500515,100515,50,343.8
JB6L1G2S3J7U,O500516,100516,1,163.67
CE6R6R3F3T6S,O500517,100517,6,469.89
MR0E6J1L4W4T,O500518,100518,50,640.22
MG0S2K7D8Q8U,O500519,100519,7,172.39
EB5I3S3E0B5A,O500520,100520,3,640.94
BF8R5H1P2L1C,O500521,100521,3,213.59
BL8K2F7H9P4B,O500522,100522,1,286.16
KP8H3D7O2O8L,O500523,100523,6,558.02
UO6G3B3B5U1D,O500524,100524,1,544.73
YZ7M0W1X2O9E,O500525,100525,1,292.37
KG2K5S7W5W7W,O500526,100526,6,380.06
GX1T4F6E4M3U,O500527,100527,50,38.46
AP4C6Y8G9P6L,O500528,100528,3,714.78
HD5M9R2Y1F7J,O500529,100529,1,477.62
KG8X0D9M5K7N,O500530,100530,1,439.75
BP9D5U4E6M8D,O500531,100531,6,142.89
OH7A4L6O6L2U,O500532,100532,50,130.38
BE9D8J7E6J3J,O500533,100533,50,770.7
OE3X9B9O4F9C,O500534,100534,1,153.57
RY9K2E0M8A7M,O500535,100535,7,443.16
RU7Y9O0B4O9T,O500536,100536,3,132.51
EM0V2Q8E1X0F,O500537,100537,3,839.68
SV9D4F6S0E2E,O500538,100538,3,87.51
XT4F8C0S5F0P,O500539,100539,6,553.52
DM0H8Q6S5W1E,O500540,100540,3,463.12
IB4C6Z3L8B5S,O500541,100541,3,375.69
QA4T4S6N1Z7A,O500542,100542,50,338.52
UJ3L3C0Y3G7O,O500543,100543,6,159.47
VT0P6N7A5L8T,O500544,100544,7,418.03
BX9H9F9Z4E3X,O500545,100545,1,227.2
MC9D2K2H1K0J,O500546,100546,7,882.66
SG7O7V4O7T8O,O500547,100547,6,553.65
AS8J0V7S9W8Z,O500548,100548,50,18.93
MF5J0V4T1O3K,O500549,100549,1,456.32
TG1R4O0R3Z0N,O500550,100550,6,943.26
OS3U6X9R9Z3T,O500551,100551,7,530.61
HZ3N6T1A6O4O,O500552,100552,6,318.89
YT7M1R3A8R9J,O500553,100553,6,974.16
AW2F0B0J9O5B,O500554,100554,1,519.32
GH7B6I3T4J2T,O500555,100555,1,188.82
WR1K5N9E8A0H,O500556,100556,6,517.76
CE4O6F7I0V4X,O500557,100557,6,802.72
RH2H6T6E3P2H,O500558,100558,7,80.33
BF1A3O3Z9U5V,O500559,100559,3,390.88
LE8M2Q1P9J2R,O500560,100560,3,19.01
MN6N8B3O1Z7X,O500561,100561,1,901.94
CO8R0F1T0A4O,O500562,100562,3,402.18
WN5Z6A8S3V0R,O500563,100563,50,188.94
OG0T5P3U2K3L,O500564,100564,50,585.35
UZ8E5R9T1N1Q,O500565,100565,6,18.6
OV8H6Y2L1T9M,O500566,100566,6,222.86
QT6P7L1N4P7L,O500567,100567,6,359.53
MD7P1G5G1M8P,O500568,100568,6,80.72
SG6L7A1V6Y8X,O500569,100569,3,49.25
BO0P2A4L0A3W,O500570,100570,7,767.26
HA2S8G9F4G0X,O500571,100571,1,228.03
JM0M1T8X8G4U,O500572,100572,1,803.65
BB9D2E9E3E5Y,O500573,100573,50,190.78
XP0G2N1E6S8M,O500574,100574,6,542.48
XJ7H0Y6V4N7M,O500575,100575,50,488.27
ZP8I0B1G2E5H,O500576,100576,1,358.12
GB0U7T0S7Q2O,O500577,100577,3,925.38
GW3U1O8X4F3Z,O500578,100578,50,717.82
CO8N6H3F6S6V,O500579,100579,6,130.18
TQ1N8R0L3M4H,O500580,100580,50,813.29
OD8I6I6H8X5E,O500581,100581,50,973.48
RW2V5N9H6Q6T,O500582,100582,7,607.24
NN6I5G4X7B1F,O500583,100583,1,960.56
CM6M1G6X9O9C,O500584,100584,7,665.32
VB1K0V6R6O6Z,O500585,100585,6,135.83
AU2W9A5I0L2U,O500586,100586,6,311.12
GV7L8O5X6C3C,O500587,100587,50,319.11
NB0K2R9T2T1C,O500588,100588,6,169.16
EN8P9T2V6X6N,O500589,100589,3,601.18
LY2T1F2U5J6I,O500590,100590,7,788.98
NS7E8P1M6H7L,O500591,100591,3,526.83
MX8C9I4M1B5Q,O500592,100592,7,294.59
JG4D2M4M7K7Q,O500593,100593,7,203.33
UQ5S9X1S2R2R,O500594,100594,3,958.98
MI4N9C3W2F3W,O500595,100595,50,230.34
VP7Q5I7X0C6D,O500596,100596,50,174.39
LI5A9T3S2C2C,O500597,100597,1,860
BC2K6Y1Q2K0Z,O500598,100598,3,602.86
ME6F7G9K2Z7E,O500599,100599,50,121.54
QC4R3E0D0A5J,O500600,100600,7,134.9
IV5T2N1U8C0B,O500601,100601,1,562.55
SO1X7Z4N5B6F,O500602,100602,7,577.14
YP2X7F5Y9V3R,O500603,100603,3,295.08
SM1L1S5C9C2O,O500604,100604,1,422.38
GE7W6Z9T1V6O,O500605,100605,3,843.24
VS0U7P2K9T7Z,O500606,100606,3,441.12
TE3S1J8E5V2C,O500607,100607,3,917.77
BQ6R9O9V5A5L,O500608,100608,1,569.32
BF7I3H2L4T2E,O500609,100609,6,23.07
KI3H4A4M7D3H,O500610,100610,50,575.5
MF8D8M7V8C8D,O500611,100611,6,574.49
ET7G6O9O6W5T,O500612,100612,1,966.18
QH3Y8J4J1T1J,O500613,100613,3,185.43
YI2L8A8L4B8Y,O500614,100614,1,574.92
KJ0U0G9D8U8E,O500615,100615,6,735.06
QA9C5X6I5P1D,O500616,100616,1,487.66
NI6M7W0G4U3S,O500617,100617,50,623.9
KZ2Q0E2M0W0R,O500618,100618,1,186.27
TX0K8K4S5Q5V,O500619,100619,1,720.12
ZD6I7X6N9W3L,O500620,100620,6,623.71
SN3R2B8F8J1E,O500621,100621,50,514.86
OL6H8C7A8B9V,O500622,100622,50,42.17
MD1P6K2M1L4V,O500623,100623,1,790.85
GU5Y4F8V3W3E,O500624,100624,7,866.15
VK9V7Y9E7N6L,O500625,100625,1,110.44
OK7A2H6T5C4L,O500626,100626,50,169.58
CL9A0D8N8E5H,O500627,100627,6,157.82
CJ1Z0H1P0P9F,O500628,100628,1,809.82
MX7K5W5B5M9T,O500629,100629,3,490.41
MA0Y1Z7L6L9G,O500630,100630,3,447.39
XT1K2U6Q9Y2A,O500631,100631,7,770
EG3D9G2K5L5T,O500632,100632,3,748.28
OU3U1S0D0O9Q,O500633,100633,6,863.42
FI6A6A5S5M5P,O500634,100634,50,153.15
FE6Z5B9M3K7L,O500635,100635,3,386.31
KF2A5U3A3D2R,O500636,100636,3,496.63
RZ9H2D3A5V1I,O500637,100637,1,324.74
PS9G0M0Q5U1R,O500638,100638,1,543.1
TM6D0A5K5P7C,O500639,100639,50,378.19
HP7K0W2Z9A7R,O500640,100640,1,797.81
XX4Q2D6D6M5B,O500641,100641,1,746.7
ID8D1W7C0X8I,O500642,100642,3,170.69
EK5M9W1B8N7J,O500643,100643,6,75.81
BZ4L0D9H5J6K,O500644,100644,7,283.54
CX9B8U6E2Z9N,O500645,100645,3,659.35
EX0K0D7U5J0V,O500646,100646,1,804.08
OB6Y8A6Z8C7S,O500647,100647,6,157.42
WP7C9V1P3G8M,O500648,100648,1,135.67
CK3C1P0J0T3F,O500649,100649,6,997.81
UA9W8V1Y7H8Y,O500650,100650,6,586.26
HN5T2W0H8V0T,O500651,100651,50,363.51
ZR6C3B8Q7Y4T,O500652,100652,50,182.36
UJ9L5V6H8G5U,O500653,100653,3,934.86
LG2M4O6D2J3O,O500654,100654,3,718.25
XT2X4Y1N9H2I,O500655,100655,50,69.08
MJ5X3M5I9U5B,O500656,100656,50,218.45
SE1B6Q5I2Y8Z,O500657,100657,1,185.54
BE4G0K5Y8F9D,O500658,100658,1,132.87
QG3F4E4T8X4D,O500659,100659,6,773.31
RG1Y4F5L8L7M,O500660,100660,3,538.9
GI0A4G5W8V0F,O500661,100661,50,568.79
NU1P4Z5U4J0A,O500662,100662,1,503.04
UB1M0D8D8A9S,O500663,100663,7,275.59
BL7V1D0L7S5V,O500664,100664,6,704.34
TY3R8Y4K2Y7H,O500665,100665,6,615.28
CM9L3D9L0V4I,O500666,100666,6,815.64
PH0G5I1H6G9T,O500667,100667,6,129.09
ED9U1O5V7D3M,O500668,100668,1,800.7
FB2G4H5Y4V7Y,O500669,100669,7,190.18
IA8S7N7J6X4V,O500670,100670,6,613.98
DU9J7V6S4A8G,O500671,100671,1,407.93
FI5X9W9J9W4M,O500672,100672,50,940.34
WM0G0V5G7C1N,O500673,100673,6,87.93
TO2T4X9I0X1G,O500674,100674,50,917.89
BJ4R3E4A8E4M,O500675,100675,50,172.2
JR1Q6V3N2D8W,O500676,100676,50,808.68
BH5Y5Y8M2R7O,O500677,100677,1,610.76
VK7T1W3W1T7X,O500678,100678,3,469.52
WF2X8H9G5N0Y,O500679,100679,3,107.05
DM5N6B3R7K2U,O500680,100680,7,419.29
PZ8X1W2F1A2T,O500681,100681,6,878.34
HT7P0P0V2A4G,O500682,100682,3,458.69
ML1U2T4D8Z2Q,O500683,100683,3,382.24
LL3J1L3Z3Y6G,O500684,100684,50,43.8
XR9G3X7D5C0Y,O500685,100685,50,731.83
OQ8U9N9V1L5Z,O500686,100686,7,374.3
MT1A2K2Z0L8J,O500687,100687,3,539.03
ZQ0N6J5D1G5P,O500688,100688,6,84.83
WO6Q0M2Y6T6O,O500689,100689,3,178.92
SF4M5L8F2P0I,O500690,100690,1,642.27
OC8X1E8U0U7H,O500691,100691,3,274.72
CG1O1U3B9H7Q,O500692,100692,1,264.01
QL1H3N2C3N4V,O500693,100693,50,663.34
LB6P5W9G6E3E,O500694,100694,7,171.92
JM4U7F6S1G4D,O500695,100695,7,173.8
SF3K3P1U6U5Y,O500696,100696,1,25.18
AZ0W0T8B7N0S,O500697,100697,6,190.72
TD6G0F2K7O9Z,O500698,100698,7,354.08
RI0T0T4Y3M3T,O500699,100699,6,247.84
JH1D4B8G6K0P,O500700,100700,50,408.43
OF5S2V8Z1M4K,O500701,100701,3,570.77
KR4X8I9F7C9R,O500702,100702,50,297.29
DS8D9H0X9R0X,O500703,100703,50,411.35
VU4T7S8R4H2K,O500704,100704,6,493.36
MM6K1Q2Q3Y5C,O500705,100705,3,21.22
JR3W1I5Q8J4Z,O500706,100706,7,944.82
QI2L4X6B4B9Y,O500707,100707,7,866.58
ET6K0K0E3Z3N,O500708,100708,3,392.8
MA0T8T9I4N6X,O500709,100709,1,837.66
ZW6U9V2F1B7A,O500710,100710,6,88.79
JX5O1C7D6L3T,O500711,100711,50,72.99
KY5J5L3G3V0R,O500712,100712,50,898.29
VI7C3Z3C1V4I,O500713,100713,3,280.12
NO5L6O9W9N0Q,O500714,100714,1,759.38
QI3J5K5L4I4Y,O500715,100715,3,300.08
JF0U2F9T8Y7B,O500716,100716,1,210.21
SU7O7T3U2Y6L,O500717,100717,50,889.51
JE6O9V4O4E3Y,O500718,100718,3,858.82
VJ4H7I3L7B4S,O500719,100719,50,540.44
YZ0O4H5L3M4O,O500720,100720,6,681.21
QP1R5W5Q4N8A,O500721,100721,6,807.62
KC1Q6J2F9I3S,O500722,100722,50,385.27
XD6Y5R0F5L8N,O500723,100723,6,729.27
JJ0N8O2F3M9W,O500724,100724,1,474.61
BK8D9L4Z6M6N,O500725,100725,1,231.01
GH2R1B0N3Z5F,O500726,100726,6,359
PL1B3R3G6Q8V,O500727,100727,7,287.28
TP1J1Z3V4G4Q,O500728,100728,50,164.53
UR5O7P9F1U8I,O500729,100729,7,869.03
KM9A9Q0O1Q4M,O500730,100730,50,297.78
EG7Q8A1D7R5G,O500731,100731,3,490.91
HB1Y3E4D6E8Z,O500732,100732,6,234.89
EZ9P5W2S5Q8B,O500733,100733,3,812.92
NY3F4S6F3Z2O,O500734,100734,50,364.06
NV9K0U4B0A1O,O500735,100735,3,839.49
QI4W5H6F3M2B,O500736,100736,3,915.2
GF2B4E3S9U8F,O500737,100737,7,611.65
BD8R6Y3E9N5S,O500738,100738,6,462.14
GW9U5G2Q7B0V,O500739,100739,3,113.68
XV4I2D6L7G9D,O500740,100740,1,720.15
LU7E5P1C5Y7F,O500741,100741,7,326.39
ZZ5J0V5P2K3D,O500742,100742,1,898.6
KG3H1A7M9P4F,O500743,100743,50,48.36
TZ8H5O8V9Q9K,O500744,100744,1,955.32
VU0N0M5Y4I3S,O500745,100745,7,716.06
CK6M7H0S9H2P,O500746,100746,1,633.22
GM8W2S0V9W3A,O500747,100747,7,664.92
IV9H9Z6B0I3J,O500748,100748,6,630.67
UV0Y5L0X3O7Z,O500749,100749,50,37.49
EB1B4C9G4R6H,O500750,100750,50,138.32
XS6R0V4X7J0F,O500751,100751,3,634.27
QN5V4F8F6N3S,O500752,100752,1,882.24
DF0I7K5V2E0Z,O500753,100753,1,369.9
TY1Y6V1R8F4Q,O500754,100754,7,394.32
WP5P1C8I4P1E,O500755,100755,6,629.39
JN0X2W3M3H8S,O500756,100756,50,634.91
ZG6N4U7T9C9G,O500757,100757,6,159.83
PO5I0F1N8E8H,O500758,100758,3,708.82
VV5D2K8T2J6X,O500759,100759,3,497.35
NJ2Y6Y8W3Z1Z,O500760,100760,50,506.04
NW3T3S2S0D6G,O500761,100761,7,277.38
OI4V3S1C3B0X,O500762,100762,50,271.51
MC3J2F3G6D4V,O500763,100763,1,833.73
AH7U4Z1O4B4T,O500764,100764,50,398.15
HJ5E0E8P6V3D,O500765,100765,6,923.25
BA3W2B8W3W7K,O500766,100766,50,960.59
JG8B8K3S7J5J,O500767,100767,50,554.26
TG1N8O4G6G8Q,O500768,100768,3,840.28
EC1A2B0L3F0U,O500769,100769,50,114.35
TK4Z7X3X2O2V,O500770,100770,7,372.69
YN3F0S3L2D6T,O500771,100771,3,643.93
QQ8N5Y2D7P7Y,O500772,100772,50,32.14
PQ0D0T4I8Q4P,O500773,100773,7,963.84
CC3S8I5W1R0J,O500774,100774,50,861.08
XC4Y5R5U1X0E,O500775,100775,1,71.31
XP2Z8K8V0E0Y,O500776,100776,1,991.93
WY9D1J4J1S4K,O500777,100777,1,99.71
XO8T7G2H2L5F,O500778,100778,6,284.31
HC9K0L8Z1G2O,O500779,100779,50,970.64
DD7E9H6H8Z4T,O500780,100780,7,958.61
FW6I6P2U9H6A,O500781,100781,50,41.09
WC5Y1C4S1E5Y,O500782,100782,7,797.81
HT5K1I6H4M6E,O500783,100783,6,735.21
MR7T7S3N5C9D,O500784,100784,3,370.21
QK1K2Q4S5K4R,O500785,100785,7,60.71
LF6N1Z2O6O4I,O500786,100786,6,469.6
SE9K5X4N1V1K,O500787,100787,3,376.5
VQ5N3N3F1P4B,O500788,100788,3,170.04
JC4A7G2N7I9W,O500789,100789,6,166.88
GN0V6F6D4H3A,O500790,100790,50,96.63
ER7K3T0P0T9C,O500791,100791,50,511.83
ZJ9O4P5U4J4W,O500792,100792,3,243.28
VF1Y6J7V2G5H,O500793,100793,50,641.96
RU5Y0L6X4N2Z,O500794,100794,1,311.99
RB7A3Q0D1I8O,O500795,100795,7,625.83
UF6Q4E4C3O1G,O500796,100796,50,589.19
WB6H5O6P4L5O,O500797,100797,1,950.53
FA2L7V8T5Y8X,O500798,100798,3,390.01
UD6L3M2G4S6G,O500799,100799,7,600.54
CM0E1T8O6G8O,O500800,100800,1,705.45
QV9P4H2Q0O7U,O500801,100801,7,627.29
YI2F5A9E8Q8Z,O500802,100802,3,122.65
DC1J9N1P6J1M,O500803,100803,1,708.64
MG6X3P2P6W0Z,O500804,100804,6,832.44
HN1D8C0C6I7X,O500805,100805,1,424.51
YW3F7P0L0P1M,O500806,100806,50,244.25
QO6R9M5N8X0E,O500807,100807,3,805.02
ZO4H8Z6R6N6E,O500808,100808,6,112.14
TW0U6I9S9P6K,O500809,100809,6,79.7
DE3V3T0J4O6M,O500810,100810,3,159.56
TO4X8Q9U1P8X,O500811,100811,7,540.08
MB4G3U4C4C3P,O500812,100812,1,85.66
UV6N9R5A8Q6M,O500813,100813,3,203.08
RA6L5Z4M5S9M,O500814,100814,50,59.11
KS4T7C2A8F8K,O500815,100815,1,251.64
AQ7D2L0Y4N4J,O500816,100816,50,625.98
RP7A8C1F6O7U,O500817,100817,50,113.93
VK4N1U2B3V8Y,O500818,100818,6,77.89
FY8Q7Q2P2F5B,O500819,100819,3,994.25
JG1C9C2H3F1R,O500820,100820,3,598.09
YV6E2M9F6V1N,O500821,100821,3,871.53
EJ5D9L9B2Z1B,O500822,100822,7,456.6
EZ4Y1S0E5D6K,O500823,100823,50,977.8
NC9W5B8B2R5P,O500824,100824,50,385.22
QK8D8O2B4O8K,O500825,100825,1,346.77
OX0A5B8E2R2H,O500826,100826,6,642.87
AT2C1Q0D5P4K,O500827,100827,3,133.76
ZX5G7Q6P7D2K,O500828,100828,50,753.94
YP7E9X0Z3R6N,O500829,100829,7,690.76
VF7Q1U6K1Q2O,O500830,100830,50,722.86
WF4U2M9J8K7W,O500831,100831,3,694.3
SG7Z2N8Q3Q5R,O500832,100832,1,870.48
UW5C9P4A9I5K,O500833,100833,3,885.4
QV1P0U6O6J2W,O500834,100834,50,30.96
DM3F9Z4G9X0M,O500835,100835,3,670.33
ZY4H4Z3Q0Q6T,O500836,100836,50,294.13
VE3T1N7M9U4A,O500837,100837,1,155.69
SS1U8D2J1J4F,O500838,100838,7,53.4
BM2L9I4W5C9X,O500839,100839,50,88.31
AN7Z3Z1S2X6Q,O500840,100840,3,466.26
DU4U9Y1Z9O4Y,O500841,100841,3,32.04
FW3M0C1L6H0P,O500842,100842,6,251.36
KK6O4G8F7C8Z,O500843,100843,50,745.86
WM7A3H0N5N4R,O500844,100844,3,231.28
MM4W7R6H1I6E,O500845,100845,7,634.86
EW5P3R1A5E9K,O500846,100846,1,824.83
LL3B4V5Q6O5O,O500847,100847,3,684.76
JF4I7J6U8E3X,O500848,100848,7,285.96
FB4D7E7K3G6H,O500849,100849,50,859.77
PY7F5S2C8T6H,O500850,100850,3,445.79
KY2X4J2F6P8P,O500851,100851,7,908.66
CP6L4Z1P9H9F,O500852,100852,7,584.27
PZ5S7P5T9R3O,O500853,100853,7,801.19
UV6I1L9V6O5D,O500854,100854,3,749.26
LM5I8V3X2Y6Z,O500855,100855,3,750.46
ON9T0A3U0J6I,O500856,100856,50,497.75
YW8Q0Z3V0I2H,O500857,100857,50,793.98
HA0R4H5L6V1G,O500858,100858,3,949.39
HT2K3P2N4O8Y,O500859,100859,1,531.67
NW8I2O0Q3L7L,O500860,100860,7,103.44
NQ9B3S4Z2Q2K,O500861,100861,1,403.03
AH7Q2I2X3K6U,O500862,100862,7,25.94
TI9Q8G4H9J4O,O500863,100863,3,994.27
FC6I8L9L6M0L,O500864,100864,1,56.2
IE2S2Z8Y1G6Y,O500865,100865,3,402.46
QJ7A5S0G8C5M,O500866,100866,6,328.31
WH9F0P4C5N2A,O500867,100867,7,37.55
RS9V9Z4N7N0C,O500868,100868,50,399.67
ZM2W1V7D3C2D,O500869,100869,6,481.37
CI0N4R8V3S2R,O500870,100870,3,951.73
LH0V6M7Y2B9X,O500871,100871,1,730.77
CH6V6H9Z2V5W,O500872,100872,6,141.44
DW3V6H9N2B1M,O500873,100873,6,883.99
SA2H1H9W2B4J,O500874,100874,3,143.15
GN2B8Z7C1C5R,O500875,100875,6,145.26
ZR2G5Q7P6H1A,O500876,100876,3,790.74
ML4G2K3K7A5Z,O500877,100877,50,908.37
DK9D1V8G4R1E,O500878,100878,1,909.22
EZ9N1R5F8S3L,O500879,100879,1,258.37
LJ3O9T7J2U5X,O500880,100880,50,817.68
QJ4V8I6X1N2S,O500881,100881,3,954.02
IJ9C0W5F0H6O,O500882,100882,6,190.06
SG4F6Z9V9K0K,O500883,100883,3,671.22
DN3G8X8M5P6D,O500884,100884,50,341.56
UI9Q4M6C8B5V,O500885,100885,3,304.33
SR0B1W7R4Z4W,O500886,100886,3,763.41
UA4T1Y0Q5Y6W,O500887,100887,6,161.78
SQ1I1S2F2N4B,O500888,100888,1,157.64
JC6Q4V7F5Z3R,O500889,100889,1,661.63
LU0Z7Q4H7B6N,O500890,100890,1,800.26
UH9A2D1C0T0Q,O500891,100891,7,902.59
KZ6Y9V4P6G9W,O500892,100892,3,287.57
MT1T1Y9J3R8T,O500893,100893,6,275.68
DT9B3G6G4J2K,O500894,100894,3,726.72
HN4P6Y9A9Z5K,O500895,100895,1,638
PG3R4F0M1K8D,O500896,100896,7,703.42
GH3K5U5Y2D7G,O500897,100897,1,845.09
AL0N7Z6G6G9O,O500898,100898,6,703.81
HC7U4J0W7S0Z,O500899,100899,1,310.08
JQ7D8A2F1D8M,O500900,100900,50,70.05
YD7X4W2F3B5X,O500901,100901,6,104.35
RZ7Z0A6L8P4A,O500902,100902,3,358.69
JU5V5W8J3W5Y,O500903,100903,6,928.11
KP7D2Z8T6B0B,O500904,100904,6,16.43
CR1K2J0M3W6R,O500905,100905,50,628.3
MQ6O8B4M2T3B,O500906,100906,7,484.09
RO2N6Y5X5K9R,O500907,100907,7,967.17
IE2D7W2U7J5E,O500908,100908,7,445.21
KO8K1G3F6I5M,O500909,100909,7,528.96
AD9V2G0R9B3S,O500910,100910,7,712.5
HC2V3I2D9X4T,O500911,100911,3,657.01
RW4X1Q3W7O7Q,O500912,100912,3,57.55
BY5D2N8R4P0W,O500913,100913,6,824.2
LZ1Y6A1V6K0R,O500914,100914,7,440.84
PB7Q7Q9B5D3E,O500915,100915,1,799.49
BY2B1H4A5G8G,O500916,100916,3,578.08
HG0N3Z9S3O5T,O500917,100917,50,850.17
IH7X7O7M0F8I,O500918,100918,7,975.36
CZ7M5T2F1B1Q,O500919,100919,50,529.27
TJ1Y3W7R8F6I,O500920,100920,1,595.71
UK9L5K6C9E9V,O500921,100921,50,873.41
LG8E9Y2Z3L7Q,O500922,100922,7,69.86
TM8O2G6G9A1Z,O500923,100923,6,727.48
TS5J6R4N1E4N,O500924,100924,6,482.64
IH3I6A5E4S8U,O500925,100925,50,311.86
HC4I4P8B1R6J,O500926,100926,3,701.99
VX6C8Q1A1Z4W,O500927,100927,3,296.89
FL1H0F4V7E1B,O500928,100928,1,633.19
WA1J6E2E9F8S,O500929,100929,50,687.01
UD2O6G2L0C8R,O500930,100930,1,506.7
XQ8Y2J3Q1H5X,O500931,100931,1,956.01
VG0U6U6A4V4C,O500932,100932,1,252.45
QZ7X8C4T6V1Y,O500933,100933,50,867.09
JD5X4F4Y6V2G,O500934,100934,6,577.64
GQ1Y6D1M4B7G,O500935,100935,1,830.66
IV1F5D9U4X3Y,O500936,100936,7,687.36
FF5E2B2X9G7L,O500937,100937,50,772.84
LY3C6D4A4X3I,O500938,100938,1,315.36
CS9D7R5R0S1G,O500939,100939,3,954.3
MY8G5S4D0U9O,O500940,100940,3,563.32
VQ7E6M4F2V8X,O500941,100941,1,861.18
JF4K2P4A9E4P,O500942,100942,7,867.58
AY0L9O0J2X3W,O500943,100943,3,653.65
YJ7B3I0Z6A4Z,O500944,100944,1,757.58
EW8X8T0M2J9O,O500945,100945,7,540.34
RR7E6Y9P6X5A,O500946,100946,6,486.61
QM4W0C5M3B6Z,O500947,100947,1,835.45
DQ8X7I3C3Y4K,O500948,100948,6,475.66
EP5E1E4F3X8R,O500949,100949,3,540.27
PY7P7N8B9W7D,O500950,100950,7,168.05
DD1I4H7V2L7E,O500951,100951,50,142.28
WC9P9M6M7W4A,O500952,100952,50,492.12
MV5J5J3Q3E7Q,O500953,100953,50,813.13
JE6Y6M7Q0U1B,O500954,100954,50,585.77
MC3P7F1D1Q9M,O500955,100955,3,269.63
UD9W3N2O7T9T,O500956,100956,6,799.42
OW4R0T8S2G1F,O500957,100957,6,524.34
NA5A8N6I2V1V,O500958,100958,6,399.98
FV8D5O5N3R5N,O500959,100959,7,827.48
ZC7R4E4F6O1K,O500960,100960,50,166.51
AB1T6Z6E3Z8G,O500961,100961,7,383.61
WS5I6T1Q3V5K,O500962,100962,7,469.31
SK3G5G3U3R2X,O500963,100963,6,899.09
QE0X0V7K6M2W,O500964,100964,50,684.38
DB8S9K8W6T8I,O500965,100965,3,590.93
VW7N4G3I8K6J,O500966,100966,3,615.21
ZS2A0S6C5R6Q,O500967,100967,1,161.85
HZ2S1G8S7B3A,O500968,100968,6,398.19
ET5V5L1I9S4I,O500969,100969,50,201.13
EY1Z1O7C9C7R,O500970,100970,50,883.83
AE0B4M8X3B1D,O500971,100971,6,689.23
PG6V9S1X8K4V,O500972,100972,1,830.24
SM5G1R1K0M2N,O500973,100973,3,149.77
JV9K0D0K7C9T,O500974,100974,1,721.73
AD8E6F5M1B2J,O500975,100975,3,532.47
MZ9W8T2B5Y6N,O500976,100976,1,514.84
AG5T3T0H6D5X,O500977,100977,7,552.86
RC3V3V3N8U4V,O500978,100978,6,519.82
OA1Q0W5L2Q6E,O500979,100979,3,499.48
QU4C5Y3M7N4U,O500980,100980,7,809.22
VD8S2T8U8M2X,O500981,100981,1,881.39
ZV4L7D0X7X1F,O500982,100982,3,275.17
OT5D7W1Y2Q0E,O500983,100983,3,252.69
DM8V2A0Y8H0K,O500984,100984,3,569.67
VG1M2L3C0D4A,O500985,100985,3,186.83
LN9N8B5K4L7G,O500986,100986,50,554.56
JA3H0V8T1M9Q,O500987,100987,1,141.67
VM3G1S2K6F8K,O500988,100988,6,719.5
EJ3O0S6G8J5W,O500989,100989,3,417.91
NU2Y4U1L5I4T,O500990,100990,6,663.76
OT3A6V4S0A3Z,O500991,100991,50,728.31
AD8Q3D5Z6S8P,O500992,100992,1,768.19
FS9X9X5Q4Q4H,O500993,100993,1,360.3
QO6I9P6S3J6H,O500994,100994,6,196.21
NX6X3Z2J8I9I,O500995,100995,50,375.91
SD6J8O1I5M5G,O500996,100996,50,94.98
CA8O6A2P7K8O,O500997,100997,1,280.67
ZK2R1D6J1T4D,O500998,100998,7,873.36
OL9G5K8Y7N0D,O500999,100999,7,848.89
CO5X6A2M3D5B,O501000,101000,50,988.97
DU3V6M6X3F5W,O501001,101001,1,234.7
DS0O8G9C0K2V,O501002,101002,3,876.61
XX7X3F0O8D5Z,O501003,101003,6,546.41
JK9E6U2V9Y9X,O501004,101004,50,112.4
XM9L1K9D4X2H,O501005,101005,7,53.65
PJ9S1Y1M6V7O,O501006,101006,7,798.2
MV2Z5K0O0U3O,O501007,101007,1,869.93
MX5P0X3V7F7J,O501008,101008,50,203.4
RF4T7Y6B8V6W,O501009,101009,3,191.45
FZ9Y8C0F3G2N,O501010,101010,3,304.16
QL9R5I3G8E5S,O501011,101011,7,656.76
YT1L7W2M0A1T,O501012,101012,50,949.39
QC5I3E0P8O4B,O501013,101013,3,492.38
CA4W3S4K2O4J,O501014,101014,6,847.73
NK8N6B6C4L7J,O501015,101015,1,90.21
PZ9F5A7Y1H7A,O501016,101016,6,44.89
GR6Z3B5W0Y4S,O501017,101017,1,652.47
DN7J8V5A3D6E,O501018,101018,50,421.73
XW2A4D3P2Q3X,O501019,101019,50,290.74
JI1B7P5I4L7F,O501020,101020,6,353.08
YO3E4O8B6R7G,O501021,101021,3,230.27
AN7W7B2A5C1G,O501022,101022,3,963.36
FE2U2S3J5A6I,O501023,101023,7,487.71
IT0V5N0T3E6J,O501024,101024,7,77.72
VO9C4M5N6B9W,O501025,101025,3,449.24
KP7Z7E4Z1Y1A,O501026,101026,3,508.58
JI8J6W3Y9A1C,O501027,101027,7,170.45
LY4K5H2H2I6X,O501028,101028,50,413.51
ZW9Q8W5I4S9M,O501029,101029,3,259.65
FU5D3V6J6P0W,O501030,101030,1,777.96
BD8V0J3Z2U6L,O501031,101031,50,384.77
HU2E4C7J8M5O,O501032,101032,6,939.48
XR7G6D1Y9M2F,O501033,101033,1,75.09
CN0P6S4M9G0N,O501034,101034,7,655.78
YZ8R1H0K2W1C,O501035,101035,6,966.66
VO1N4U8C4I4C,O501036,101036,50,747.36
JH6R1U9X5Y3R,O501037,101037,50,483.3
XN3M0C9O8N3G,O501038,101038,3,625.21
IX5S1G9T9K6E,O501039,101039,7,224.69
DO1L4B9T8L0C,O501040,101040,1,664.15
XV7W3C0N5R3C,O501041,101041,50,183.08
PD7Y4T3R0V2U,O501042,101042,6,999.01
IF4X8F2L5P8S,O501043,101043,6,669.38
UK0I4K1O0A2C,O501044,101044,3,258.65
ER2E7N6B3P2K,O501045,101045,1,151.85
DO6L6A2T9V7Z,O501046,101046,3,109.91
AO1W8A6S2R5Z,O501047,101047,7,723.92
PG7M5O9E1P7O,O501048,101048,1,853.22
DK0M1E3C6B8D,O501049,101049,1,875.23
WA1T1J3H3W1J,O501050,101050,3,100.24
BY6U5D2Q3K6C,O501051,101051,50,928.02
WA0H6Q3C8Z7O,O501052,101052,3,402.62
CC9H1O6L5J0I,O501053,101053,50,313.8
IE4U6P6S9F7I,O501054,101054,7,995.51
OE7N0K6B3I0J,O501055,101055,7,263.66
DY4L2U4E0T3E,O501056,101056,6,116.44
IM1S3I2N5Z3R,O501057,101057,1,756.69
JK8Z8F4Q7V2R,O501058,101058,50,427.57
RE0E7O0Q3U3M,O501059,101059,50,495.77
XR7B8S3Z5U5U,O501060,101060,3,389.83
EZ5P3F0M4D6E,O501061,101061,50,831.57
QI8D8Q0V5V7M,O501062,101062,50,309.79
YH3B6B3F0A7X,O501063,101063,1,963.18
WQ6D1P1A1S4H,O501064,101064,7,807.87
WJ8Z1K7J7D5Q,O501065,101065,3,886.4
TE6T8O6S5M9F,O501066,101066,3,338.99
AP6M5U3S8I3F,O501067,101067,50,252.88
OJ5T5H9N2Z7M,O501068,101068,6,83.22
HB7N3E2G7B2D,O501069,101069,50,178.66
XY6U2V5V2C1F,O501070,101070,3,906.84
AN5P2R3E7I5U,O501071,101071,1,451.73
PA0V6W9C7T6C,O501072,101072,7,300.3
ML0C6R7M7R7L,O501073,101073,7,268.72
YM9E3R8X7O5V,O501074,101074,50,559.93
TD8E8K7T3V5S,O501075,101075,7,559.68
KM4C6L8Z6V7W,O501076,101076,1,613.48
DI1W1W6N8Z9I,O501077,101077,50,497.8
MD0C7R2I8O9J,O501078,101078,6,695.71
AV0O0Q9V2T9E,O501079,101079,50,512.19
ZI8D3K9O8F9B,O501080,101080,3,307.09
GC8T3C6R6A6R,O501081,101081,1,547.39
UD1D7Z9N8W7B,O501082,101082,3,64.43
QZ3T7D3D4I8T,O501083,101083,6,590.54
IY8F5J2K8O7X,O501084,101084,1,514.3
TV9O9F8Q4T0F,O501085,101085,7,620.67
AQ1I6F5R2V5S,O501086,101086,1,808.1
TW0O6M2U9L0K,O501087,101087,50,83.92
SU5I9Q7R1T6C,O501088,101088,7,302.52
II4Z7X1P9W9O,O501089,101089,3,114.9
RK6E8N2B1C0Q,O501090,101090,3,437.61
AF6D7G0M0V9T,O501091,101091,7,154.86
IK7J7A7A4O8R,O501092,101092,3,63.53
PJ1N5Z0O0W1Q,O501093,101093,50,626.41
FI1O3I1V2D5X,O501094,101094,3,278.64
RQ3R8R6X3T7B,O501095,101095,1,765.12
DB6R3V4F0D1T,O501096,101096,6,793.48
UA4G1W7M4N8Z,O501097,101097,1,33.89
SD7L6W8F3P4Z,O501098,101098,1,228.63
RH5X4W9X6W0P,O501099,101099,3,295.22
KP7T2P6S1L9F,O501100,101100,50,84.35
VH7G2V7Q6C4W,O501101,101101,6,299.9
WS5R2V7K2Y7N,O501102,101102,1,260.2
XW8T2A9Z7K6Q,O501103,101103,7,516.61
GT1T9S0A7C3J,O501104,101104,7,505.1
YW6G3O6O8Z2I,O501105,101105,1,84.4
VT7E1P4D2B3P,O501106,101106,50,461.44
ZP7I7W7X3M7Q,O501107,101107,7,59.54
TN7K3R0J2I1P,O501108,101108,3,952.84
QI3W2J1D7R1T,O501109,101109,50,223.17
DX8Q8T6I2C1Y,O501110,101110,50,364.16
TY4J2B7T7A9P,O501111,101111,3,827.59
UJ4L8K5N9O8F,O501112,101112,7,164
XZ4X6I4H6O2U,O501113,101113,3,107.54
ZU5M5S9W3V7M,O501114,101114,7,224.23
YE0T0Z7N4E9Z,O501115,101115,50,228.82
HY8T1G5G4U5P,O501116,101116,50,374.96
KX4L7U2U1F8E,O501117,101117,50,312.4
TQ0T9X6C0O2B,O501118,101118,1,916.54
ZE3N5X7S9B6T,O501119,101119,6,580.01
XS5J5S0S2Z4P,O501120,101120,1,940.97
HN4Q9E9R9P3O,O501121,101121,6,256.61
CW1T1N3S2K4Q,O501122,101122,50,201.27
PB5Y2T4Z1U5R,O501123,101123,6,906.51
HM8A9T9J3P0Z,O501124,101124,50,36.92
RG4S9X5U6D2E,O501125,101125,3,249.88
ZK2F5D2R2P0T,O501126,101126,6,580.36
CJ5U2S5R1P7X,O501127,101127,1,720.41
QX8Q8V3E6W3K,O501128,101128,3,893.26
HT7V0Q3Y4F7D,O501129,101129,3,804.09
CH6M6H9W6F6X,O501130,101130,7,401.44
AN7K3T1O1O5M,O501131,101131,3,851.17
CD1R0O7U6S6B,O501132,101132,50,658.25
AP6W7G5V1J3B,O501133,101133,50,356.78
HP6F8I9N1M3P,O501134,101134,1,927.58
UH6H1G4J8F1O,O501135,101135,3,318.65
DU2L7O3M9Y5H,O501136,101136,50,893.41
QL4B2O7Q0C9V,O501137,101137,50,247.31
NZ4O2E1K5N2L,O501138,101138,1,482.58
BU6J7M7B1M1Y,O501139,101139,7,666.38
ST9S7K4P3I0G,O501140,101140,7,154.44
IM6W4S8J4D3B,O501141,101141,6,801.25
MG7P3O7O1X6S,O501142,101142,3,338.42
AZ7Z9O1U9J6G,O501143,101143,50,655.11
KM2K7K5K8M4P,O501144,101144,7,145.41
SG5G8X2Z8U4I,O501145,101145,7,937.71
VK6J7K9R6Y1G,O501146,101146,6,649.75
UR6N5T6B5Z9V,O501147,101147,1,940.8
PE0L6W5A2W5O,O501148,101148,50,207.53
UI6Q5X5F6L4Q,O501149,101149,3,778.28
AZ5X0T0A7H4Q,O501150,101150,6,863.79
KR7C5K9T9N2Q,O501151,101151,50,499.78
CQ0G1P6Q5P9C,O501152,101152,7,703.88
OU4F6N1P2A4K,O501153,101153,50,78.39
IQ5X3X4V4C7W,O501154,101154,50,368.56
YK6G6A2A8Z9H,O501155,101155,50,454.27
KY4L8Q7L2T9A,O501156,101156,7,462.54
RH5B1C9F3A0V,O501157,101157,3,940.6
VQ0U9J1Z1G5D,O501158,101158,6,570.53
UA2Z8H8J5O3J,O501159,101159,6,760.84
FC7A3U2B0N2Y,O501160,101160,7,910.24
JN9N6L6L1I7I,O501161,101161,50,186.38
FV8X6B6R7Q6W,O501162,101162,1,422.98
XW6N4V5S6A8N,O501163,101163,7,671.74
TH4E5D1C6C2E,O501164,101164,1,413.53
YV4P2J4V6F4X,O501165,101165,7,430.42
QN5E4Z6K1E9D,O501166,101166,7,188
PW9Y5A9I9Y1M,O501167,101167,7,981.68
CK8N3L3Y6C7B,O501168,101168,7,148.98
RH7D0P9A7W9P,O501169,101169,6,235.2
OM7C0O8H0D2Y,O501170,101170,7,925.3
ZG0L1M5Q0N0T,O501171,101171,1,551.94
KA5X2S9X4L0F,O501172,101172,3,337
VO8Q6S1G5M0C,O501173,101173,7,498.78
VO3Y1S2B6C1C,O501174,101174,6,96.94
CY6P7U5O3Z2K,O501175,101175,50,371.78
XS6P9Z6S8R2C,O501176,101176,6,402.34
HV8V4O0I1V9P,O501177,101177,7,335.36
SX6Q1I1K6B8P,O501178,101178,6,242.85
BK8Q6H8N5C0K,O501179,101179,1,752.17
HT1D1T3M4I0S,O501180,101180,50,881.43
EC6G4L3N4C5C,O501181,101181,7,48.6
UR5U6D2I4O8Y,O501182,101182,1,850.65
RR2K6R1F4C5R,O501183,101183,6,654.35
ZE7P5F1X4E8S,O501184,101184,50,204.13
UP7Z5L7U2E8U,O501185,101185,6,542.16
SE8U1E6G1T8U,O501186,101186,50,524.25
EI2N3M9A8R8P,O501187,101187,6,560.38
FT5I9H3B7E4F,O501188,101188,1,740.09
SO5Q3N8C8P5T,O501189,101189,3,143.84
UV1E3L6T9L7T,O501190,101190,1,561.05
FT1Z3T8T7C7U,O501191,101191,7,897.3
CN7T5V1E0U1A,O501192,101192,3,916.05
QV4P4P6F2K0M,O501193,101193,1,877.76
RK0O3A8W7Z1V,O501194,101194,3,94.56
AT0S0B2T9P0W,O501195,101195,50,979.57
VH2W7M5C5X4Z,O501196,101196,1,511.65
LC4Y9Y7L5H0X,O501197,101197,50,849.84
BU4D0R3P8W2B,O501198,101198,50,552.85
TZ4O7B9H6T0Y,O501199,101199,7,570.61
WS6E6R5S2L3F,O501200,101200,1,950.59
GY4N0H1C2S1L,O501201,101201,3,686.56
PD4U9T3J3X5D,O501202,101202,6,299.65
GH8I9C4C9S0I,O501203,101203,3,473.8
BE2D4O8E3Z3P,O501204,101204,1,245.78
QP1X5R0S9A3V,O501205,101205,1,438.53
ZP2V6U9X5M7L,O501206,101206,7,507.8
SI8P8L1P3W4M,O501207,101207,3,669.68
CK0W2L5O2Y0U,O501208,101208,6,136.28
TQ9W2J5R0C9B,O501209,101209,1,289.49
GM4F0D6E5W3V,O501210,101210,6,721.75
WX4K0J3P3P6I,O501211,101211,50,511.96
YL8Z0S7A8Y3I,O501212,101212,7,815.48
XA4W2C4J3Q3R,O501213,101213,7,499.94
CK5D1U4R4W1D,O501214,101214,1,162.97
DP2T7J7K2J5N,O501215,101215,1,265.23
TX6O7J1V6A9V,O501216,101216,7,719.48
QC6Q4C7X8D0G,O501217,101217,3,429.09
PB1V8G5C4C8K,O501218,101218,6,269.83
US0J4O2I9W5T,O501219,101219,6,574.86
PQ9G8U8P6P5O,O501220,101220,7,428.96
RP8E5Z4Y1X4K,O501221,101221,6,310.96
BB1O3X1T0Y5G,O501222,101222,7,332.45
JF2Q1S2T7C8T,O501223,101223,50,47.01
FC1O5Y4T3L7L,O501224,101224,3,884.9
UC0N6M2Z1C2W,O501225,101225,50,38.03
YR2A6T7L2A8I,O501226,101226,7,391.8
HI6R8C9G9K7R,O501227,101227,7,995.46
CK5R9K0L1W3D,O501228,101228,6,745.04
YX2A5I3L3T8U,O501229,101229,7,564.83
HK7P9S1S7N4O,O501230,101230,3,419.49
UH7I5P4Y1F6B,O501231,101231,7,789.66
HT6I6P4S9F1V,O501232,101232,1,94.46
BV1Z2Q4A6Y3C,O501233,101233,3,109.89
SE2D6G1F3M7O,O501234,101234,6,19.78
JU5Y3L6H7B1J,O501235,101235,1,939.33
CI1I8S8A0Q3O,O501236,101236,3,645.84
PO0E4S0U0X0C,O501237,101237,6,546.54
TO6Y2X5M2I5G,O501238,101238,6,86.07
SZ8K7E5J9P8Q,O501239,101239,1,930.02
NQ3I9E5D0Q0N,O501240,101240,6,297.93
IX8T4O8A5X4E,O501241,101241,1,29.41
NV1S2S4S8Q6K,O501242,101242,1,874.75
SL4W4H5R8C1O,O501243,101243,50,552.11
CC2M0Q4F8Q3T,O501244,101244,7,576.63
HC0E2J3C2Q0P,O501245,101245,3,169.51
NU0T6S3T2Q9B,O501246,101246,50,520.63
YQ7F4Q4K5W5V,O501247,101247,1,835.22
AD8G3P3X5E2V,O501248,101248,50,944.43
CB1S9K8F5S0A,O501249,101249,3,535.98
JD7Y3L0J5E1L,O501250,101250,3,380.7
YO0V2A5K2Y1B,O501251,101251,3,768.21
LQ8X3K1E2G9E,O501252,101252,7,77.42
UO9R3M2E5M8I,O501253,101253,7,603.29
PM7Q9W2S8T4R,O501254,101254,50,432.76
PQ3B9T0Z2L6X,O501255,101255,7,347.83
EY4N8Z8T3U3K,O501256,101256,1,763.8
FX9V7V4I9W0G,O501257,101257,50,754.5
MY1X2K0S4H5J,O501258,101258,7,874.39
HX8U2O1E4V0S,O501259,101259,7,603.51
KO6K5O7I4C0S,O501260,101260,1,38.5
JW7T1H0A3F1R,O501261,101261,50,895.44
BF5X5K5Z1A2N,O501262,101262,6,737.41
XD9Q0A9P9W4X,O501263,101263,7,19.06
CF5A4P5N4O7P,O501264,101264,3,811.95
SS1F5M1P8T8B,O501265,101265,50,27.27
WS0I1L0N0C3T,O501266,101266,6,441.97
VV9R4U8A1R1F,O501267,101267,3,664.05
DR4L5U1B7N3C,O501268,101268,6,243.74
YW4S3K6O2S2F,O501269,101269,3,619.86
JH9I0R5W0Y9G,O501270,101270,7,655.43
CV7S0B6Z1N2G,O501271,101271,50,218.7
OE0V9D6I2E5X,O501272,101272,7,790.3
BP0S3T8R4W3P,O501273,101273,3,380.7
FD0C9N0G5X2L,O501274,101274,3,545.47
LW7A5E1K7E6O,O501275,101275,3,719.27
QG2F4R0L4I7Y,O501276,101276,7,57.01
FN6A7Y7P1X8P,O501277,101277,3,312
PP0Y4Y1V2T7O,O501278,101278,6,20.52
YI9S8D7V8Q4V,O501279,101279,1,152.95
ZT9A7G3X8Z6N,O501280,101280,1,195.45
TA6Z7Z2D6M9B,O501281,101281,6,158.05
CF6N4W6J3Q7W,O501282,101282,7,227.58
SQ2H3Q0Y2R4Z,O501283,101283,50,721.63
ZO2E4A3P5V5W,O501284,101284,6,429.23
QZ3M5F0G9B5O,O501285,101285,3,234.53
MO4K6P2X0F4A,O501286,101286,1,337.93
GV9A3Q1Y5H9E,O501287,101287,50,805.05
JV1J0E7Q7G3K,O501288,101288,1,426.4
NA3A0B0O4R6E,O501289,101289,3,751.26
FP0T4D1L7Y1O,O501290,101290,3,326
TJ8W9J6E1B4J,O501291,101291,3,854.48
GN2D1E9N9M1J,O501292,101292,1,429.72
GL4J7V6W8X5T,O501293,101293,3,426.73
KG3I3E9T4S8N,O501294,101294,7,915.28
II1O4I7I8G9Q,O501295,101295,6,308
ZC0J9M7H7Y9Q,O501296,101296,3,646.82
WZ6V4X6Q6D9V,O501297,101297,1,758.61
ZU4N7X0E1O9A,O501298,101298,1,380.22
CP5N3N7J3X5J,O501299,101299,50,542.16
YJ9N7N5E1J6M,O501300,101300,1,303.41
QC1E1R0G0G4X,O501301,101301,7,645.65
OX2T8L9X6O7S,O501302,101302,7,675.72
OO4W5B1J9N4T,O501303,101303,1,176.06
MK7A2V5A8W9C,O501304,101304,6,528.82
PC2P6W0J2P0Z,O501305,101305,3,905.43
VE7X1T7T2Q3E,O501306,101306,1,432.42
XA1O2U0V0I1I,O501307,101307,3,521.08
DC0F8U5J9Y3I,O501308,101308,50,544.66
KF7L8B1K2U7O,O501309,101309,1,466.43
OL8Q9T6S2D4K,O501310,101310,50,403.89
BW9E2R5Y4X5D,O501311,101311,50,302.24
CM8C6Y3N0F4T,O501312,101312,7,870.91
SP9U6T1O0R1Z,O501313,101313,3,203.04
ZK4V7M3R9N5A,O501314,101314,7,39.45
EJ4U0N6N3R4O,O501315,101315,3,586.18
RF5I6F9N5F6K,O501316,101316,1,741.54
ZP4Z7H6G4A0S,O501317,101317,1,644.63
WL9G3X5M0Y1W,O501318,101318,1,738.33
RE9O7E1I3G3P,O501319,101319,3,870.88
YN9B9S7X7C7Z,O501320,101320,6,600.98
ZG8X8X9X3Z5Q,O501321,101321,50,114.08
MB7G0W5D6Z2L,O501322,101322,50,873.42
MI2V5I0I8W8Z,O501323,101323,3,163.62
LN8U0Q8L2C3I,O501324,101324,50,621.35
PL7U9N0O4X8E,O501325,101325,50,341.58
ND9U1V7A3P1E,O501326,101326,1,915.88
CN4A0X9G9Q1X,O501327,101327,1,732.57
FA5Y8D4I0M2C,O501328,101328,3,669.74
FD1U4B1T4L1G,O501329,101329,50,255.95
MV6P0S6W1Y8B,O501330,101330,6,712.13
NW8D9V8F6A5J,O501331,101331,1,135.2
YI9K8S2G3F2I,O501332,101332,1,178.44
HW4O1Q7C9P6C,O501333,101333,7,215.82
II3W3N8E5A1I,O501334,101334,7,761.04
TG1C9P4P4F4H,O501335,101335,7,318.06
WR5Y3N3A0V0R,O501336,101336,1,228.21
FP7T9A5Z9O9Q,O501337,101337,7,169.44
VF7A7A7G7Y9E,O501338,101338,6,25.49
UV8O7T9G9R8B,O501339,101339,1,704.66
YK9D3G8X1M2E,O501340,101340,3,593.36
RN6K3U6F8N9Q,O501341,101341,3,310.63
LO8L3R7Z3Q5I,O501342,101342,3,595.13
RW4W7B9G3A5E,O501343,101343,50,410.08
KH6I4R6H6O7U,O501344,101344,50,479.84
IN6O6N7B2E1M,O501345,101345,50,500.93
ZO8I2T3U0X8O,O501346,101346,3,83.3
TF9T5T9K9X9K,O501347,101347,1,603.01
WY6M8N9G8N1B,O501348,101348,1,571.83
YO4D6Z5E3P7W,O501349,101349,3,355.24
LH5A0J0O5C0A,O501350,101350,6,279.71
JJ0J7L7M6W1E,O501351,101351,50,61.97
AL3J0E5U4B3W,O501352,101352,3,164.82
VS4T4U8T8V3O,O501353,101353,6,300.74
UJ1L0H1Q3O6F,O501354,101354,3,20.26
SR2D0Z7J3M5S,O501355,101355,1,725.92
XX5O4F4Y9U0O,O501356,101356,3,713.43
UW0X8W4M7D3G,O501357,101357,7,460.95
CB4M8X0A2D5C,O501358,101358,7,557.33
WN2Y2M6O5X9Z,O501359,101359,1,36.52
OI5F5G1S1Q1F,O501360,101360,1,115.56
TY1M0U2C5U9M,O501361,101361,7,755.53
QG7X0X6G6H1C,O501362,101362,6,469.36
XV2P8E5J1Y3L,O501363,101363,50,966.96
OK0A0Z9F3X8X,O501364,101364,7,620.53
RZ0N1F6A9Y2G,O501365,101365,3,157.28
ZG3V0T4U0R5F,O501366,101366,7,960.44
UR4O9O5F9P5C,O501367,101367,3,925.88
DF1R0Q1V1N8Q,O501368,101368,1,573.9
EJ6W7V1F5Z7F,O501369,101369,7,54.51
OD0Q4V6Q2P1B,O501370,101370,1,832.9
QU7B5P3P9K4J,O501371,101371,1,930.09
YD1Y5E4H7W5E,O501372,101372,3,196.48
JK1G4O9L2F2V,O501373,101373,50,305.99
BH9D0H4V2M0S,O501374,101374,7,748.58
LJ9P4Z6R5I1E,O501375,101375,1,803.19
WQ2Q1C3J3L9K,O501376,101376,1,175.63
RU0D1J9T4I5A,O501377,101377,1,687.7
HP5U9Z1I6W5R,O501378,101378,50,17.74
WK2U4Y5X4N9L,O501379,101379,3,626.06
UQ3I9D4O4K9M,O501380,101380,6,873.93
OO2R7W7S8F9W,O501381,101381,3,104.43
BH2H7Z2W0J3R,O501382,101382,3,278.55
ZP7K1M7C3O7C,O501383,101383,3,243.31
VZ7Y1U1C6M2D,O501384,101384,1,376.4
JT3D2N3C8D3T,O501385,101385,3,915.64
TH0X6C7Z9B0F,O501386,101386,50,645.19
XP5S5G3P5M8E,O501387,101387,50,247.34
SP2S7U0R0I9Y,O501388,101388,50,474.59
OS3Z1E7P7F7I,O501389,101389,7,516.72
SA5X9X1S7C9V,O501390,101390,7,507.91
ZB9H4T7Z8G7E,O501391,101391,3,691.33
LF3T2Z7C5V6Y,O501392,101392,50,696.08
MU7P6C2W0A4N,O501393,101393,7,648.51
GE9W0W7X2X1Q,O501394,101394,7,558.17
AL5N2Q6Z3E2C,O501395,101395,6,226.53
GJ2J6M6N9L1A,O501396,101396,6,976.45
GG2W2X4W7V2Q,O501397,101397,6,950.47
BL6J3W7P9Y5L,O501398,101398,1,928.47
DH6K3H9I8W3A,O501399,101399,50,808.71
GF5M1E7S4S2P,O501400,101400,50,677.6
JK0E6B0N6V1M,O501401,101401,6,416.69
VF2U8J7K4B8I,O501402,101402,3,927.84
CW4A0S3Z0F8C,O501403,101403,7,347.06
GY5U2X2X4O2E,O501404,101404,1,410.27
UI5A1A3Y7S8V,O501405,101405,7,667.84
YI3F8V4X8T5E,O501406,101406,50,289.86
VG1G7T0A3O1H,O501407,101407,50,797.2
EQ4G8F6T8E2B,O501408,101408,6,516.66
TX2P4O0C3I7G,O501409,101409,7,802.74
PN2G0P1P7J7X,O501410,101410,1,429.66
DA2Z7J2H5D8A,O501411,101411,1,865.9
WT8M6E1M7W2V,O501412,101412,50,856.02
MK3N5S9W4C2F,O501413,101413,1,107.73
YJ9W7C1V8Z8U,O501414,101414,1,445.1
ZX0T9W5I6U7M,O501415,101415,7,83.04
QC6E0F7Q6Q9V,O501416,101416,1,129.73
ZP6R2J1W2W9R,O501417,101417,6,39.51
GI4D8W0T2Q1I,O501418,101418,50,878.55
FO9I6W8V8X7Z,O501419,101419,1,727.58
NB7D4X7I9S3I,O501420,101420,3,257.21
QT0S9K4L4H9L,O501421,101421,3,829.53
ZZ2B2N7Z8H4Q,O501422,101422,6,36.74
MG1V7M0C4E0N,O501423,101423,1,165.07
OT8P1R4U6U3K,O501424,101424,7,414.61
AJ3P5X9L3T7G,O501425,101425,7,315.97
UI0V5G5W6F0K,O501426,101426,3,37.28
YE9D1D6S5F9L,O501427,101427,7,366.01
ED9U5W6B4H5E,O501428,101428,3,731.72
UI5Z6U2R0I9K,O501429,101429,3,72.96
EX2F1D4J9U5S,O501430,101430,3,475.45
AU0H6V3T3O8T,O501431,101431,6,412.6
GB2Q6P1C4H0R,O501432,101432,6,686.28
RB0T0P4U7M5Q,O501433,101433,50,113.41
RZ1V2B7Z9R7N,O501434,101434,6,200.59
XS7G1X1U8O9L,O501435,101435,50,47.48
AS5B3H3O4H8V,O501436,101436,50,930.67
KT3S3W4K5Y6A,O501437,101437,50,540.38
ZB3R7U2J5X6F,O501438,101438,7,542.41
AY6H9V0I9I9V,O501439,101439,3,80.16
OS8G8E1T1L0M,O501440,101440,3,228.77
AZ1I6B6D7U2U,O501441,101441,7,700.8
AY5Q3J4X8Z3V,O501442,101442,50,994.94
JZ5W0W7A0X4Z,O501443,101443,7,317.5
XL3H2T6H7M7U,O501444,101444,50,679.33
PP3Q1M8L8Q4X,O501445,101445,3,613.65
UL4M3I1I6G4W,O501446,101446,7,375.39
RZ8Z6J5C5S2H,O501447,101447,7,419.09
HF0W1K5T0L6S,O501448,101448,7,410.85
AW9T2V2C7I2M,O501449,101449,6,540
YC1V1A7J2E8Q,O501450,101450,6,242.14
UG3L0S7A6L9D,O501451,101451,3,528.59
JC9N1G8Q8A0T,O501452,101452,1,333.4
XY7S1G7J2Q2C,O501453,101453,3,127.87
FL7T2Q6A5I1K,O501454,101454,7,719.9
AZ8D3K9R5X3L,O501455,101455,50,132.19
RS6P7L5N1I7Y,O501456,101456,7,691.46
MF8E7Z3U8A5S,O501457,101457,1,24.41
NP1N4X2Z9Q7G,O501458,101458,6,920.87
RN3Q4F9M5W9N,O501459,101459,1,57.12
DH3O1R5H5E2Y,O501460,101460,1,950.96
CD0N4Q9A7A8N,O501461,101461,6,849.48
BE3G1T5P9P4P,O501462,101462,50,475.63
YM1Y5D3R7T1F,O501463,101463,6,504.12
UK5X6V6D9L8P,O501464,101464,50,562.45
BH8I3A0E8S0Y,O501465,101465,1,546.67
KD1O7A0H8Z2B,O501466,101466,3,638.46
BH9R2G7B8E1N,O501467,101467,3,127.17
CO1B1L7H5L3P,O501468,101468,1,382.2
VU2J7O0S9W2D,O501469,101469,50,200.51
NO3C4A6F2F3V,O501470,101470,6,161.47
CM4F3D2T5A9D,O501471,101471,50,462.21
SA6Y1Z7H9J2X,O501472,101472,6,561.85
MR0S0U4Y0F9L,O501473,101473,1,416.56
YU3R8N9B1Q5T,O501474,101474,50,723.17
GI2P9S6Y7A1O,O501475,101475,3,555.75
XB3F3G5M7R1J,O501476,101476,6,660.19
IV9X5S3Y3T9E,O501477,101477,7,878.93
VF6I5W1O3C0E,O501478,101478,3,673.4
YV7M4V5V3P6Z,O501479,101479,7,897.35
MW1P3S6F4F0E,O501480,101480,6,945.8
RM1Z5W3E5L0S,O501481,101481,6,780.79
WN1M6D4W2E4L,O501482,101482,7,753.83
EO4Y2L8B3O7D,O501483,101483,3,808.49
NX4N8L9Q1H0X,O501484,101484,6,129.94
NT8N8C5M0X3R,O501485,101485,3,825
QT2X1Z3G8I8W,O501486,101486,3,609.5
GI5T8X2O5O5S,O501487,101487,50,179.4
BW3A6X8D5H4W,O501488,101488,3,388.19
YJ9O4B3I1S8A,O501489,101489,50,565.72
VP5L2V4V2U8H,O501490,101490,7,501.24
UG3R5D6T7M6A,O501491,101491,50,366.4
BE7M0K4P4M4Z,O501492,101492,7,730.16
EN5E7P2N1E4S,O501493,101493,7,740.42
KF3H4H3W2W5X,O501494,101494,3,66.52
NJ4G7N7V9C4T,O501495,101495,1,803.41
CK1M1C0I2O6P,O501496,101496,7,710.72
RN9P5G7L0W7W,O501497,101497,1,365.41
AL7I3K8L7D2U,O501498,101498,3,638.15
ML6Z7J3Y5X9N,O501499,101499,50,441.8
FK1M6M0S4C6I,O501500,101500,7,978.31
ET1Y5C0L7S7P,O501501,101501,50,78.99
ZZ7B7K3H0P1I,O501502,101502,50,376.3
NY0R9Z6L8W7E,O501503,101503,50,258.86
VI9T9H2J6L5L,O501504,101504,1,982.72
NU3Z9C9B1I2L,O501505,101505,50,341.84
LB3F3N7B5N8B,O501506,101506,1,219.86
NH4S1Y8X1G9A,O501507,101507,6,521.14
DA3L5L1T3S4R,O501508,101508,50,139.71
TF1S2B1S8R3U,O501509,101509,3,592.46
PV5G2X5V6F1G,O501510,101510,50,651.52
IO4C1G4G9B0Q,O501511,101511,3,584.84
PD2P7G3A4Y3G,O501512,101512,7,861.57
VX9M2Q6E5X3M,O501513,101513,3,328.15
CZ1F6E9Z3Q3H,O501514,101514,1,658.55
RP4Y2C9Y4L2A,O501515,101515,6,742.03
HP2E9L8O0E6L,O501516,101516,50,235.78
JC7N4J2K0X3D,O501517,101517,3,970.81
DC6M6E6A6A5D,O501518,101518,1,866.33
QM1F5C7N0D5Y,O501519,101519,1,757.5
CS5O4O8M9T0R,O501520,101520,7,417.11
AS9M2Q8K5O9H,O501521,101521,7,421.13
AX6Q1W7J1B9M,O501522,101522,50,607.58
WI7W9N4Y1T8X,O501523,101523,1,640.92
VE3Y5L3P9Z6E,O501524,101524,50,61.8
EZ1B2Y3K1Q7G,O501525,101525,3,388.72
IO3H2H8I7D3F,O501526,101526,7,427.41
DK1X4E6H2I2O,O501527,101527,6,993.07
VK9I1K3T1G7A,O501528,101528,1,428.22
JJ7T2O0U2E5F,O501529,101529,50,312.99
YC8D6C7I2Q5J,O501530,101530,50,681.56
DV9I3S6Y9X6K,O501531,101531,3,767.92
AE1N9I5S5L3S,O501532,101532,50,222.75
ZE3M7E6F3T0Z,O501533,101533,1,358.59
DN4T0L4D9R1V,O501534,101534,7,336.58
RZ2Z7O7J1G4K,O501535,101535,1,693.45
GY0F2T3M6H4D,O501536,101536,1,559.11
DC0D3W6V6D0B,O501537,101537,50,620.92
TV0I4P1R4O4R,O501538,101538,50,163.78
WX1W9G0C8V0E,O501539,101539,1,399.3
IK6L6L1H6H5J,O501540,101540,50,550.38
QP7C3G5Z3O1L,O501541,101541,50,609.77
BQ2K8N0E4Y8M,O501542,101542,3,216.41
OB1C0Y9D4W7Q,O501543,101543,7,492.18
QL6H4V0P1U4Z,O501544,101544,3,143.33
IB1S0I8V2Y7D,O501545,101545,6,750.47
QD0O9Z9Y1R8A,O501546,101546,6,213.94
UN0D1D7V6J4S,O501547,101547,50,178.87
UC3U7C3N7G9F,O501548,101548,1,86.69
NE3P6G3E4L2S,O501549,101549,6,387.63
YU6K7N6R3T4L,O501550,101550,1,250.76
JQ2Q1I9H1M9O,O501551,101551,50,491.98
TO7C6S8G6L9C,O501552,101552,3,389.63
CG7D6Z8Z7W5V,O501553,101553,1,896.69
IK1A4X4E0P5D,O501554,101554,50,432.19
VJ0Y1V0H1E1B,O501555,101555,50,91.07
VG4B5I1K5J6L,O501556,101556,50,934.67
DM9N9D7I8B7L,O501557,101557,50,360.87
AA4L1U3V5E2P,O501558,101558,7,200.84
KW9S8M1C5K2W,O501559,101559,6,550.22
BR8F5S3Z9P7C,O501560,101560,1,227.09
SR1A3P3D6B8K,O501561,101561,1,593.44
LF2E0W5S7G4C,O501562,101562,1,292.1
EJ9K7E4V4M5N,O501563,101563,1,824.47
LC3Y2C5V0H1G,O501564,101564,3,269.77
TP6B8L8K0P5X,O501565,101565,50,631.88
BB8K8C1S1I3O,O501566,101566,50,730.96
HI2U1C3B4W2R,O501567,101567,1,433.54
KK2D3K5C5K0A,O501568,101568,7,245.72
YL5U6U2G8X0W,O501569,101569,7,715.24
EJ0R5R9R3K8Z,O501570,101570,6,413.68
YZ5U1D9N3Q8B,O501571,101571,50,704.93
ZD1O9Q5B8F2I,O501572,101572,7,42.78
FN0T6R5Q8R0C,O501573,101573,3,820.32
RY5T6O3D5I0G,O501574,101574,3,843.32
GT1X2V1B1K3G,O501575,101575,7,512.53
GL0U7M8V5K7S,O501576,101576,7,84.85
ZT5R4Z3V4Z0Q,O501577,101577,50,937.75
SS8N8A2P5Y0B,O501578,101578,3,48.52
BB9S6U7D3R7G,O501579,101579,50,28.7
JB1O8D8P2V3N,O501580,101580,3,814.11
YA2C9H4Y0A8N,O501581,101581,50,951.17
ZL3Z7P6X0M3I,O501582,101582,6,763.51
DL5D6P8A4W9W,O501583,101583,1,980.37
LH3W1H8N9B7D,O501584,101584,1,781.07
VD9D5Z3D8B5W,O501585,101585,6,203.38
ML7Y3J7H8B2C,O501586,101586,6,572.88
VN5R9V1F5T5T,O501587,101587,7,91.33
LW9R3O0D6P4V,O501588,101588,7,414.95
PY2B0K5K7M6P,O501589,101589,3,360.94
NG6B6B5T3R5O,O501590,101590,1,135.33
VP6Q7E9U6V6C,O501591,101591,50,622.65
LJ8Y0C7M1T7J,O501592,101592,1,885.5
UT8K0K1K3N3T,O501593,101593,7,614.79
JQ2P6T2I8I2X,O501594,101594,50,577.36
KX4W3G8Q6J0M,O501595,101595,6,801.83
AL7X2I9A0I7M,O501596,101596,1,318.19
ZI4F3E8W1U3C,O501597,101597,50,578.95
WF1S1I8J4S0A,O501598,101598,1,984.62
GA3S3H0J5D9I,O501599,101599,6,758.23
AD2N8O4K9S3E,O501600,101600,1,939.45
FH1I5B5U9K6I,O501601,101601,6,478.78
XV0A2I4H3X3T,O501602,101602,6,129.42
RW7C1N7F2D7F,O501603,101603,7,339.74
YI8X0N0R0N9V,O501604,101604,1,306.86
HJ1M2X6U0M6F,O501605,101605,6,686.07
CJ9C0Z0C3P6Q,O501606,101606,50,922.1
KU2M4F0D1K5U,O501607,101607,7,284.97
RU2P2V5A7S8P,O501608,101608,1,744.67
QS5L3D9K1E4V,O501609,101609,1,178.35
WV9Y4U8Q3B8L,O501610,101610,1,514.61
MU0H5Z4D7D7A,O501611,101611,6,851.27
CJ5Z9U7R3U8I,O501612,101612,1,163.93
DO0E5V2W3W2H,O501613,101613,3,365.31
VM6K7F2O2A4Q,O501614,101614,6,47.32
DI4Q4Z6I8R8H,O501615,101615,7,806.85
HN3T5G1W5I5T,O501616,101616,3,921.95
IK1O3L2Z5O7T,O501617,101617,3,195.96
VT9I7Q5P4B5H,O501618,101618,3,798.21
FI8Y0K3T8V0V,O501619,101619,7,926.87
ZW5H3X7F2L0Z,O501620,101620,6,765.98
QF2V9Q9M2P6Y,O501621,101621,1,274.56
NH0U5P8R2S5N,O501622,101622,7,986.54
CF5S4S7V4J4K,O501623,101623,1,557.47
TK9F3F0N0Y1C,O501624,101624,6,786.24
AR6Y4Q2Q8U6J,O501625,101625,3,24.57
YY5X4X7T3Q7O,O501626,101626,50,137.58
RD7U6Q5Z0G5K,O501627,101627,6,867.79
TG8T1U3E7B9N,O501628,101628,7,266
WJ4N2D7D3O1L,O501629,101629,50,314.02
UK6B2Y0G8T3S,O501630,101630,3,638.94
KH3M5K5Y2E1C,O501631,101631,7,606.6
MR1F4L5L1R1H,O501632,101632,3,911.28
EA3N1X8V8R6O,O501633,101633,7,331.69
QV6W3H6W5G7S,O501634,101634,50,334.97
DE9O3X9M7D9D,O501635,101635,1,333.22
LZ2L7Q1E2O0E,O501636,101636,50,450.67
ZS5F5K6O7Y0C,O501637,101637,3,323.17
ZO3W6C7A4D7Z,O501638,101638,3,186.25
HD8G3Z7T0E7N,O501639,101639,7,473.41
KA0C7F7B1L8P,O501640,101640,50,146.83
IR3W7N1Q5T5E,O501641,101641,1,640.76
KR7B3T6B4S2D,O501642,101642,50,819.73
WN8X0I5O5I0F,O501643,101643,3,724.38
JU7D4K1L8P2T,O501644,101644,50,766.36
ON6S9O7K3K6T,O501645,101645,50,966.38
NF9B0Z9B4V7F,O501646,101646,50,187.76
RF0Z7F4I1C5M,O501647,101647,3,932.39
QY6V1Y1K2R0L,O501648,101648,1,442.36
LR7A2U3Q9O1R,O501649,101649,3,611.2
JS3Z3Q7X4J4Y,O501650,101650,50,666.18
XI2W5S9P5D9B,O501651,101651,50,533.25
GD0F8M0O1Q4W,O501652,101652,6,588.37
IJ7T9K9D1V8G,O501653,101653,7,533.69
LB2I9D5K9T5K,O501654,101654,50,612.19
AX0E6K7U2Q1Z,O501655,101655,1,819.7
OE6R0D9T8I6I,O501656,101656,3,135.71
HA1R2M9O7A6Y,O501657,101657,6,807.69
CI9U1X5X8F5K,O501658,101658,3,28.18
GD4O7I9R4P8A,O501659,101659,50,676.98
XZ0J0O4S6V4N,O501660,101660,3,823.93
ZA2B8I1R5S7D,O501661,101661,3,620
ZO6U6M7D8G8F,O501662,101662,7,339.48
OY6H5P8P6Y9P,O501663,101663,3,544.8
WV1E8V8Y6B1T,O501664,101664,7,491.41
VD7H4F6Z2R8W,O501665,101665,7,567.56
VK5J0J0N0S3C,O501666,101666,50,446.83
SZ2J2C7H9K9X,O501667,101667,1,18.81
ZF7M2W4V7M3V,O501668,101668,1,17.69
BM0U0U9M3R3R,O501669,101669,3,138.68
LH3R9H9P3C9T,O501670,101670,1,247.35
BK2S9Y1W3D9V,O501671,101671,3,736.93
FF8G2U9T7W6I,O501672,101672,6,476.78
SM1P0W7S9U6P,O501673,101673,7,201.14
GF2J9X7D4K9U,O501674,101674,50,199.5
FT7Q3Z6X5D1S,O501675,101675,1,827.26
QZ2T9P4L7T5C,O501676,101676,1,88.79
DN0Q4G1U9G5Q,O501677,101677,6,639.09
JY9I6K6N5N4I,O501678,101678,3,79.56
LT2G8Q9Z6I1T,O501679,101679,3,88.52
GG6A4Q9I8T1S,O501680,101680,7,681.84
TK1V0A0S2E3S,O501681,101681,3,664.85
KV4T1E6N1D6L,O501682,101682,50,323.16
FZ3L6P2I4L2Z,O501683,101683,7,574.27
JU8G2K0Q1F2O,O501684,101684,1,853.59
JD6Z8X9D9C8K,O501685,101685,50,628.41
HP8M8H7O0P5U,O501686,101686,3,763.63
VY7P5L3A9E1F,O501687,101687,7,174.03
NV0M8M9N5I3S,O501688,101688,1,303.62
BY2W5Y4X9V3Z,O501689,101689,6,588.43
QW3D6W7E8N3A,O501690,101690,3,18.74
RO7G9O5L2H1U,O501691,101691,3,941.05
OS9S6T0B9G4L,O501692,101692,3,167.89
OX3R2F0Z2I8F,O501693,101693,6,750.61
PU6W5T6H2E8M,O501694,101694,3,624.3
XF1N5Y9K7G5D,O501695,101695,3,905.64
WV6X7V8E1J0S,O501696,101696,6,867.48
IM2R0G7Z9H4B,O501697,101697,1,442.47
YW4M1T5E9S5V,O501698,101698,1,135.23
ID0E9X3S9D9X,O501699,101699,1,497.61
OM3K6B4T9U1T,O501700,101700,50,864.64
FD4M3N2V3L0H,O501701,101701,7,153.1
YW9I5Z8I8M2K,O501702,101702,50,718.84
EH4U3N4R5O8V,O501703,101703,3,690.24
KN7O1N0E0V2M,O501704,101704,1,428.26
DI1G5W8X5X6A,O501705,101705,7,561.23
UW1Y8I3A8B4T,O501706,101706,6,86.81
MH2Q5Z9Y5X8S,O501707,101707,7,88.07
SE6U6V5T1J7L,O501708,101708,6,595.69
JE1U5H3Y9E3N,O501709,101709,3,558.73
VM3L6W6C5M4N,O501710,101710,50,462.08
QV2P3E2W5L9W,O501711,101711,3,104.75
RN0P1C5K5K0U,O501712,101712,50,567.64
MH2C0T5G5W7W,O501713,101713,1,359.77
KK1X9P8T0S8P,O501714,101714,50,971.92
IE8A9D4J9A8J,O501715,101715,7,108.06
GV6W5T4N7P8S,O501716,101716,3,352.65
VN2G9S0R4Y0N,O501717,101717,50,663.79
JF2L9R0J3K0D,O501718,101718,7,79.87
JN8M9C5Y2E9E,O501719,101719,6,53.01
ER8M5Z8A5N1U,O501720,101720,6,692.05
UN1G2I4M2Y8G,O501721,101721,3,328.4
KJ1L1P5E1M4T,O501722,101722,1,232
OV4J1B5Y8T4G,O501723,101723,50,962.64
RN7Y3D9V7D0S,O501724,101724,50,637.4
BA0F1V3N3E0C,O501725,101725,1,787.2
ND7Q2L1J5Z4S,O501726,101726,7,312.77
FW6O3H7T5H8S,O501727,101727,3,476.08
CX5F7C3V2P5E,O501728,101728,1,293.33
YH1F8H4G4N7R,O501729,101729,1,232.48
DF8P6V5B1R9H,O501730,101730,3,141.38
KM6Q9H2O2Y5I,O501731,101731,50,129.16
GN5P2Y9I2B9C,O501732,101732,6,203.63
XD4T7A7Z5I1V,O501733,101733,6,392.49
AB9H6T1V0X9R,O501734,101734,3,361.69
HS3Z0F3H1J5C,O501735,101735,1,942.28
SK7W2T2H4V9A,O501736,101736,1,318.6
WR4X9P7B3N3H,O501737,101737,3,850.82
QK7Z6I3J4T2Q,O501738,101738,1,297.81
PY4X9V2D5H8P,O501739,101739,50,798.77
CC7Z0T9V5T4D,O501740,101740,6,33.84
TB6Q5H7H7L5C,O501741,101741,7,900.14
AD4K9X8C8G2X,O501742,101742,3,828.75
HB0F4L8T6I1V,O501743,101743,1,527.47
RN2S2C7U2V8L,O501744,101744,7,373.53
UO2T9S7W7H1M,O501745,101745,6,128.89
ID1I5Z8N9R8Q,O501746,101746,3,994.34
DC8K9E5G4G7C,O501747,101747,7,896.48
UR4L4H8I9I5F,O501748,101748,6,518.2
DO2J0T1Y3V5L,O501749,101749,1,676.82
OH5S5X2P0B2S,O501750,101750,7,766.33
QF5S7M8N5B3G,O501751,101751,7,216.63
AL4P4S8Q2R0N,O501752,101752,6,158.52
ZC3L9X0M3N2W,O501753,101753,3,868.42
OJ1V3V7G2T2D,O501754,101754,50,297.53
EZ3J9V8G4P4U,O501755,101755,1,993.21
FT4C0K5M8J6Y,O501756,101756,6,795.49
RQ9T3P3H9L7I,O501757,101757,6,249.16
JA3T2Z2P9F8R,O501758,101758,50,73.67
KQ0Q2H3Y0K7C,O501759,101759,1,19
AU3A5I4N1E2D,O501760,101760,50,210.76
KF9K8U1I6I2G,O501761,101761,3,271.69
US0B5C0O3P3R,O501762,101762,6,440.13
UG7Z7M9D8B0L,O501763,101763,1,306.92
EX4L7O3S2C4E,O501764,101764,3,23.66
WD9T4C0R0E5W,O501765,101765,7,194.03
SB1K3V6N8F8G,O501766,101766,6,932.97
VH3Q1I8I3E9S,O501767,101767,6,130.49
HW0R0I9Y6U9C,O501768,101768,1,172.1
VS8S1E6T6I6P,O501769,101769,6,426.47
QP1Q5R7Y8B6F,O501770,101770,3,923.53
YY1P1L5D4R1X,O501771,101771,3,760.88
ID4B8X8J5M9M,O501772,101772,50,951.69
RY1K3F1B0H2F,O501773,101773,3,681.46
WN8L5X2K6D2T,O501774,101774,50,292.08
YW3X0G0V0W5K,O501775,101775,1,978.71
MY0K6O8L1M2E,O501776,101776,7,117.73
ST7V0U2Q1D2S,O501777,101777,6,896.39
IP9T7P9X7X5Y,O501778,101778,1,146.06
FM2Z6S7L1A4P,O501779,101779,50,742.59
EE8T4R8X3K3J,O501780,101780,50,828.18
VQ1S1R8G5D9K,O501781,101781,6,658.13
SP8M4C5K8D5B,O501782,101782,3,131.36
SC4K9J8C0Q5A,O501783,101783,3,743.32
EA4W7T4Q7P5Z,O501784,101784,6,679.08
PO4H5F9H5V7O,O501785,101785,3,678.03
AA3D5N8S9A6B,O501786,101786,50,359.17
MN8N7B8U3D6D,O501787,101787,50,875.69
KC7N4I2O9Z6Z,O501788,101788,50,614.01
DB6J5N1K2I9X,O501789,101789,7,709.77
ZJ4N9L5S3M4M,O501790,101790,1,569.8
QT3A0R7F4N8W,O501791,101791,3,543.87
LY0X7B4C0W4F,O501792,101792,7,346.9
UK2X1T4W7Z6T,O501793,101793,6,299.82
KD8H0H9Y2Y2H,O501794,101794,6,576.06
KK9U3G9Z8T8V,O501795,101795,50,158.95
CG9N6K8G9S7L,O501796,101796,50,240.08
CP9Z9A4I3B7I,O501797,101797,1,745.85
NE2L7P3P5J4P,O501798,101798,1,633.08
AE5Z3D2K1S3F,O501799,101799,6,750.3
TH5X6H3Y5T8I,O501800,101800,7,940.58
AM2V2U7S9W4D,O501801,101801,3,379.08
BF8V2E4U7H9U,O501802,101802,7,305.13
RA5D2M9Z2C0Z,O501803,101803,3,388.73
ZX9S7S7S9U9W,O501804,101804,50,177.48
QY3T5N5O7T3A,O501805,101805,6,55.4
ZT3X0I3I3G3D,O501806,101806,7,690.73
WZ6E3U4K9E8N,O501807,101807,6,635.04
LL2E0Q4P1O6O,O501808,101808,7,912.2
XY0L1G0Z0U1I,O501809,101809,50,553.43
WH0K2G3Q8X2R,O501810,101810,50,148.54
AE0J0K9J0B4J,O501811,101811,1,966.55
CJ6V9F1W2C6Q,O501812,101812,1,858.88
OF1G0U3E9F6K,O501813,101813,1,607.3
LK2K0H6V7N0K,O501814,101814,6,216.88
PE7I1W9K8K0F,O501815,101815,3,652.4
WS8R6I6S8Q7H,O501816,101816,50,926.07
EZ5G6D8W3O7T,O501817,101817,50,10.02
XN5F8Z0S1E3D,O501818,101818,1,618.97
QU8I0D7B3U9U,O501819,101819,6,189.12
TA8V2E2S7A5E,O501820,101820,3,45.41
RC1V8W9A7S8X,O501821,101821,3,870.01
OI1D6T0I3W4C,O501822,101822,1,824.32
FI3L0Q4N9F9B,O501823,101823,1,877.64
LT0O4P3X5M1U,O501824,101824,3,135.31
VE9M3E2V4R6V,O501825,101825,7,127.7
UU5H3X1S6E7X,O501826,101826,3,655.83
YY7K7T7I8L8K,O501827,101827,50,676.11
IN3B5G0N4W6J,O501828,101828,6,507.69
ZG9I8E9F8V7E,O501829,101829,1,610.46
IC8F5P4Z7Q7T,O501830,101830,1,977.3
GN7W5L4D4R6W,O501831,101831,1,909.88
AN9S8L8L9P2L,O501832,101832,50,344.65
CC2L1E3A2W3I,O501833,101833,3,76.19
IQ5V1L6D3J5A,O501834,101834,1,870.16
OL8Q2B2G1G2E,O501835,101835,50,899.49
ZT9Q2H1S6J8G,O501836,101836,7,643.92
FI9I1B4X6H6O,O501837,101837,1,753.57
XO0W1L2V8O7A,O501838,101838,6,175.51
NP3H9K3A6H7M,O501839,101839,1,195.2
BQ0C7S1Z4L6M,O501840,101840,7,615.66
XX6Y3A8F1F2H,O501841,101841,3,653.33
ZP9E0F5P1Q1L,O501842,101842,6,767.88
VP0M3U1T7F1U,O501843,101843,7,549.18
ZB2F1S3U9E2R,O501844,101844,6,830.64
OL8O8K6V0O7E,O501845,101845,7,267.89
FL1G5S7H2X4O,O501846,101846,6,767.7
EL4L1K8R7S0Y,O501847,101847,7,118.53
IH1J2F2Z5J0B,O501848,101848,1,923.53
XG2X5N9A9M5P,O501849,101849,1,974.27
FS2K6U2H8H0C,O501850,101850,6,978.38
JE9U2I5I1S7Y,O501851,101851,7,137.92
MR9D2V5W5W5Q,O501852,101852,3,999.96
DH9B2Y4V9D5F,O501853,101853,7,530.67
YF9P2T8U8E6O,O501854,101854,1,655.69
HQ3H9M1N9P9Q,O501855,101855,6,650.31
LT8F6U6M3I6V,O501856,101856,3,973.41
SU9B2Y6T3T1C,O501857,101857,1,745.03
TF6J5V0V5B2R,O501858,101858,50,656.33
QQ8K1I7V4W9V,O501859,101859,6,391.14
XX0D6T4C3N2O,O501860,101860,6,737.3
ZB8D5X8D7F4T,O501861,101861,6,701.74
DS4M0A6Q5H8A,O501862,101862,6,578.49
GX6S5C8K2T2W,O501863,101863,7,735.69
HQ5X0I1I4G6R,O501864,101864,6,383.05
XU1P7C2R5I2P,O501865,101865,1,592.09
HH9T0A4T7K8A,O501866,101866,7,991.48
KL1X5Q8C4Z8P,O501867,101867,7,384.74
YP0Z6A7K6H1A,O501868,101868,7,70.8
OT8W7V9C5Z1H,O501869,101869,1,600.52
CY7Y3F4J8K2R,O501870,101870,3,582.03
MC5I0R8B7N9Z,O501871,101871,50,748.02
DK8V6K2H3U9M,O501872,101872,1,671.61
NJ5Y9S4P8O9O,O501873,101873,1,705.14
EO4X1M3R4Y4W,O501874,101874,6,873.57
ZA5Q5Q6E0S9G,O501875,101875,6,40.97
YA4J3V1E7P3Z,O501876,101876,6,189.72
UX1Y4Z7U8J5U,O501877,101877,6,593.48
FR3C7N4W6B5R,O501878,101878,50,145.07
UI5O1F0P2V4R,O501879,101879,3,895.15
HX7M4C4M5X2D,O501880,101880,7,242.97
EZ4I1V0R0J8P,O501881,101881,1,375.82
QY6V9C7L3N3D,O501882,101882,6,589.82
YJ3U3D9T0M0F,O501883,101883,3,232.29
AO8L5N5D1L3F,O501884,101884,3,439.02
YS8A0E8O6W0H,O501885,101885,7,769.53
JG6U6H6E2S1I,O501886,101886,6,768.55
PG6L3X9A4D0L,O501887,101887,1,673.73
VO2A7D5N8C2M,O501888,101888,6,448.16
GA6R1E8W1O1F,O501889,101889,1,795.41
QG3A8X0I0K5H,O501890,101890,7,759.36
TG0D6X2M9D5L,O501891,101891,1,429.81
HG6B4K9W2B2R,O501892,101892,7,571.41
PY9D8E2Z8Y9S,O501893,101893,1,413.01
RC6G7N8V3E8P,O501894,101894,50,939.56
ND2B2X0D3X4J,O501895,101895,50,260.32
FJ7F4L9U3G3P,O501896,101896,6,173.64
SK1B2O2J5C0D,O501897,101897,1,890.77
MA8N7X7E4F1W,O501898,101898,7,478.48
OZ0Y3M1Y1Q9Y,O501899,101899,50,828.98
VO7Z8N1G4U9Z,O501900,101900,1,198.06
VG2F8F6H3C5W,O501901,101901,50,266.35
VB0P1C7M3T4U,O501902,101902,6,190.18
MC1H6F0H7S7Z,O501903,101903,7,628.14
OU1E9Q2K2R9A,O501904,101904,7,447.94
QB4E1R5S0L1Z,O501905,101905,7,238.94
TS0F2W4I8N6J,O501906,101906,3,351.41
ES1N2M3E4X8A,O501907,101907,7,289.64
DP1S2P0P6F0Q,O501908,101908,1,746.88
VZ4S4V0U7K7V,O501909,101909,6,259.68
YO9R4W2V6X5S,O501910,101910,7,398.35
SX2X4V3R7C8A,O501911,101911,50,922.91
VZ8J2S2S5O2H,O501912,101912,3,632.37
EQ8H2U9K6V8B,O501913,101913,3,266.83
HI1K7G8D6B6C,O501914,101914,3,275.19
BZ3Z9C4O7S5H,O501915,101915,3,804.61
KD9I2K1Q7V2I,O501916,101916,3,686.62
XK4O7F8X1K5U,O501917,101917,1,849.8
QE8Y5E0W8U3X,O501918,101918,1,731.65
WE2E8C7K4F1B,O501919,101919,1,210.92
CS0B5D3M9G6N,O501920,101920,7,712.34
YJ8N7J9L2Q3X,O501921,101921,1,729.66
KN4L8N7Q8G6J,O501922,101922,7,551.49
PP5L8Z0A1L9R,O501923,101923,1,580.16
PW4F8K2M0L9Y,O501924,101924,3,899.28
HF4E0Q5V7Z0B,O501925,101925,3,150.97
SO2S6O4Q1S5W,O501926,101926,3,443.42
FH7R3E8T8M2X,O501927,101927,1,121.66
AJ3E4W2J2Y2F,O501928,101928,6,246.97
HO6Z9K7R5V6Y,O501929,101929,3,52.18
WY1Y8K6H6P2N,O501930,101930,7,338.17
VD8A7T9Y4Z5C,O501931,101931,1,536.94
GO2G2D2S5I8U,O501932,101932,50,818.38
YJ0V7B7B2P3H,O501933,101933,7,913.27
IE0A7G2O4D3D,O501934,101934,50,897.49
BK1Q4W0D0E0O,O501935,101935,50,272.42
QR7N9K6N7A1B,O501936,101936,50,498.97
CZ8W8A4O3W0W,O501937,101937,1,510.05
UZ2W8L4J7R1O,O501938,101938,6,16.62
SW2P1T9P4L5I,O501939,101939,3,782.14
QQ1S2O9A2F0J,O501940,101940,50,712.71
BI0V1Y5E9F6U,O501941,101941,7,155.86
ZL9M3R7S3X1H,O501942,101942,6,912.35
UH2C0Z2Z1E3B,O501943,101943,3,660.51
MT8X1J1P2E9K,O501944,101944,3,195.28
TZ7D5D2X2K3D,O501945,101945,50,780.51
ZG2U5H6N3F8E,O501946,101946,3,800.49
WZ8C9J4P0C6I,O501947,101947,6,16.05
ZE6V8Z9I6O3K,O501948,101948,3,440.39
YO1O9Y5W5I6T,O501949,101949,50,109.87
TV3X5O9U8T4M,O501950,101950,6,70.73
KR6T0R8R5W9X,O501951,101951,1,429.95
BX9C3P7W7X0Y,O501952,101952,50,56.52
FI4H4I3G8M5L,O501953,101953,50,35.67
JP4Q5V0Y4L3O,O501954,101954,3,820.87
VY6O2T6L6L9A,O501955,101955,7,197.31
DW3Z7V4U8S5K,O501956,101956,6,434.39
OH3S6F8L4V9I,O501957,101957,7,43.98
MA1T4I8D8O4B,O501958,101958,7,521.17
AF7L5J9A4B3L,O501959,101959,6,236.49
ZX7L9Z1H8L7Y,O501960,101960,50,849.23
TZ3J8Z8G4M1S,O501961,101961,1,505.24
KU6I8N2D4M2C,O501962,101962,6,954.19
TH6U4L2G7I3F,O501963,101963,6,575.39
NP9W5J8C9B0Z,O501964,101964,50,421.45
VW2L5E0H4T4M,O501965,101965,6,677.32
LG6K6D8X2R9D,O501966,101966,1,675.67
ZX3P8N7I6Z8C,O501967,101967,50,232.46
WR5H2H0J5K8W,O501968,101968,1,953.09
DK1F8F5E6J6T,O501969,101969,50,508.29
DR9H7O3X8K0N,O501970,101970,1,290.28
EG9I7G7Q4D2E,O501971,101971,1,146.75
VR2Y4V4E5D3R,O501972,101972,7,208.78
UN3N1I6X4G8N,O501973,101973,50,983.2
QO9I9V3O8E4M,O501974,101974,3,591.4
ES6E5D9O5D0U,O501975,101975,50,793.2
KI4C2H5E0H3O,O501976,101976,7,334.7
CG1L7O5I8M8C,O501977,101977,50,84.32
HL1J7S4E6X7I,O501978,101978,50,738.5
MS4O8J3L7O6F,O501979,101979,50,12.2
TY7R8B9B2J2E,O501980,101980,50,216.87
ON0I7P3Z6H0H,O501981,101981,6,905.82
YA2Z0P8N6V0S,O501982,101982,50,343.15
FX5K6W4I8P4Z,O501983,101983,3,914.81
FS6J9A0A0P7I,O501984,101984,7,874.08
JO8T8V8M4U3L,O501985,101985,50,721.27
YA5V5L5A7C5P,O501986,101986,3,619.95
EZ4R1U9W0D1T,O501987,101987,50,307.61
CI9F7I4N2W3G,O501988,101988,1,758.17
RX3E6K4S6M2U,O501989,101989,50,411.1
FN0U1U3V5A4I,O501990,101990,1,749.02
JQ4F9F4B5C5G,O501991,101991,3,82.52
YX1N9P8F7J5W,O501992,101992,1,919.73
SD2I8W7M1Y4T,O501993,101993,6,481.5
QP6Y8V2H2E3H,O501994,101994,50,518.77
QG3Q5D6F1M2I,O501995,101995,50,250.16
IJ4U0Z8T3C0M,O501996,101996,6,630.3
RI4Q2V6R5G7P,O501997,101997,6,776.64
JD6R7S4U8J5W,O501998,101998,3,800.14
BF8E2B0Q6V4B,O501999,101999,7,789.95
