payment_id,order_id,payment_date,amount,payment_method,payment_status
1,O500000,2025-05-03,998.71,Bank Transfer,Completed
2,O500001,2024-12-28,621.05,Debit Card,Pending
3,O500002,2024-06-21,381,Debit Card,Completed
4,O500003,2025-03-08,165.9,Credit Card,Failed
5,O500004,2025-06-29,206.23,PayPal,Failed
6,O500005,2024-12-29,984.34,Debit Card,Pending
7,O500006,2024-02-27,443.35,Bank Transfer,Completed
8,O500007,2025-02-12,938.82,Credit Card,Completed
9,O500008,2024-10-23,83.96,UPI,Pending
10,O500009,2024-10-03,118.53,PayPal,Pending
11,O500010,2024-04-30,470.25,Debit Card,Failed
12,O500011,2025-04-29,531.86,UPI,Completed
13,O500012,2024-03-06,786.95,PayPal,Failed
14,O500013,2024-01-08,513.37,Bank Transfer,Completed
15,O500014,2023-08-07,576.03,UPI,Failed
16,O500015,2023-07-13,429.08,UPI,Refunded
17,O500016,2025-04-20,156.88,Bank Transfer,Failed
18,O500017,2023-10-14,334.91,PayPal,Completed
19,O500018,2023-08-27,94.4,Bank Transfer,Refunded
20,O500019,2024-12-25,378.7,PayPal,Failed
21,O500020,2024-10-26,92.95,UPI,Refunded
22,O500021,2025-01-02,482.68,UPI,Failed
23,O500022,2024-05-25,704.26,UPI,Failed
24,O500023,2024-03-16,852.76,UPI,Completed
25,O500024,2024-11-28,959.25,Credit Card,Pending
26,O500025,2024-12-21,917.31,Credit Card,Refunded
27,O500026,2023-08-10,833.6,Credit Card,Pending
28,O500027,2024-03-17,56.47,Credit Card,Completed
29,O500028,2024-11-09,757.7,PayPal,Completed
30,O500029,2024-11-22,68.01,Debit Card,Failed
31,O500030,2024-08-21,495.48,UPI,Failed
32,O500031,2024-02-03,358.31,UPI,Failed
33,O500032,2025-03-16,533.31,Debit Card,Pending
34,O500033,2025-01-29,457.23,UPI,Failed
35,O500034,2024-07-08,14.04,Credit Card,Failed
36,O500035,2023-12-13,39,UPI,Failed
37,O500036,2025-04-12,962.32,Debit Card,Refunded
38,O500037,2024-10-05,289.14,UPI,Completed
39,O500038,2025-01-12,983.57,Debit Card,Pending
40,O500039,2023-10-20,571.06,UPI,Pending
41,O500040,2024-11-25,817.32,Bank Transfer,Completed
42,O500041,2025-03-22,459.84,UPI,Pending
43,O500042,2025-01-15,279.61,Bank Transfer,Failed
44,O500043,2023-09-07,291.17,Debit Card,Completed
45,O500044,2023-09-21,974.24,Debit Card,Pending
46,O500045,2025-02-01,90.86,UPI,Pending
47,O500046,2023-09-04,742.45,Credit Card,Failed
48,O500047,2023-08-03,538.33,Debit Card,Pending
49,O500048,2024-08-26,699.28,Debit Card,Refunded
50,O500049,2025-06-01,949.31,UPI,Refunded
51,O500050,2024-02-21,18.77,PayPal,Completed
52,O500051,2025-06-21,202.08,Debit Card,Pending
53,O500052,2024-12-11,588.55,Credit Card,Completed
54,O500053,2024-12-17,782.54,Debit Card,Pending
55,O500054,2024-07-27,251.29,Credit Card,Failed
56,O500055,2024-03-24,446.45,PayPal,Refunded
57,O500056,2024-08-19,544.22,Credit Card,Failed
58,O500057,2024-07-03,867.79,PayPal,Refunded
59,O500058,2024-05-26,39.52,PayPal,Refunded
60,O500059,2023-10-02,130.45,UPI,Failed
61,O500060,2025-03-23,827.97,PayPal,Refunded
62,O500061,2023-12-31,22.07,Credit Card,Completed
63,O500062,2025-06-15,340.05,Credit Card,Completed
64,O500063,2025-05-02,527.02,PayPal,Completed
65,O500064,2024-10-13,14.01,PayPal,Refunded
66,O500065,2025-06-29,54.38,Credit Card,Failed
67,O500066,2023-10-26,408.25,Debit Card,Refunded
68,O500067,2023-12-01,314.29,PayPal,Pending
69,O500068,2025-02-28,236.86,UPI,Refunded
70,O500069,2024-01-26,613.46,Bank Transfer,Refunded
71,O500070,2024-04-01,952.9,PayPal,Pending
72,O500071,2024-01-14,880.87,Credit Card,Completed
73,O500072,2025-06-27,517.87,UPI,Refunded
74,O500073,2024-02-19,64.34,UPI,Pending
75,O500074,2024-08-05,44.36,Credit Card,Completed
76,O500075,2023-11-20,662.93,PayPal,Failed
77,O500076,2024-04-06,828.23,Credit Card,Failed
78,O500077,2025-03-26,961.05,Debit Card,Failed
79,O500078,2024-03-10,667.87,UPI,Pending
80,O500079,2025-02-23,618.3,UPI,Failed
81,O500080,2023-09-21,966.94,PayPal,Pending
82,O500081,2025-01-10,785.63,PayPal,Completed
83,O500082,2024-08-13,637.18,UPI,Completed
84,O500083,2025-05-07,398.27,UPI,Completed
85,O500084,2024-11-23,177.79,Bank Transfer,Refunded
86,O500085,2025-04-30,229.49,Debit Card,Pending
87,O500086,2025-03-19,843.63,PayPal,Pending
88,O500087,2025-06-04,332.32,UPI,Completed
89,O500088,2024-04-07,690.14,Debit Card,Failed
90,O500089,2024-05-03,930.17,UPI,Pending
91,O500090,2023-10-12,618.6,UPI,Refunded
92,O500091,2023-10-27,66.17,PayPal,Completed
93,O500092,2023-10-15,233.24,Debit Card,Pending
94,O500093,2023-07-14,51.89,PayPal,Pending
95,O500094,2024-10-29,433.08,Bank Transfer,Refunded
96,O500095,2023-11-01,191.96,Credit Card,Completed
97,O500096,2024-06-08,33.87,Debit Card,Refunded
98,O500097,2024-05-22,717.28,Debit Card,Pending
99,O500098,2024-03-18,750.73,UPI,Failed
100,O500099,2023-09-15,380.4,PayPal,Failed
101,O500100,2024-06-25,185.55,Credit Card,Refunded
102,O500101,2024-01-07,455.64,Credit Card,Failed
103,O500102,2024-01-13,776.43,PayPal,Failed
104,O500103,2024-10-20,233.34,UPI,Refunded
105,O500104,2025-05-20,33.12,UPI,Pending
106,O500105,2024-11-16,458.27,Credit Card,Completed
107,O500106,2024-10-07,606.63,Debit Card,Pending
108,O500107,2025-03-31,537.39,Credit Card,Pending
109,O500108,2024-06-10,235.78,PayPal,Pending
110,O500109,2024-09-05,602.54,UPI,Pending
111,O500110,2025-07-06,562.07,PayPal,Refunded
112,O500111,2024-03-16,515.36,Bank Transfer,Failed
113,O500112,2024-05-23,436.11,UPI,Pending
114,O500113,2025-03-24,154.54,UPI,Completed
115,O500114,2024-01-28,73.8,Bank Transfer,Completed
116,O500115,2025-03-01,973.93,PayPal,Refunded
117,O500116,2025-06-25,674.09,Credit Card,Failed
118,O500117,2024-06-30,31.14,Credit Card,Completed
119,O500118,2025-04-10,400.33,PayPal,Failed
120,O500119,2024-08-23,354.29,Debit Card,Pending
121,O500120,2024-04-19,974.99,Bank Transfer,Failed
122,O500121,2024-02-29,836.81,Debit Card,Pending
123,O500122,2024-11-23,942.51,UPI,Refunded
124,O500123,2023-08-25,228.55,Bank Transfer,Failed
125,O500124,2024-06-14,309.73,PayPal,Completed
126,O500125,2025-01-25,63.74,Bank Transfer,Completed
127,O500126,2024-02-07,384.18,Debit Card,Failed
128,O500127,2023-12-15,175.91,UPI,Failed
129,O500128,2025-02-11,112.01,Debit Card,Refunded
130,O500129,2024-04-29,381.36,Credit Card,Refunded
131,O500130,2023-08-06,881.58,PayPal,Refunded
132,O500131,2024-05-02,92.15,Credit Card,Refunded
133,O500132,2025-06-08,202.78,PayPal,Failed
134,O500133,2024-01-03,837.45,Bank Transfer,Pending
135,O500134,2024-05-17,728.04,Bank Transfer,Refunded
136,O500135,2023-07-14,663.82,PayPal,Pending
137,O500136,2024-10-16,58.71,Bank Transfer,Pending
138,O500137,2023-11-19,933.18,UPI,Pending
139,O500138,2024-12-23,405.29,PayPal,Pending
140,O500139,2024-10-27,986.97,Debit Card,Pending
141,O500140,2023-08-01,705.81,Credit Card,Refunded
142,O500141,2024-11-19,682.37,Bank Transfer,Failed
143,O500142,2023-07-18,963.88,Debit Card,Refunded
144,O500143,2025-01-26,262.42,Credit Card,Refunded
145,O500144,2024-12-08,973.36,Credit Card,Pending
146,O500145,2023-08-15,293.71,Bank Transfer,Failed
147,O500146,2023-11-08,436.56,Bank Transfer,Failed
148,O500147,2023-08-21,979.62,Debit Card,Completed
149,O500148,2024-01-27,483.89,Debit Card,Pending
150,O500149,2024-07-24,20.79,PayPal,Failed
151,O500150,2024-09-20,825.71,Bank Transfer,Refunded
152,O500151,2024-05-24,794.04,PayPal,Failed
153,O500152,2024-11-23,139.16,UPI,Refunded
154,O500153,2024-01-25,358.38,PayPal,Completed
155,O500154,2024-12-15,948.56,Credit Card,Pending
156,O500155,2025-01-14,283.73,UPI,Pending
157,O500156,2024-03-08,344.53,UPI,Refunded
158,O500157,2024-07-31,888.99,Debit Card,Completed
159,O500158,2024-06-26,112.17,Credit Card,Failed
160,O500159,2023-10-21,902.43,Bank Transfer,Refunded
161,O500160,2024-09-29,389.07,Bank Transfer,Failed
162,O500161,2024-04-22,91.87,UPI,Completed
163,O500162,2024-05-21,542.89,UPI,Pending
164,O500163,2024-05-31,739.37,UPI,Pending
165,O500164,2024-05-19,716.25,Bank Transfer,Failed
166,O500165,2025-04-15,391.68,UPI,Pending
167,O500166,2024-08-27,592.27,Credit Card,Completed
168,O500167,2023-09-18,396.07,Credit Card,Failed
169,O500168,2024-05-30,808.46,Credit Card,Pending
170,O500169,2024-03-07,345.53,Bank Transfer,Pending
171,O500170,2024-01-01,842.07,UPI,Refunded
172,O500171,2023-07-19,954.53,UPI,Refunded
173,O500172,2025-07-03,389.31,PayPal,Pending
174,O500173,2025-06-24,297.92,Credit Card,Failed
175,O500174,2025-01-25,802.16,PayPal,Completed
176,O500175,2025-03-12,386.09,Credit Card,Refunded
177,O500176,2024-08-28,201,Debit Card,Failed
178,O500177,2024-11-09,595.08,PayPal,Refunded
179,O500178,2025-06-14,955.23,PayPal,Pending
180,O500179,2024-09-01,388.86,PayPal,Completed
181,O500180,2023-10-14,469.27,PayPal,Failed
182,O500181,2025-05-22,488.31,PayPal,Pending
183,O500182,2025-04-27,100.16,Bank Transfer,Completed
184,O500183,2024-06-22,980.22,UPI,Failed
185,O500184,2024-02-16,150.13,PayPal,Refunded
186,O500185,2025-04-20,908.31,Credit Card,Completed
187,O500186,2023-07-29,848.23,PayPal,Pending
188,O500187,2024-04-03,970.91,UPI,Failed
189,O500188,2023-11-30,315.11,Credit Card,Failed
190,O500189,2024-03-06,700.08,UPI,Pending
191,O500190,2024-02-26,481.52,Bank Transfer,Completed
192,O500191,2023-07-12,256.12,Debit Card,Failed
193,O500192,2023-07-13,73.43,UPI,Failed
194,O500193,2024-04-26,295.61,Debit Card,Failed
195,O500194,2024-07-27,802.8,Credit Card,Failed
196,O500195,2024-05-09,163.69,PayPal,Pending
197,O500196,2025-02-11,497.92,Debit Card,Completed
198,O500197,2025-06-26,702.75,Bank Transfer,Failed
199,O500198,2023-09-23,541.08,Bank Transfer,Completed
200,O500199,2024-03-30,324.87,PayPal,Failed
201,O500200,2024-06-19,282.42,UPI,Failed
202,O500201,2025-07-06,189.29,PayPal,Completed
203,O500202,2023-07-24,516.47,UPI,Refunded
204,O500203,2024-01-24,706.46,Debit Card,Failed
205,O500204,2025-04-23,191.66,Credit Card,Completed
206,O500205,2023-09-05,840.9,UPI,Completed
207,O500206,2024-04-06,246.87,Bank Transfer,Completed
208,O500207,2023-09-30,234.99,UPI,Refunded
209,O500208,2025-07-05,564.83,Debit Card,Pending
210,O500209,2025-01-20,852.96,Debit Card,Failed
211,O500210,2025-05-24,837.07,Credit Card,Completed
212,O500211,2024-05-05,749.47,Bank Transfer,Refunded
213,O500212,2025-06-01,850.07,Debit Card,Failed
214,O500213,2025-04-15,137.57,Debit Card,Completed
215,O500214,2025-01-07,792.83,UPI,Pending
216,O500215,2023-10-10,791.74,UPI,Refunded
217,O500216,2025-04-21,876.98,UPI,Refunded
218,O500217,2024-12-26,939.82,PayPal,Refunded
219,O500218,2025-01-23,88.21,Debit Card,Pending
220,O500219,2025-05-10,528.94,Bank Transfer,Refunded
221,O500220,2024-12-07,605.67,Credit Card,Completed
222,O500221,2024-08-05,308.53,UPI,Refunded
223,O500222,2023-12-26,574.69,PayPal,Pending
224,O500223,2023-08-20,217.84,PayPal,Pending
225,O500224,2025-01-03,81.38,Bank Transfer,Failed
226,O500225,2024-03-15,435.96,UPI,Refunded
227,O500226,2024-11-08,605.31,Bank Transfer,Failed
228,O500227,2023-11-06,623.62,UPI,Refunded
229,O500228,2024-05-18,730.64,Bank Transfer,Refunded
230,O500229,2023-08-25,560.55,Credit Card,Failed
231,O500230,2024-02-13,27.28,Bank Transfer,Completed
232,O500231,2024-12-15,684.68,Debit Card,Refunded
233,O500232,2024-12-03,525.09,Credit Card,Refunded
234,O500233,2025-04-13,843.25,PayPal,Completed
235,O500234,2023-12-12,338.8,Credit Card,Completed
236,O500235,2024-10-19,185.83,UPI,Refunded
237,O500236,2025-05-29,822.9,Credit Card,Refunded
238,O500237,2023-07-26,742.36,Debit Card,Completed
239,O500238,2025-01-31,306.65,UPI,Failed
240,O500239,2025-03-04,153.87,UPI,Completed
241,O500240,2024-01-28,798.04,Bank Transfer,Refunded
242,O500241,2023-11-30,308.24,Credit Card,Failed
243,O500242,2023-08-16,483.91,PayPal,Failed
244,O500243,2025-06-03,856.36,Debit Card,Failed
245,O500244,2023-09-05,946.54,PayPal,Completed
246,O500245,2024-12-02,75.44,Bank Transfer,Refunded
247,O500246,2024-02-27,649.82,Credit Card,Failed
248,O500247,2024-06-02,227.37,Bank Transfer,Completed
249,O500248,2024-09-28,712.3,Debit Card,Failed
250,O500249,2025-05-16,372.27,Debit Card,Completed
251,O500250,2024-07-13,311.2,Credit Card,Pending
252,O500251,2024-08-08,92.03,PayPal,Completed
253,O500252,2025-06-03,106.9,Bank Transfer,Failed
254,O500253,2023-09-09,235.93,PayPal,Pending
255,O500254,2023-10-11,989.93,PayPal,Failed
256,O500255,2024-04-03,605.58,Credit Card,Refunded
257,O500256,2023-08-04,844.6,Debit Card,Completed
258,O500257,2024-04-30,746.2,Debit Card,Failed
259,O500258,2024-04-02,802.66,Debit Card,Refunded
260,O500259,2024-11-11,428.04,UPI,Pending
261,O500260,2023-11-10,908.09,UPI,Completed
262,O500261,2025-05-16,217.93,PayPal,Refunded
263,O500262,2025-04-12,349.38,PayPal,Failed
264,O500263,2024-03-04,712.79,Debit Card,Pending
265,O500264,2023-10-06,286.83,Bank Transfer,Completed
266,O500265,2023-11-06,637.04,Bank Transfer,Pending
267,O500266,2023-07-25,159.06,UPI,Completed
268,O500267,2025-01-10,392.46,UPI,Completed
269,O500268,2025-05-28,83.26,Bank Transfer,Pending
270,O500269,2025-06-25,465.9,PayPal,Refunded
271,O500270,2024-06-19,969.48,Debit Card,Failed
272,O500271,2023-10-27,62.52,PayPal,Failed
273,O500272,2025-01-14,702.26,Debit Card,Refunded
274,O500273,2023-11-21,776.29,Bank Transfer,Pending
275,O500274,2024-03-30,671.98,Credit Card,Refunded
276,O500275,2024-07-15,592.09,Credit Card,Completed
277,O500276,2024-07-10,51.62,PayPal,Failed
278,O500277,2024-06-05,209.03,Credit Card,Refunded
279,O500278,2024-07-16,889.55,Credit Card,Pending
280,O500279,2024-05-02,120.34,UPI,Refunded
281,O500280,2024-03-15,682.71,Debit Card,Refunded
282,O500281,2024-02-21,773.63,UPI,Refunded
283,O500282,2023-12-24,350.84,Credit Card,Completed
284,O500283,2024-08-25,216.25,UPI,Failed
285,O500284,2023-11-25,921.23,Bank Transfer,Failed
286,O500285,2025-06-15,352.79,UPI,Refunded
287,O500286,2025-01-02,328.65,Bank Transfer,Pending
288,O500287,2024-05-14,965.01,PayPal,Completed
289,O500288,2024-12-06,146,Debit Card,Refunded
290,O500289,2024-12-30,146.55,Bank Transfer,Refunded
291,O500290,2024-08-05,99.46,UPI,Pending
292,O500291,2024-05-08,350.7,Bank Transfer,Completed
293,O500292,2025-04-13,457.47,UPI,Refunded
294,O500293,2024-10-04,287.02,Credit Card,Refunded
295,O500294,2024-07-19,869.73,Credit Card,Refunded
296,O500295,2024-11-17,462.45,Credit Card,Pending
297,O500296,2025-02-17,190.6,UPI,Failed
298,O500297,2024-01-11,528.07,UPI,Refunded
299,O500298,2024-11-29,35.08,Credit Card,Completed
300,O500299,2023-09-22,22.76,PayPal,Refunded
301,O500300,2025-04-24,129.3,PayPal,Pending
302,O500301,2023-08-06,95,Credit Card,Completed
303,O500302,2025-03-11,596.32,Debit Card,Pending
304,O500303,2024-03-14,806.45,UPI,Pending
305,O500304,2024-11-08,415.04,Bank Transfer,Pending
306,O500305,2024-03-10,12.27,Debit Card,Pending
307,O500306,2025-05-21,155.16,UPI,Failed
308,O500307,2024-12-25,572.11,PayPal,Refunded
309,O500308,2023-07-22,644.89,Debit Card,Failed
310,O500309,2024-08-06,510.18,UPI,Refunded
311,O500310,2024-05-19,129.95,Bank Transfer,Completed
312,O500311,2024-12-08,616.65,UPI,Failed
313,O500312,2025-03-13,751.6,UPI,Refunded
314,O500313,2024-03-02,394.5,UPI,Failed
315,O500314,2023-09-07,437.8,UPI,Completed
316,O500315,2025-03-21,847.43,PayPal,Refunded
317,O500316,2025-01-09,962.05,PayPal,Completed
318,O500317,2025-03-04,654.16,PayPal,Refunded
319,O500318,2023-07-29,99.26,Debit Card,Pending
320,O500319,2024-11-17,13.13,Debit Card,Failed
321,O500320,2024-09-18,848.66,Credit Card,Failed
322,O500321,2025-04-20,687.03,PayPal,Pending
323,O500322,2024-03-02,402.22,Bank Transfer,Completed
324,O500323,2023-08-01,439.02,UPI,Refunded
325,O500324,2023-09-26,95.9,Debit Card,Pending
326,O500325,2024-09-17,528.23,Bank Transfer,Refunded
327,O500326,2025-04-28,899.33,Credit Card,Pending
328,O500327,2024-09-26,488.73,PayPal,Failed
329,O500328,2024-03-14,924.95,UPI,Completed
330,O500329,2024-07-10,344.37,UPI,Refunded
331,O500330,2025-06-03,634.66,UPI,Failed
332,O500331,2025-03-17,357.34,UPI,Completed
333,O500332,2024-02-03,706.41,Credit Card,Completed
334,O500333,2024-11-15,71.79,Credit Card,Completed
335,O500334,2023-12-12,625.25,UPI,Completed
336,O500335,2025-06-19,364.95,Bank Transfer,Pending
337,O500336,2025-03-12,229.49,Bank Transfer,Refunded
338,O500337,2025-03-21,683.65,Credit Card,Failed
339,O500338,2024-09-13,196.6,Credit Card,Pending
340,O500339,2024-11-16,705.85,Bank Transfer,Failed
341,O500340,2025-05-11,998.86,PayPal,Pending
342,O500341,2024-12-30,891.41,UPI,Completed
343,O500342,2024-09-07,808.98,Bank Transfer,Failed
344,O500343,2024-05-28,98.19,Credit Card,Failed
345,O500344,2023-07-31,671.42,PayPal,Pending
346,O500345,2025-05-06,315.24,PayPal,Refunded
347,O500346,2024-05-13,469.56,Credit Card,Pending
348,O500347,2024-09-06,867.92,Debit Card,Failed
349,O500348,2024-01-13,555.74,UPI,Completed
350,O500349,2024-05-01,622.68,Credit Card,Pending
351,O500350,2024-08-30,449.27,Credit Card,Completed
352,O500351,2024-04-12,58.45,PayPal,Refunded
353,O500352,2024-11-09,526.9,PayPal,Completed
354,O500353,2024-12-26,96.89,PayPal,Failed
355,O500354,2023-10-21,481.01,Credit Card,Pending
356,O500355,2024-03-14,829.33,Debit Card,Completed
357,O500356,2024-05-10,790.99,PayPal,Failed
358,O500357,2024-12-22,287.47,Bank Transfer,Pending
359,O500358,2024-02-07,93.04,UPI,Pending
360,O500359,2025-04-02,953.78,UPI,Refunded
361,O500360,2025-04-23,983.72,PayPal,Completed
362,O500361,2025-02-17,946.18,Debit Card,Refunded
363,O500362,2024-07-11,623.15,Bank Transfer,Pending
364,O500363,2024-05-13,221.29,UPI,Refunded
365,O500364,2025-06-01,210.22,Bank Transfer,Completed
366,O500365,2024-06-02,363.89,Bank Transfer,Failed
367,O500366,2024-06-15,102.03,Bank Transfer,Failed
368,O500367,2023-08-27,643.81,PayPal,Failed
369,O500368,2025-04-26,413.47,Bank Transfer,Pending
370,O500369,2024-12-23,560.24,UPI,Failed
371,O500370,2024-06-12,666.5,Bank Transfer,Failed
372,O500371,2025-04-25,497.11,PayPal,Failed
373,O500372,2025-03-02,767.1,Credit Card,Refunded
374,O500373,2024-05-25,723.52,PayPal,Refunded
375,O500374,2024-03-01,261.26,Debit Card,Refunded
376,O500375,2025-05-03,914.29,Credit Card,Pending
377,O500376,2024-12-05,862.11,Credit Card,Pending
378,O500377,2025-03-04,942.2,PayPal,Pending
379,O500378,2024-07-05,36.48,Debit Card,Pending
380,O500379,2023-10-25,58.74,UPI,Pending
381,O500380,2023-12-16,785.36,Bank Transfer,Pending
382,O500381,2024-02-12,320.67,Debit Card,Pending
383,O500382,2023-09-21,269.32,UPI,Completed
384,O500383,2023-08-11,57,PayPal,Failed
385,O500384,2024-05-22,439.49,Debit Card,Pending
386,O500385,2023-11-23,911.1,PayPal,Failed
387,O500386,2023-10-29,73.97,Bank Transfer,Failed
388,O500387,2025-04-22,643.22,Bank Transfer,Refunded
389,O500388,2024-02-18,23.93,Credit Card,Refunded
390,O500389,2023-11-13,289.98,UPI,Pending
391,O500390,2024-09-21,970.67,Debit Card,Completed
392,O500391,2024-06-01,713.88,Credit Card,Completed
393,O500392,2024-05-21,977.81,Credit Card,Failed
394,O500393,2024-12-19,356.18,PayPal,Pending
395,O500394,2023-11-16,749,Bank Transfer,Pending
396,O500395,2023-08-13,623.57,PayPal,Pending
397,O500396,2024-07-26,475.23,Debit Card,Completed
398,O500397,2024-09-27,685.72,UPI,Pending
399,O500398,2024-08-06,70.74,PayPal,Pending
400,O500399,2024-11-10,645.84,UPI,Failed
401,O500400,2025-02-28,575.64,PayPal,Completed
402,O500401,2025-04-20,490.76,PayPal,Completed
403,O500402,2023-12-23,676.07,Bank Transfer,Refunded
404,O500403,2024-10-17,315.26,Bank Transfer,Completed
405,O500404,2023-10-04,49.96,PayPal,Refunded
406,O500405,2025-03-12,377.77,PayPal,Refunded
407,O500406,2025-06-24,380.91,PayPal,Pending
408,O500407,2025-02-14,510.88,PayPal,Completed
409,O500408,2025-05-25,584.99,Debit Card,Refunded
410,O500409,2024-08-20,951.14,Bank Transfer,Completed
411,O500410,2023-11-10,511.36,Debit Card,Refunded
412,O500411,2024-06-24,161.21,Bank Transfer,Pending
413,O500412,2024-09-09,374.04,Bank Transfer,Completed
414,O500413,2024-08-24,757.2,Credit Card,Failed
415,O500414,2025-01-27,887.49,Bank Transfer,Refunded
416,O500415,2025-04-16,291.51,Debit Card,Pending
417,O500416,2024-04-14,28.13,UPI,Refunded
418,O500417,2024-09-23,391.21,Debit Card,Refunded
419,O500418,2024-12-30,194.97,UPI,Completed
420,O500419,2023-12-23,577.96,Credit Card,Completed
421,O500420,2024-01-22,414.12,PayPal,Pending
422,O500421,2024-05-15,937.89,Bank Transfer,Completed
423,O500422,2024-05-09,590.89,Debit Card,Failed
424,O500423,2023-08-12,242.27,UPI,Pending
425,O500424,2024-03-27,744.83,Bank Transfer,Pending
426,O500425,2025-05-13,241.21,PayPal,Completed
427,O500426,2024-11-21,419.77,Debit Card,Completed
428,O500427,2024-02-18,244.92,UPI,Pending
429,O500428,2025-05-27,654.99,UPI,Completed
430,O500429,2024-12-01,670.13,Credit Card,Refunded
431,O500430,2023-10-07,706.3,Bank Transfer,Pending
432,O500431,2024-02-07,610.66,UPI,Pending
433,O500432,2023-08-25,105.1,Debit Card,Completed
434,O500433,2024-04-28,561.55,Debit Card,Failed
435,O500434,2024-11-23,269.77,Credit Card,Completed
436,O500435,2024-11-26,243.74,Credit Card,Completed
437,O500436,2024-04-11,266.74,Credit Card,Refunded
438,O500437,2023-11-24,687.37,Credit Card,Refunded
439,O500438,2024-04-08,741.99,Bank Transfer,Refunded
440,O500439,2024-05-12,910.35,Bank Transfer,Completed
441,O500440,2023-08-15,98.01,Debit Card,Pending
442,O500441,2023-12-06,845.12,Bank Transfer,Completed
443,O500442,2023-09-11,454.08,UPI,Failed
444,O500443,2024-02-15,116.83,PayPal,Refunded
445,O500444,2024-11-03,427.46,Credit Card,Failed
446,O500445,2023-07-29,148.92,Debit Card,Pending
447,O500446,2025-03-03,118.99,Credit Card,Refunded
448,O500447,2024-09-03,581.61,UPI,Failed
449,O500448,2023-10-10,403.16,Debit Card,Refunded
450,O500449,2024-01-11,935.12,Bank Transfer,Completed
451,O500450,2025-06-21,173.26,Bank Transfer,Refunded
452,O500451,2025-01-12,40.92,UPI,Pending
453,O500452,2024-06-04,436.49,Debit Card,Completed
454,O500453,2025-01-11,825.92,UPI,Pending
455,O500454,2025-01-24,832.57,Debit Card,Failed
456,O500455,2024-04-10,91.16,PayPal,Completed
457,O500456,2025-04-10,279.62,UPI,Refunded
458,O500457,2024-12-28,204.75,Credit Card,Refunded
459,O500458,2025-03-10,220.05,Credit Card,Completed
460,O500459,2024-02-19,628.45,PayPal,Refunded
461,O500460,2024-01-18,674.58,Bank Transfer,Refunded
462,O500461,2025-05-02,75.34,UPI,Failed
463,O500462,2025-05-09,633.63,UPI,Pending
464,O500463,2024-02-16,997.32,Debit Card,Refunded
465,O500464,2025-04-18,703.74,PayPal,Refunded
466,O500465,2023-07-20,494.61,UPI,Refunded
467,O500466,2025-04-16,138.34,UPI,Refunded
468,O500467,2024-04-26,922.97,Debit Card,Refunded
469,O500468,2023-12-25,665.45,PayPal,Failed
470,O500469,2024-06-12,424.61,PayPal,Pending
471,O500470,2024-08-29,45.15,Debit Card,Failed
472,O500471,2025-01-19,718.22,Credit Card,Refunded
473,O500472,2024-01-04,382.41,PayPal,Refunded
474,O500473,2025-05-05,784.29,Credit Card,Failed
475,O500474,2024-02-05,904.55,Debit Card,Completed
476,O500475,2024-01-20,948.36,PayPal,Completed
477,O500476,2024-05-06,853.22,UPI,Failed
478,O500477,2024-12-27,26.49,UPI,Failed
479,O500478,2025-02-06,401.65,Credit Card,Refunded
480,O500479,2024-05-17,116.97,UPI,Failed
481,O500480,2024-05-14,411.91,PayPal,Completed
482,O500481,2025-05-27,579.34,Debit Card,Failed
483,O500482,2024-06-19,114.75,Debit Card,Refunded
484,O500483,2023-08-16,815.77,Bank Transfer,Failed
485,O500484,2025-05-04,545.84,Credit Card,Refunded
486,O500485,2023-12-28,489.52,PayPal,Failed
487,O500486,2024-05-15,827.56,PayPal,Pending
488,O500487,2024-07-10,855.5,Credit Card,Failed
489,O500488,2024-11-20,462.5,Bank Transfer,Pending
490,O500489,2025-02-16,783.79,Bank Transfer,Completed
491,O500490,2024-05-18,414.79,PayPal,Completed
492,O500491,2023-09-09,668.1,Credit Card,Failed
493,O500492,2025-02-09,559.1,Debit Card,Completed
494,O500493,2024-01-10,578.92,Debit Card,Refunded
495,O500494,2024-06-22,602.13,Debit Card,Failed
496,O500495,2023-07-23,990.93,UPI,Refunded
497,O500496,2024-08-21,527.89,UPI,Pending
498,O500497,2025-06-23,562.69,Credit Card,Refunded
499,O500498,2023-12-19,622.78,Credit Card,Refunded
500,O500499,2023-09-24,719.64,UPI,Failed
501,O500500,2025-02-11,261.69,PayPal,Pending
502,O500501,2023-08-15,669.29,Bank Transfer,Refunded
503,O500502,2025-02-04,728.1,Debit Card,Pending
504,O500503,2024-02-02,173.38,Credit Card,Failed
505,O500504,2024-10-12,858.1,Bank Transfer,Completed
506,O500505,2024-01-16,598.19,Credit Card,Refunded
507,O500506,2023-10-05,560.14,Bank Transfer,Refunded
508,O500507,2023-07-29,98.73,Debit Card,Completed
509,O500508,2023-12-05,406.97,Credit Card,Pending
510,O500509,2024-05-09,255.92,UPI,Refunded
511,O500510,2025-05-18,354.19,Debit Card,Refunded
512,O500511,2023-08-27,634.7,UPI,Pending
513,O500512,2025-01-05,343.78,Credit Card,Refunded
514,O500513,2023-07-21,26.05,UPI,Failed
515,O500514,2024-09-22,499.24,Credit Card,Failed
516,O500515,2023-11-29,379.11,PayPal,Pending
517,O500516,2025-03-04,320.44,Credit Card,Refunded
518,O500517,2024-01-21,456.01,Credit Card,Pending
519,O500518,2024-11-02,834.05,UPI,Refunded
520,O500519,2023-09-10,335.75,Credit Card,Refunded
521,O500520,2024-01-24,789.15,Bank Transfer,Completed
522,O500521,2024-03-19,74.33,Debit Card,Completed
523,O500522,2024-07-05,336.95,UPI,Completed
524,O500523,2023-07-30,25.08,Credit Card,Pending
525,O500524,2023-11-10,779.32,UPI,Pending
526,O500525,2024-12-18,382.4,UPI,Refunded
527,O500526,2023-10-27,20.49,Credit Card,Completed
528,O500527,2024-12-07,677.86,Bank Transfer,Pending
529,O500528,2025-04-08,112.58,Credit Card,Pending
530,O500529,2024-06-08,680.33,Credit Card,Completed
531,O500530,2024-12-23,904.69,Bank Transfer,Completed
532,O500531,2025-05-15,289.31,PayPal,Refunded
533,O500532,2024-06-09,641.18,PayPal,Completed
534,O500533,2023-07-18,495.85,Credit Card,Completed
535,O500534,2024-11-18,240.11,Bank Transfer,Completed
536,O500535,2025-01-05,501.05,UPI,Pending
537,O500536,2024-05-04,645.47,Debit Card,Pending
538,O500537,2023-08-18,568.47,Debit Card,Failed
539,O500538,2025-02-03,231.26,PayPal,Refunded
540,O500539,2023-07-30,981.18,Credit Card,Pending
541,O500540,2024-12-27,527.98,Credit Card,Pending
542,O500541,2023-08-14,428.65,Bank Transfer,Refunded
543,O500542,2025-03-27,110.23,UPI,Pending
544,O500543,2024-12-13,897.89,Bank Transfer,Failed
545,O500544,2024-06-03,279.1,UPI,Refunded
546,O500545,2023-10-29,220.24,Bank Transfer,Refunded
547,O500546,2024-06-13,240.78,UPI,Completed
548,O500547,2023-07-25,368.67,PayPal,Pending
549,O500548,2025-02-02,767.65,UPI,Refunded
550,O500549,2023-08-27,166.58,Bank Transfer,Failed
551,O500550,2024-05-22,887.69,Credit Card,Refunded
552,O500551,2025-05-19,964.89,PayPal,Failed
553,O500552,2024-07-28,813.43,Credit Card,Completed
554,O500553,2025-05-11,10.03,Credit Card,Refunded
555,O500554,2024-03-08,131.22,Credit Card,Failed
556,O500555,2025-01-15,474.63,Bank Transfer,Completed
557,O500556,2024-02-29,765.41,Bank Transfer,Pending
558,O500557,2025-06-15,350.39,Bank Transfer,Pending
559,O500558,2025-05-05,113.76,Debit Card,Failed
560,O500559,2025-01-15,440.39,Debit Card,Failed
561,O500560,2024-06-08,178.58,Credit Card,Refunded
562,O500561,2025-04-16,900.31,Debit Card,Refunded
563,O500562,2025-01-18,904.33,Credit Card,Failed
564,O500563,2023-08-16,118.6,PayPal,Failed
565,O500564,2024-08-17,700.68,Credit Card,Failed
566,O500565,2023-11-22,262.43,Bank Transfer,Failed
567,O500566,2024-03-30,169.04,Bank Transfer,Failed
568,O500567,2025-04-04,544.64,Credit Card,Refunded
569,O500568,2023-12-13,277.08,Credit Card,Pending
570,O500569,2023-07-25,235.39,PayPal,Failed
571,O500570,2024-06-21,85.79,Credit Card,Completed
572,O500571,2025-02-22,155.89,Bank Transfer,Completed
573,O500572,2024-02-26,548.65,UPI,Refunded
574,O500573,2025-05-15,562.74,PayPal,Completed
575,O500574,2024-08-15,275.78,Debit Card,Failed
576,O500575,2024-10-03,651.02,Debit Card,Refunded
577,O500576,2024-10-10,311.17,UPI,Refunded
578,O500577,2025-06-07,576.47,Credit Card,Completed
579,O500578,2023-12-25,278.25,Bank Transfer,Completed
580,O500579,2025-01-20,812.52,Debit Card,Refunded
581,O500580,2025-03-16,234.66,Debit Card,Pending
582,O500581,2025-05-21,724.32,Credit Card,Pending
583,O500582,2025-01-18,133.46,Credit Card,Pending
584,O500583,2023-09-25,983.54,UPI,Failed
585,O500584,2024-11-16,812.8,Credit Card,Failed
586,O500585,2024-11-26,369.11,UPI,Failed
587,O500586,2025-06-03,250.6,Credit Card,Pending
588,O500587,2024-07-13,678.9,Credit Card,Pending
589,O500588,2024-09-14,200.32,UPI,Refunded
590,O500589,2023-11-29,675.38,Debit Card,Refunded
591,O500590,2023-09-12,253.2,Debit Card,Completed
592,O500591,2025-06-13,262.99,Debit Card,Refunded
593,O500592,2024-10-30,892.11,Credit Card,Failed
594,O500593,2025-04-21,215.26,Credit Card,Refunded
595,O500594,2023-11-30,793.03,Bank Transfer,Completed
596,O500595,2023-09-10,604.44,PayPal,Refunded
597,O500596,2023-08-11,177.41,Credit Card,Pending
598,O500597,2024-08-04,720.51,PayPal,Completed
599,O500598,2023-08-27,970.06,Credit Card,Failed
600,O500599,2024-06-21,35.65,Bank Transfer,Completed
601,O500600,2025-03-08,249.29,PayPal,Completed
602,O500601,2024-12-06,368.43,UPI,Failed
603,O500602,2024-04-10,626.67,PayPal,Refunded
604,O500603,2025-01-15,615.66,Bank Transfer,Completed
605,O500604,2024-07-05,314.66,PayPal,Pending
606,O500605,2024-01-30,120.42,UPI,Completed
607,O500606,2025-01-05,671.39,Debit Card,Pending
608,O500607,2024-06-02,462.26,UPI,Failed
609,O500608,2024-01-02,165.53,Debit Card,Completed
610,O500609,2023-07-15,450.64,Debit Card,Completed
611,O500610,2024-04-01,494.71,Credit Card,Refunded
612,O500611,2024-11-24,604.01,Debit Card,Completed
613,O500612,2025-02-24,89.81,Bank Transfer,Completed
614,O500613,2023-10-14,22.74,Debit Card,Pending
615,O500614,2023-10-27,289.98,Bank Transfer,Refunded
616,O500615,2023-08-13,761.72,Bank Transfer,Refunded
617,O500616,2023-09-22,461.03,UPI,Completed
618,O500617,2024-09-27,691.45,Credit Card,Refunded
619,O500618,2024-05-14,626.17,Bank Transfer,Pending
620,O500619,2024-08-14,774.56,Credit Card,Refunded
621,O500620,2024-02-09,766.51,Credit Card,Completed
622,O500621,2023-08-08,926.06,Credit Card,Pending
623,O500622,2025-01-08,227.17,Credit Card,Failed
624,O500623,2025-03-22,214.6,PayPal,Completed
625,O500624,2025-02-01,616.57,Credit Card,Pending
626,O500625,2025-04-12,193.58,Debit Card,Completed
627,O500626,2024-11-29,34.77,Bank Transfer,Completed
628,O500627,2023-12-12,996.71,Bank Transfer,Completed
629,O500628,2023-09-10,796.79,UPI,Refunded
630,O500629,2024-09-04,232.42,Bank Transfer,Refunded
631,O500630,2023-12-29,146.72,UPI,Completed
632,O500631,2023-11-18,783.76,Bank Transfer,Refunded
633,O500632,2025-01-04,247.34,Credit Card,Failed
634,O500633,2025-03-17,105.61,Debit Card,Completed
635,O500634,2023-11-07,208.53,Credit Card,Completed
636,O500635,2024-10-28,341.31,Debit Card,Pending
637,O500636,2024-11-06,975.03,Bank Transfer,Refunded
638,O500637,2024-09-19,187.63,PayPal,Failed
639,O500638,2025-06-19,496.94,UPI,Refunded
640,O500639,2024-04-22,586.93,PayPal,Failed
641,O500640,2023-09-09,661.19,Credit Card,Completed
642,O500641,2024-01-04,184.97,UPI,Completed
643,O500642,2024-06-02,715.83,Debit Card,Pending
644,O500643,2024-10-12,809.37,Credit Card,Refunded
645,O500644,2025-06-23,242.06,Bank Transfer,Completed
646,O500645,2023-08-22,988.6,Bank Transfer,Failed
647,O500646,2025-05-27,650.76,Debit Card,Refunded
648,O500647,2025-04-01,147.69,UPI,Pending
649,O500648,2024-07-03,836.1,UPI,Completed
650,O500649,2024-07-12,625.56,PayPal,Failed
651,O500650,2023-07-18,806.93,Debit Card,Refunded
652,O500651,2025-05-05,730.04,Credit Card,Completed
653,O500652,2024-04-13,880.12,Bank Transfer,Completed
654,O500653,2025-01-28,783.49,UPI,Pending
655,O500654,2023-09-10,698.69,PayPal,Failed
656,O500655,2025-05-28,166.99,Debit Card,Completed
657,O500656,2024-12-06,260.47,UPI,Pending
658,O500657,2024-04-10,864.1,Credit Card,Refunded
659,O500658,2025-03-30,642.99,PayPal,Completed
660,O500659,2024-07-11,635.94,Credit Card,Pending
661,O500660,2024-06-29,859.67,UPI,Completed
662,O500661,2025-02-05,510.26,UPI,Pending
663,O500662,2023-07-28,618.2,Bank Transfer,Refunded
664,O500663,2024-08-09,999.79,Debit Card,Refunded
665,O500664,2025-05-28,573.43,PayPal,Failed
666,O500665,2025-05-30,780.67,UPI,Completed
667,O500666,2025-05-31,16.98,PayPal,Refunded
668,O500667,2024-06-08,638.45,Credit Card,Failed
669,O500668,2024-07-20,570.37,Debit Card,Failed
670,O500669,2023-11-30,135.76,Credit Card,Completed
671,O500670,2024-04-09,753.39,PayPal,Pending
672,O500671,2024-02-19,123.53,Credit Card,Refunded
673,O500672,2025-01-13,506.94,Credit Card,Pending
674,O500673,2023-10-04,232.61,Debit Card,Failed
675,O500674,2025-01-23,299.28,Debit Card,Pending
676,O500675,2024-10-22,991.59,PayPal,Refunded
677,O500676,2025-04-17,200.92,UPI,Failed
678,O500677,2025-03-20,772.89,Bank Transfer,Failed
679,O500678,2024-05-13,394.05,PayPal,Completed
680,O500679,2025-05-15,295.49,Credit Card,Pending
681,O500680,2025-04-24,377.98,PayPal,Refunded
682,O500681,2025-06-08,69.06,Credit Card,Pending
683,O500682,2025-07-03,101.12,PayPal,Pending
684,O500683,2023-09-15,122.7,PayPal,Pending
685,O500684,2025-06-03,691.88,Credit Card,Completed
686,O500685,2024-09-17,578.23,Bank Transfer,Pending
687,O500686,2024-02-04,590.87,Bank Transfer,Failed
688,O500687,2025-04-27,897.3,UPI,Pending
689,O500688,2024-10-05,387.39,PayPal,Refunded
690,O500689,2025-02-08,455.1,UPI,Pending
691,O500690,2025-01-01,408.69,Credit Card,Pending
692,O500691,2024-11-20,51.47,PayPal,Failed
693,O500692,2024-02-06,525.06,Debit Card,Completed
694,O500693,2024-06-20,891.93,UPI,Completed
695,O500694,2024-09-29,882.38,Credit Card,Pending
696,O500695,2024-04-11,729.32,Bank Transfer,Refunded
697,O500696,2023-10-28,741.24,Debit Card,Refunded
698,O500697,2024-05-11,735.7,PayPal,Failed
699,O500698,2024-02-21,100.37,Credit Card,Failed
700,O500699,2025-03-05,146.38,Bank Transfer,Completed
701,O500700,2024-11-09,515.19,Bank Transfer,Failed
702,O500701,2024-05-12,758.74,Debit Card,Failed
703,O500702,2023-12-21,156.5,PayPal,Failed
704,O500703,2025-02-17,152.23,Credit Card,Completed
705,O500704,2023-10-09,719.35,Credit Card,Failed
706,O500705,2024-12-10,769.1,Bank Transfer,Completed
707,O500706,2025-01-14,110.43,Bank Transfer,Refunded
708,O500707,2024-06-30,164.19,PayPal,Completed
709,O500708,2023-12-14,918.35,Credit Card,Completed
710,O500709,2025-04-20,67.1,Bank Transfer,Failed
711,O500710,2024-12-17,587.27,PayPal,Failed
712,O500711,2024-07-08,661.34,PayPal,Pending
713,O500712,2023-12-31,779.11,UPI,Failed
714,O500713,2024-07-02,512.64,UPI,Refunded
715,O500714,2024-09-24,269.43,PayPal,Refunded
716,O500715,2024-01-25,453.44,Bank Transfer,Completed
717,O500716,2025-03-21,848.78,PayPal,Refunded
718,O500717,2024-12-31,610.94,Credit Card,Refunded
719,O500718,2024-09-07,443.14,UPI,Failed
720,O500719,2023-11-11,953.29,Bank Transfer,Pending
721,O500720,2023-08-15,992.45,PayPal,Refunded
722,O500721,2023-08-09,68.85,PayPal,Completed
723,O500722,2024-06-27,404.87,PayPal,Completed
724,O500723,2024-09-21,604.51,PayPal,Failed
725,O500724,2024-08-14,509.87,Debit Card,Pending
726,O500725,2023-09-12,447.86,PayPal,Pending
727,O500726,2024-03-21,815.39,Bank Transfer,Failed
728,O500727,2024-07-18,156.65,Credit Card,Failed
729,O500728,2024-01-23,693.55,Debit Card,Pending
730,O500729,2024-11-13,506.17,PayPal,Refunded
731,O500730,2024-08-20,27.11,UPI,Pending
732,O500731,2024-02-22,360.31,PayPal,Completed
733,O500732,2023-07-25,25.95,Credit Card,Pending
734,O500733,2023-09-09,205.73,Debit Card,Failed
735,O500734,2024-05-30,500.88,Credit Card,Pending
736,O500735,2024-03-30,393.42,Bank Transfer,Failed
737,O500736,2024-07-12,312.45,UPI,Refunded
738,O500737,2023-11-16,540.82,Bank Transfer,Failed
739,O500738,2025-05-30,697.51,Bank Transfer,Completed
740,O500739,2024-06-19,604.85,UPI,Completed
741,O500740,2025-03-01,357.1,Debit Card,Completed
742,O500741,2025-02-16,928.77,Debit Card,Pending
743,O500742,2024-04-29,305.72,Bank Transfer,Refunded
744,O500743,2024-05-20,866.88,PayPal,Completed
745,O500744,2023-11-15,374.27,Bank Transfer,Completed
746,O500745,2024-03-21,898.83,UPI,Pending
747,O500746,2024-06-21,782.51,Credit Card,Pending
748,O500747,2024-12-22,936.92,PayPal,Pending
749,O500748,2024-03-01,291,Credit Card,Failed
750,O500749,2025-02-25,622.63,Debit Card,Refunded
751,O500750,2023-07-18,384.69,Debit Card,Completed
752,O500751,2023-11-06,255.73,PayPal,Pending
753,O500752,2024-07-05,348.78,Bank Transfer,Refunded
754,O500753,2023-12-10,587.77,Credit Card,Refunded
755,O500754,2024-03-28,767.94,Debit Card,Refunded
756,O500755,2024-07-18,499.72,Debit Card,Pending
757,O500756,2025-05-11,445.53,Bank Transfer,Completed
758,O500757,2024-06-07,235.05,UPI,Pending
759,O500758,2023-10-16,709.6,Bank Transfer,Failed
760,O500759,2024-09-12,660.8,PayPal,Completed
761,O500760,2025-05-14,774.41,Credit Card,Completed
762,O500761,2023-12-07,208.08,Bank Transfer,Completed
763,O500762,2023-12-24,725.56,Bank Transfer,Completed
764,O500763,2025-04-19,776.12,PayPal,Failed
765,O500764,2024-04-05,194.91,UPI,Failed
766,O500765,2025-04-19,304.75,UPI,Failed
767,O500766,2024-11-27,543.22,PayPal,Refunded
768,O500767,2023-09-08,29.81,Debit Card,Refunded
769,O500768,2023-09-21,245.16,PayPal,Completed
770,O500769,2023-08-18,904.82,Debit Card,Pending
771,O500770,2023-10-08,895.44,Bank Transfer,Failed
772,O500771,2024-07-27,861.13,Debit Card,Failed
773,O500772,2024-10-16,309.92,Bank Transfer,Completed
774,O500773,2024-12-04,940.65,Credit Card,Refunded
775,O500774,2025-04-13,644.09,Debit Card,Completed
776,O500775,2023-09-01,879.4,Bank Transfer,Pending
777,O500776,2025-03-28,432.03,UPI,Refunded
778,O500777,2024-09-13,180.51,Debit Card,Refunded
779,O500778,2024-02-22,95.3,Bank Transfer,Completed
780,O500779,2024-08-25,80.18,Bank Transfer,Pending
781,O500780,2023-08-13,942.37,PayPal,Refunded
782,O500781,2025-03-26,740.83,PayPal,Completed
783,O500782,2023-10-31,397.58,UPI,Refunded
784,O500783,2024-03-21,403.44,Debit Card,Refunded
785,O500784,2024-10-06,933.28,UPI,Pending
786,O500785,2024-06-05,96.99,Credit Card,Refunded
787,O500786,2023-07-28,397.34,Credit Card,Pending
788,O500787,2023-07-10,907.05,PayPal,Completed
789,O500788,2024-05-02,931.14,Debit Card,Pending
790,O500789,2024-12-14,191.47,Debit Card,Failed
791,O500790,2024-05-08,488.2,Debit Card,Completed
792,O500791,2024-11-29,454.01,Debit Card,Refunded
793,O500792,2025-02-03,148.71,Credit Card,Refunded
794,O500793,2024-01-23,80.75,Bank Transfer,Failed
795,O500794,2025-01-03,940.02,Bank Transfer,Refunded
796,O500795,2025-06-16,62.67,UPI,Refunded
797,O500796,2024-12-11,295.98,Debit Card,Completed
798,O500797,2025-06-06,859.53,UPI,Refunded
799,O500798,2023-11-29,796.13,Credit Card,Pending
800,O500799,2024-11-15,741.91,Bank Transfer,Completed
801,O500800,2024-10-15,700.81,Credit Card,Pending
802,O500801,2024-06-28,565.55,Bank Transfer,Refunded
803,O500802,2024-01-29,741.1,UPI,Refunded
804,O500803,2024-01-06,524.21,UPI,Failed
805,O500804,2024-03-26,845.94,Credit Card,Refunded
806,O500805,2025-05-18,606.29,UPI,Refunded
807,O500806,2024-09-24,139.18,Debit Card,Refunded
808,O500807,2024-01-14,790.03,Credit Card,Pending
809,O500808,2024-12-27,864.3,Bank Transfer,Pending
810,O500809,2023-12-21,122.52,Bank Transfer,Completed
811,O500810,2024-03-02,666.41,Bank Transfer,Failed
812,O500811,2024-03-07,358.26,PayPal,Refunded
813,O500812,2025-03-08,307.66,Bank Transfer,Pending
814,O500813,2024-12-18,581.06,Credit Card,Failed
815,O500814,2025-01-20,104.65,UPI,Failed
816,O500815,2025-01-12,64.55,Debit Card,Failed
817,O500816,2025-03-07,985.86,UPI,Refunded
818,O500817,2023-07-13,85.5,Credit Card,Completed
819,O500818,2024-02-03,441.62,Bank Transfer,Failed
820,O500819,2024-01-24,677.85,Debit Card,Pending
821,O500820,2023-08-12,647.34,PayPal,Failed
822,O500821,2024-02-05,211.93,Debit Card,Completed
823,O500822,2024-08-23,248.47,PayPal,Pending
824,O500823,2025-03-10,875.91,Debit Card,Refunded
825,O500824,2023-11-06,453.15,UPI,Failed
826,O500825,2024-10-03,231.92,PayPal,Pending
827,O500826,2023-07-18,674.42,Credit Card,Failed
828,O500827,2025-02-18,232.66,Debit Card,Completed
829,O500828,2023-11-22,79.3,Bank Transfer,Pending
830,O500829,2024-04-21,684.74,Bank Transfer,Refunded
831,O500830,2025-04-27,864.15,Debit Card,Completed
832,O500831,2024-04-13,652.54,UPI,Refunded
833,O500832,2024-03-26,500,Debit Card,Pending
834,O500833,2024-11-30,559.47,Bank Transfer,Refunded
835,O500834,2024-01-10,993.38,Bank Transfer,Completed
836,O500835,2023-10-17,188.03,UPI,Failed
837,O500836,2024-12-10,396.65,Bank Transfer,Failed
838,O500837,2024-10-02,283.28,Bank Transfer,Failed
839,O500838,2024-06-29,835.27,Bank Transfer,Completed
840,O500839,2024-03-24,233.41,PayPal,Refunded
841,O500840,2024-09-16,266.69,PayPal,Pending
842,O500841,2024-07-03,753.8,PayPal,Pending
843,O500842,2023-12-11,394.37,Debit Card,Completed
844,O500843,2025-04-28,186.38,PayPal,Failed
845,O500844,2025-02-13,930.15,Bank Transfer,Completed
846,O500845,2023-09-26,859.02,Bank Transfer,Pending
847,O500846,2024-12-09,504.03,Debit Card,Completed
848,O500847,2025-06-25,179.43,Bank Transfer,Pending
849,O500848,2024-10-13,710.93,PayPal,Completed
850,O500849,2024-07-24,729.18,Credit Card,Pending
851,O500850,2024-05-25,511.46,Credit Card,Pending
852,O500851,2023-10-11,716.2,PayPal,Completed
853,O500852,2025-02-25,23.74,Credit Card,Pending
854,O500853,2024-09-14,213.88,PayPal,Completed
855,O500854,2024-10-06,641.57,UPI,Refunded
856,O500855,2025-01-28,556.16,Credit Card,Pending
857,O500856,2025-06-18,46.77,PayPal,Failed
858,O500857,2024-01-01,810.76,PayPal,Completed
859,O500858,2025-03-08,260.12,Bank Transfer,Completed
860,O500859,2024-04-23,829.57,PayPal,Failed
861,O500860,2025-02-14,231.24,UPI,Completed
862,O500861,2023-09-14,424.05,UPI,Refunded
863,O500862,2023-12-24,871.37,PayPal,Pending
864,O500863,2024-11-07,867.35,Credit Card,Completed
865,O500864,2024-05-23,904.49,Bank Transfer,Refunded
866,O500865,2025-07-05,313.88,UPI,Completed
867,O500866,2023-07-17,180.28,Credit Card,Pending
868,O500867,2024-11-02,974.27,Bank Transfer,Pending
869,O500868,2025-01-01,380.41,Bank Transfer,Pending
870,O500869,2025-03-10,697.72,Bank Transfer,Refunded
871,O500870,2025-02-08,238.94,UPI,Failed
872,O500871,2025-07-01,200.15,Bank Transfer,Failed
873,O500872,2023-07-22,778.74,Debit Card,Completed
874,O500873,2023-12-06,337.75,Credit Card,Refunded
875,O500874,2023-09-18,18.95,Debit Card,Refunded
876,O500875,2024-08-26,126.88,PayPal,Completed
877,O500876,2023-10-02,165.73,UPI,Failed
878,O500877,2024-06-20,998.35,UPI,Failed
879,O500878,2025-05-10,65.84,UPI,Refunded
880,O500879,2025-05-07,162.15,Credit Card,Completed
881,O500880,2024-05-21,686.23,Credit Card,Pending
882,O500881,2023-09-22,59.74,Debit Card,Pending
883,O500882,2024-10-25,767.78,UPI,Completed
884,O500883,2023-12-17,503.8,UPI,Completed
885,O500884,2023-07-28,913.38,Debit Card,Pending
886,O500885,2025-05-15,163.95,Credit Card,Failed
887,O500886,2025-03-27,661.86,UPI,Refunded
888,O500887,2025-02-23,475.08,Credit Card,Pending
889,O500888,2024-10-23,467.76,Bank Transfer,Pending
890,O500889,2024-01-27,385.6,Credit Card,Refunded
891,O500890,2024-02-02,991.82,Debit Card,Pending
892,O500891,2025-01-24,188.13,PayPal,Completed
893,O500892,2024-03-01,815.8,Bank Transfer,Failed
894,O500893,2025-04-17,179.92,UPI,Refunded
895,O500894,2024-02-02,204.29,Debit Card,Completed
896,O500895,2024-05-06,660.53,PayPal,Refunded
897,O500896,2024-11-24,557.31,Bank Transfer,Failed
898,O500897,2024-10-02,179.52,Credit Card,Completed
899,O500898,2024-01-27,515.99,UPI,Pending
900,O500899,2024-06-21,666.99,Credit Card,Refunded
901,O500900,2023-12-10,236.27,Bank Transfer,Failed
902,O500901,2024-02-13,405.48,Credit Card,Refunded
903,O500902,2024-03-05,897.39,PayPal,Completed
904,O500903,2024-10-14,114.35,Bank Transfer,Completed
905,O500904,2023-09-09,707.27,Bank Transfer,Completed
906,O500905,2024-09-30,962.8,PayPal,Failed
907,O500906,2023-07-20,789.87,PayPal,Pending
908,O500907,2024-09-24,169.21,PayPal,Failed
909,O500908,2024-11-13,56.71,Bank Transfer,Completed
910,O500909,2024-12-23,793.82,Bank Transfer,Failed
911,O500910,2024-04-26,610.51,PayPal,Completed
912,O500911,2024-01-14,840.23,Bank Transfer,Failed
913,O500912,2025-01-10,747.02,Credit Card,Completed
914,O500913,2024-09-02,83.98,Debit Card,Refunded
915,O500914,2023-11-21,94.74,PayPal,Refunded
916,O500915,2024-08-28,387.3,Debit Card,Refunded
917,O500916,2025-01-27,408.1,UPI,Completed
918,O500917,2024-12-03,997.94,PayPal,Pending
919,O500918,2023-07-10,58.52,PayPal,Failed
920,O500919,2024-03-15,510.71,Credit Card,Refunded
921,O500920,2023-07-13,796.71,UPI,Failed
922,O500921,2025-03-12,501.85,PayPal,Completed
923,O500922,2024-09-15,727.42,Bank Transfer,Refunded
924,O500923,2024-02-27,220.15,Bank Transfer,Completed
925,O500924,2023-07-19,354.4,Bank Transfer,Completed
926,O500925,2023-10-16,681.94,Bank Transfer,Refunded
927,O500926,2024-01-01,554.73,Bank Transfer,Refunded
928,O500927,2023-12-17,420.18,Credit Card,Completed
929,O500928,2024-02-10,386.07,UPI,Pending
930,O500929,2024-03-09,103.29,Debit Card,Failed
931,O500930,2024-06-14,416.21,Bank Transfer,Completed
932,O500931,2025-03-30,64.32,Debit Card,Pending
933,O500932,2023-08-03,826.06,Bank Transfer,Refunded
934,O500933,2025-03-02,432.22,Credit Card,Refunded
935,O500934,2025-05-10,637.86,Bank Transfer,Refunded
936,O500935,2024-08-09,451.4,Debit Card,Refunded
937,O500936,2025-02-10,457.92,UPI,Completed
938,O500937,2023-11-23,574.16,PayPal,Failed
939,O500938,2023-10-06,313.19,UPI,Failed
940,O500939,2025-02-06,896.98,UPI,Refunded
941,O500940,2023-12-19,899.46,PayPal,Refunded
942,O500941,2023-10-01,808.61,Bank Transfer,Completed
943,O500942,2025-03-07,17.01,Credit Card,Pending
944,O500943,2024-09-12,53.79,UPI,Pending
945,O500944,2023-08-27,736.12,Credit Card,Failed
946,O500945,2024-04-06,619.58,UPI,Pending
947,O500946,2024-01-03,884.13,Credit Card,Failed
948,O500947,2024-07-26,129.84,Credit Card,Failed
949,O500948,2023-09-07,456.49,PayPal,Failed
950,O500949,2024-07-25,628.97,PayPal,Pending
951,O500950,2024-06-01,858.57,Credit Card,Pending
952,O500951,2024-05-30,336.24,PayPal,Completed
953,O500952,2025-02-28,681.57,UPI,Refunded
954,O500953,2025-03-10,141.59,UPI,Refunded
955,O500954,2024-03-27,435.62,Credit Card,Failed
956,O500955,2025-01-15,684.12,PayPal,Pending
957,O500956,2024-05-20,434.55,Bank Transfer,Pending
958,O500957,2025-03-26,31.16,UPI,Completed
959,O500958,2024-08-12,719.76,UPI,Completed
960,O500959,2025-05-14,333.92,Credit Card,Pending
961,O500960,2023-10-29,909.43,Debit Card,Refunded
962,O500961,2023-10-01,234.01,PayPal,Refunded
963,O500962,2025-01-08,653.28,PayPal,Failed
964,O500963,2025-03-09,626.02,Credit Card,Pending
965,O500964,2023-10-10,185.7,Bank Transfer,Refunded
966,O500965,2025-02-16,467.19,Bank Transfer,Failed
967,O500966,2025-03-22,18.69,Debit Card,Refunded
968,O500967,2023-07-23,868.63,Debit Card,Pending
969,O500968,2025-06-21,269.89,Debit Card,Completed
970,O500969,2025-01-08,741.83,UPI,Completed
971,O500970,2024-02-29,87.03,Bank Transfer,Refunded
972,O500971,2025-02-22,796.42,Bank Transfer,Completed
973,O500972,2025-05-28,828.98,PayPal,Refunded
974,O500973,2025-01-19,40.48,PayPal,Failed
975,O500974,2024-08-01,776.77,Credit Card,Pending
976,O500975,2024-10-01,281.63,PayPal,Failed
977,O500976,2025-06-16,935.13,UPI,Pending
978,O500977,2025-03-04,841.86,Bank Transfer,Completed
979,O500978,2024-04-13,999.97,UPI,Completed
980,O500979,2025-02-12,572.69,Debit Card,Failed
981,O500980,2024-03-23,518.28,PayPal,Completed
982,O500981,2024-10-29,262.92,PayPal,Failed
983,O500982,2025-01-17,44.94,Credit Card,Completed
984,O500983,2023-09-02,836.3,Debit Card,Refunded
985,O500984,2023-11-30,849.96,Bank Transfer,Refunded
986,O500985,2024-05-21,777.14,Debit Card,Pending
987,O500986,2024-09-30,187.8,Bank Transfer,Refunded
988,O500987,2024-12-25,745.69,Debit Card,Pending
989,O500988,2024-11-23,550.4,UPI,Pending
990,O500989,2025-03-24,425.09,Credit Card,Pending
991,O500990,2025-06-14,750.6,Bank Transfer,Pending
992,O500991,2025-01-26,125.09,Bank Transfer,Completed
993,O500992,2024-06-11,746.9,Bank Transfer,Pending
994,O500993,2025-02-08,909.32,Bank Transfer,Pending
995,O500994,2024-01-12,517.98,Credit Card,Pending
996,O500995,2025-02-07,892.46,PayPal,Pending
997,O500996,2024-06-15,48.33,Bank Transfer,Failed
998,O500997,2024-08-15,937.19,Debit Card,Pending
999,O500998,2023-11-25,929.72,Debit Card,Refunded
1000,O500999,2024-11-02,372.69,Debit Card,Refunded
1001,O501000,2024-04-08,613.65,Bank Transfer,Failed
1002,O501001,2025-05-13,758.58,Bank Transfer,Completed
1003,O501002,2024-12-12,683.74,PayPal,Completed
1004,O501003,2023-11-23,590.42,Bank Transfer,Completed
1005,O501004,2024-12-18,606.75,Debit Card,Refunded
1006,O501005,2023-12-14,553.84,UPI,Pending
1007,O501006,2023-08-21,58.46,Credit Card,Pending
1008,O501007,2024-02-01,919.52,Credit Card,Failed
1009,O501008,2023-11-11,12.18,PayPal,Refunded
1010,O501009,2024-04-05,98.89,PayPal,Refunded
1011,O501010,2024-06-12,94.54,UPI,Failed
1012,O501011,2024-11-07,144.05,Credit Card,Pending
1013,O501012,2024-03-17,624.1,Debit Card,Pending
1014,O501013,2024-10-17,422.02,PayPal,Pending
1015,O501014,2024-06-02,532.22,Debit Card,Failed
1016,O501015,2024-11-27,194.64,UPI,Failed
1017,O501016,2025-01-06,312.46,Debit Card,Failed
1018,O501017,2025-02-05,758.24,PayPal,Refunded
1019,O501018,2024-01-27,392.96,PayPal,Failed
1020,O501019,2024-05-07,23.77,Debit Card,Refunded
1021,O501020,2024-01-08,166.03,Bank Transfer,Pending
1022,O501021,2024-01-28,841.09,PayPal,Failed
1023,O501022,2023-11-27,197.86,Bank Transfer,Failed
1024,O501023,2024-09-20,162.67,UPI,Pending
1025,O501024,2023-09-23,866.07,Debit Card,Pending
1026,O501025,2024-05-22,672.54,Debit Card,Pending
1027,O501026,2024-12-05,776.39,PayPal,Refunded
1028,O501027,2024-01-12,10.15,PayPal,Completed
1029,O501028,2024-06-17,940.65,Credit Card,Completed
1030,O501029,2023-12-13,189.2,PayPal,Refunded
1031,O501030,2025-05-30,551.58,Bank Transfer,Failed
1032,O501031,2025-03-17,375.06,Debit Card,Refunded
1033,O501032,2024-01-06,983.43,Debit Card,Failed
1034,O501033,2024-06-14,329.55,Credit Card,Pending
1035,O501034,2024-05-07,411.37,PayPal,Completed
1036,O501035,2024-06-08,915.64,UPI,Completed
1037,O501036,2023-12-10,771,Credit Card,Failed
1038,O501037,2024-07-18,216.04,Debit Card,Failed
1039,O501038,2024-08-10,317.25,Bank Transfer,Pending
1040,O501039,2024-05-21,308.64,PayPal,Pending
1041,O501040,2024-04-09,632.34,Credit Card,Failed
1042,O501041,2024-05-21,637.67,Bank Transfer,Completed
1043,O501042,2023-08-15,652.46,UPI,Pending
1044,O501043,2024-06-04,82.76,Credit Card,Failed
1045,O501044,2023-11-26,451.02,UPI,Refunded
1046,O501045,2024-06-09,981.88,UPI,Pending
1047,O501046,2025-02-06,480.12,Bank Transfer,Pending
1048,O501047,2024-11-01,449.28,Debit Card,Pending
1049,O501048,2024-04-15,200.52,Credit Card,Refunded
1050,O501049,2025-04-15,590.8,Credit Card,Pending
1051,O501050,2024-06-12,486.74,PayPal,Refunded
1052,O501051,2023-10-28,896.08,Debit Card,Completed
1053,O501052,2024-06-11,226.41,UPI,Pending
1054,O501053,2024-12-25,235.84,UPI,Completed
1055,O501054,2024-12-27,356.56,PayPal,Pending
1056,O501055,2025-02-05,781.03,PayPal,Failed
1057,O501056,2025-05-05,947.86,Bank Transfer,Refunded
1058,O501057,2024-07-31,539.03,Bank Transfer,Failed
1059,O501058,2023-07-22,516.21,Credit Card,Failed
1060,O501059,2023-08-25,414.49,PayPal,Completed
1061,O501060,2024-12-20,722.34,PayPal,Failed
1062,O501061,2023-08-01,775.17,PayPal,Failed
1063,O501062,2024-08-27,849.92,Credit Card,Refunded
1064,O501063,2024-05-23,350.46,PayPal,Refunded
1065,O501064,2023-07-11,163.92,PayPal,Refunded
1066,O501065,2024-09-29,428.22,Credit Card,Pending
1067,O501066,2024-08-16,829.39,PayPal,Failed
1068,O501067,2023-08-18,919.31,Bank Transfer,Pending
1069,O501068,2023-09-11,588.21,Debit Card,Pending
1070,O501069,2024-07-30,323.17,PayPal,Failed
1071,O501070,2025-03-21,852.21,Debit Card,Failed
1072,O501071,2025-01-05,482.67,Credit Card,Failed
1073,O501072,2024-10-26,948.15,Credit Card,Completed
1074,O501073,2025-02-09,321.99,Debit Card,Pending
1075,O501074,2024-08-02,463.64,Bank Transfer,Pending
1076,O501075,2025-05-04,948.44,UPI,Refunded
1077,O501076,2024-06-22,133.14,UPI,Refunded
1078,O501077,2024-12-02,118.51,PayPal,Refunded
1079,O501078,2024-05-28,56.63,Bank Transfer,Refunded
1080,O501079,2024-07-01,500.27,Bank Transfer,Failed
1081,O501080,2025-03-13,189.73,Debit Card,Refunded
1082,O501081,2025-02-18,498.57,PayPal,Pending
1083,O501082,2025-07-08,52.35,UPI,Refunded
1084,O501083,2023-08-09,557.61,UPI,Completed
1085,O501084,2024-10-15,828.6,Credit Card,Pending
1086,O501085,2025-01-04,341.61,Credit Card,Refunded
1087,O501086,2024-04-07,498.43,UPI,Pending
1088,O501087,2024-08-24,556,PayPal,Failed
1089,O501088,2024-03-18,558.3,Credit Card,Pending
1090,O501089,2023-12-27,635.98,UPI,Failed
1091,O501090,2025-04-25,767.72,UPI,Failed
1092,O501091,2025-05-20,855.61,PayPal,Pending
1093,O501092,2025-06-21,474.52,PayPal,Completed
1094,O501093,2023-09-12,878.83,PayPal,Failed
1095,O501094,2025-05-06,945.45,UPI,Failed
1096,O501095,2025-05-31,204.86,Credit Card,Completed
1097,O501096,2023-11-30,777.61,Bank Transfer,Refunded
1098,O501097,2023-09-24,459.12,PayPal,Pending
1099,O501098,2025-07-04,932.71,Debit Card,Refunded
1100,O501099,2025-03-31,665.14,Bank Transfer,Pending
1101,O501100,2025-03-23,116.12,UPI,Pending
1102,O501101,2024-10-18,956.58,Credit Card,Failed
1103,O501102,2023-12-07,533.99,UPI,Failed
1104,O501103,2024-10-28,219.34,UPI,Pending
1105,O501104,2025-01-25,30.08,PayPal,Failed
1106,O501105,2025-05-25,23.25,Credit Card,Completed
1107,O501106,2024-08-09,880.74,UPI,Refunded
1108,O501107,2025-04-02,767.58,Credit Card,Completed
1109,O501108,2025-05-18,80.12,Credit Card,Pending
1110,O501109,2024-01-23,516.09,Credit Card,Failed
1111,O501110,2024-02-29,18.27,PayPal,Refunded
1112,O501111,2024-06-09,806.98,Bank Transfer,Failed
1113,O501112,2023-12-13,332.95,UPI,Pending
1114,O501113,2024-06-08,511.61,Credit Card,Failed
1115,O501114,2024-01-26,503.19,Credit Card,Pending
1116,O501115,2024-02-24,701.83,PayPal,Failed
1117,O501116,2023-12-17,347.68,Bank Transfer,Refunded
1118,O501117,2023-09-03,673.29,PayPal,Completed
1119,O501118,2024-09-17,478.39,PayPal,Failed
1120,O501119,2024-10-12,910.15,PayPal,Refunded
1121,O501120,2024-06-15,689.34,Credit Card,Pending
1122,O501121,2024-02-08,837.09,Debit Card,Refunded
1123,O501122,2023-10-24,358.76,Debit Card,Failed
1124,O501123,2025-01-26,485.09,PayPal,Completed
1125,O501124,2025-04-25,164.74,UPI,Refunded
1126,O501125,2024-09-19,61.08,Credit Card,Refunded
1127,O501126,2024-01-09,934.61,Credit Card,Pending
1128,O501127,2024-12-15,65.5,PayPal,Refunded
1129,O501128,2025-02-20,637.4,Bank Transfer,Failed
1130,O501129,2024-01-31,419.47,Debit Card,Failed
1131,O501130,2024-12-31,96.44,Debit Card,Pending
1132,O501131,2023-07-23,411.39,UPI,Completed
1133,O501132,2024-06-09,591.6,UPI,Pending
1134,O501133,2024-02-25,648.99,PayPal,Pending
1135,O501134,2024-01-03,508.81,PayPal,Pending
1136,O501135,2023-08-18,765.85,Credit Card,Refunded
1137,O501136,2025-06-09,530.28,Debit Card,Completed
1138,O501137,2023-09-17,411.04,Debit Card,Completed
1139,O501138,2023-08-13,148.86,UPI,Failed
1140,O501139,2024-10-03,277.1,Bank Transfer,Failed
1141,O501140,2024-06-08,188.91,Debit Card,Failed
1142,O501141,2024-06-04,241.34,Credit Card,Refunded
1143,O501142,2024-03-07,984.55,Debit Card,Pending
1144,O501143,2024-06-26,785.62,PayPal,Failed
1145,O501144,2024-08-15,746.33,Credit Card,Failed
1146,O501145,2025-01-17,585.93,Bank Transfer,Completed
1147,O501146,2025-06-30,410.86,Debit Card,Completed
1148,O501147,2023-12-30,964.56,Debit Card,Pending
1149,O501148,2024-01-09,669.11,Bank Transfer,Refunded
1150,O501149,2023-08-08,40.73,Debit Card,Failed
1151,O501150,2025-02-07,912.21,Debit Card,Completed
1152,O501151,2024-05-16,850.08,Bank Transfer,Failed
1153,O501152,2024-08-05,27.85,UPI,Failed
1154,O501153,2024-09-08,759.98,PayPal,Failed
1155,O501154,2024-01-18,746.94,Bank Transfer,Refunded
1156,O501155,2023-09-01,217.65,Bank Transfer,Refunded
1157,O501156,2024-06-08,955.25,Credit Card,Pending
1158,O501157,2024-08-11,340.66,Bank Transfer,Refunded
1159,O501158,2024-03-07,127.59,UPI,Completed
1160,O501159,2025-03-01,61.77,UPI,Refunded
1161,O501160,2024-04-26,118.28,Credit Card,Pending
1162,O501161,2023-10-09,745.05,Bank Transfer,Completed
1163,O501162,2024-12-26,864.87,Bank Transfer,Failed
1164,O501163,2024-11-22,820.88,Debit Card,Completed
1165,O501164,2023-09-07,627.32,Debit Card,Refunded
1166,O501165,2024-11-09,153.39,Credit Card,Pending
1167,O501166,2024-03-24,902.4,UPI,Completed
1168,O501167,2025-03-21,914.82,Bank Transfer,Refunded
1169,O501168,2024-04-15,700.46,UPI,Refunded
1170,O501169,2023-08-06,552.1,Debit Card,Refunded
1171,O501170,2025-01-08,732.95,Credit Card,Completed
1172,O501171,2024-11-23,224.05,PayPal,Refunded
1173,O501172,2025-02-18,921.29,PayPal,Completed
1174,O501173,2023-09-20,332.33,Debit Card,Failed
1175,O501174,2024-12-04,802.53,Bank Transfer,Refunded
1176,O501175,2024-07-12,316.94,Debit Card,Failed
1177,O501176,2024-07-13,114.46,Debit Card,Failed
1178,O501177,2024-06-30,370.66,UPI,Completed
1179,O501178,2023-09-28,170.54,PayPal,Pending
1180,O501179,2024-12-15,540.71,PayPal,Completed
1181,O501180,2025-01-15,117.27,PayPal,Refunded
1182,O501181,2024-11-21,821.53,Bank Transfer,Completed
1183,O501182,2025-02-18,422.12,Bank Transfer,Completed
1184,O501183,2023-12-28,961.39,Bank Transfer,Refunded
1185,O501184,2024-07-08,100.92,Bank Transfer,Pending
1186,O501185,2025-05-20,760.21,PayPal,Failed
1187,O501186,2024-06-01,686.04,Bank Transfer,Failed
1188,O501187,2023-12-15,242.67,Debit Card,Completed
1189,O501188,2024-07-24,804.85,Debit Card,Completed
1190,O501189,2025-01-01,798.81,PayPal,Pending
1191,O501190,2025-05-28,440.41,Debit Card,Refunded
1192,O501191,2023-10-21,799.8,UPI,Refunded
1193,O501192,2023-10-30,320.49,PayPal,Failed
1194,O501193,2025-03-30,170.58,Debit Card,Pending
1195,O501194,2023-07-29,232.58,Credit Card,Pending
1196,O501195,2024-06-25,665.38,Credit Card,Failed
1197,O501196,2024-04-24,481.6,Bank Transfer,Pending
1198,O501197,2024-06-04,290.22,PayPal,Refunded
1199,O501198,2023-07-26,944.07,UPI,Failed
1200,O501199,2024-07-16,159.41,Debit Card,Pending
1201,O501200,2024-07-16,101.1,Bank Transfer,Completed
1202,O501201,2024-11-08,831.53,Debit Card,Completed
1203,O501202,2025-02-25,52.15,UPI,Completed
1204,O501203,2023-08-02,514.49,Credit Card,Failed
1205,O501204,2023-12-28,488.92,UPI,Refunded
1206,O501205,2024-05-23,49.21,Credit Card,Failed
1207,O501206,2024-11-07,284.27,UPI,Failed
1208,O501207,2024-03-28,200,Credit Card,Pending
1209,O501208,2024-07-10,739.36,Bank Transfer,Refunded
1210,O501209,2024-05-24,412.81,UPI,Refunded
1211,O501210,2024-12-18,765.38,PayPal,Completed
1212,O501211,2024-10-29,499.6,Debit Card,Refunded
1213,O501212,2025-04-29,103.86,Bank Transfer,Completed
1214,O501213,2024-03-27,477.06,PayPal,Failed
1215,O501214,2024-01-22,356.1,Debit Card,Refunded
1216,O501215,2025-05-20,895.09,Credit Card,Pending
1217,O501216,2023-09-28,571.27,Debit Card,Failed
1218,O501217,2024-11-28,751.52,Bank Transfer,Completed
1219,O501218,2023-11-18,990.25,UPI,Pending
1220,O501219,2023-11-23,373.51,Credit Card,Failed
1221,O501220,2025-02-22,33.7,Debit Card,Completed
1222,O501221,2024-03-31,936.66,PayPal,Refunded
1223,O501222,2023-07-24,961.31,UPI,Pending
1224,O501223,2024-12-21,106.33,PayPal,Completed
1225,O501224,2024-07-12,973,Bank Transfer,Completed
1226,O501225,2024-08-06,820.18,Bank Transfer,Completed
1227,O501226,2023-08-19,166.25,Bank Transfer,Refunded
1228,O501227,2024-05-18,381.7,Debit Card,Pending
1229,O501228,2024-03-19,715.26,PayPal,Pending
1230,O501229,2024-05-08,860,Credit Card,Failed
1231,O501230,2024-10-06,545.94,Bank Transfer,Failed
1232,O501231,2023-12-03,967.23,PayPal,Failed
1233,O501232,2025-05-09,426.48,Bank Transfer,Refunded
1234,O501233,2023-08-17,399.22,Credit Card,Failed
1235,O501234,2025-02-22,878.92,UPI,Refunded
1236,O501235,2025-03-18,807.04,Credit Card,Refunded
1237,O501236,2025-04-29,999.02,Bank Transfer,Refunded
1238,O501237,2023-09-21,404.61,PayPal,Completed
1239,O501238,2024-02-12,424.61,UPI,Refunded
1240,O501239,2023-12-21,902.23,PayPal,Completed
1241,O501240,2024-04-30,395.39,UPI,Pending
1242,O501241,2024-10-04,923.89,Debit Card,Failed
1243,O501242,2024-06-20,829.81,Bank Transfer,Failed
1244,O501243,2024-05-21,605.86,Credit Card,Failed
1245,O501244,2024-10-24,934.79,Debit Card,Refunded
1246,O501245,2024-11-28,124.3,PayPal,Completed
1247,O501246,2025-05-02,530.24,PayPal,Refunded
1248,O501247,2023-10-29,713.43,Bank Transfer,Pending
1249,O501248,2025-02-22,823.23,Credit Card,Failed
1250,O501249,2023-08-11,109.66,Credit Card,Pending
1251,O501250,2024-02-17,375.55,UPI,Completed
1252,O501251,2023-09-28,790.05,PayPal,Completed
1253,O501252,2023-12-15,882.01,Credit Card,Completed
1254,O501253,2024-02-19,229.59,Debit Card,Failed
1255,O501254,2025-02-27,372.12,Credit Card,Failed
1256,O501255,2023-12-06,644.1,PayPal,Failed
1257,O501256,2024-09-22,832.79,PayPal,Completed
1258,O501257,2023-09-25,181.37,Debit Card,Pending
1259,O501258,2023-07-13,77.23,Credit Card,Completed
1260,O501259,2025-06-20,101.96,Bank Transfer,Refunded
1261,O501260,2024-11-27,608.64,Bank Transfer,Pending
1262,O501261,2025-06-08,766.28,Bank Transfer,Completed
1263,O501262,2024-07-03,551.2,PayPal,Pending
1264,O501263,2024-04-07,82.15,Debit Card,Completed
1265,O501264,2023-11-17,903.92,Bank Transfer,Failed
1266,O501265,2024-12-20,273.31,Credit Card,Completed
1267,O501266,2023-12-07,58.12,Credit Card,Pending
1268,O501267,2025-05-04,527.76,UPI,Failed
1269,O501268,2023-09-07,54.3,Debit Card,Failed
1270,O501269,2025-04-06,944.28,Credit Card,Completed
1271,O501270,2024-07-28,467.78,PayPal,Pending
1272,O501271,2024-01-20,697.52,UPI,Pending
1273,O501272,2023-11-08,995.91,Debit Card,Failed
1274,O501273,2025-03-13,824.42,Credit Card,Refunded
1275,O501274,2023-09-24,461.43,PayPal,Pending
1276,O501275,2024-10-07,768.89,UPI,Pending
1277,O501276,2023-11-19,705.72,UPI,Completed
1278,O501277,2024-02-27,401.59,Credit Card,Failed
1279,O501278,2023-11-02,529.87,Bank Transfer,Refunded
1280,O501279,2024-09-12,414.17,Credit Card,Pending
1281,O501280,2025-04-05,845.37,Debit Card,Pending
1282,O501281,2023-09-27,678.26,Debit Card,Refunded
1283,O501282,2025-02-19,668,Debit Card,Failed
1284,O501283,2025-03-28,460.8,PayPal,Pending
1285,O501284,2024-03-17,112.11,UPI,Refunded
1286,O501285,2023-12-01,858.98,Debit Card,Refunded
1287,O501286,2024-03-09,291.86,Bank Transfer,Pending
1288,O501287,2024-12-09,581.56,UPI,Completed
1289,O501288,2024-05-01,291.9,UPI,Failed
1290,O501289,2024-11-10,636.65,Bank Transfer,Pending
1291,O501290,2025-06-25,792.82,PayPal,Refunded
1292,O501291,2023-11-26,634.87,Credit Card,Failed
1293,O501292,2024-10-09,519.43,Debit Card,Refunded
1294,O501293,2024-04-06,228.25,PayPal,Refunded
1295,O501294,2024-01-28,649.55,UPI,Refunded
1296,O501295,2024-09-05,700.58,Bank Transfer,Failed
1297,O501296,2024-09-03,144.86,UPI,Failed
1298,O501297,2023-10-20,436.78,Bank Transfer,Completed
1299,O501298,2024-10-06,445.53,Credit Card,Completed
1300,O501299,2025-05-13,95.86,UPI,Refunded
1301,O501300,2024-12-18,582.05,UPI,Completed
1302,O501301,2025-07-07,967.92,Debit Card,Failed
1303,O501302,2024-02-20,711.1,Bank Transfer,Failed
1304,O501303,2025-04-07,841.73,Debit Card,Failed
1305,O501304,2024-08-31,29.75,Bank Transfer,Failed
1306,O501305,2023-11-03,984.37,Debit Card,Refunded
1307,O501306,2024-02-05,753.17,Debit Card,Refunded
1308,O501307,2024-04-24,150.69,UPI,Refunded
1309,O501308,2024-12-29,937.79,Debit Card,Refunded
1310,O501309,2024-01-09,906.32,PayPal,Pending
1311,O501310,2024-05-25,69.94,PayPal,Pending
1312,O501311,2025-04-06,698.98,Credit Card,Pending
1313,O501312,2025-03-20,481.42,Debit Card,Failed
1314,O501313,2024-07-20,887.28,PayPal,Pending
1315,O501314,2023-07-18,279.34,Debit Card,Failed
1316,O501315,2025-05-11,156.39,UPI,Refunded
1317,O501316,2023-08-14,910.79,PayPal,Failed
1318,O501317,2023-08-29,262.49,Bank Transfer,Failed
1319,O501318,2025-06-27,124.33,UPI,Failed
1320,O501319,2025-02-24,603.58,Credit Card,Completed
1321,O501320,2025-03-04,78.39,Credit Card,Completed
1322,O501321,2025-04-08,695.85,PayPal,Failed
1323,O501322,2024-05-08,674.85,Debit Card,Refunded
1324,O501323,2024-01-07,907.81,Credit Card,Pending
1325,O501324,2024-12-03,42.93,PayPal,Refunded
1326,O501325,2024-02-27,299.34,Credit Card,Failed
1327,O501326,2025-03-19,244.61,UPI,Refunded
1328,O501327,2024-02-10,650.22,Bank Transfer,Completed
1329,O501328,2025-05-29,799.22,Bank Transfer,Failed
1330,O501329,2025-03-02,598.44,UPI,Refunded
1331,O501330,2023-07-20,987.37,Credit Card,Completed
1332,O501331,2024-01-08,185.47,Debit Card,Completed
1333,O501332,2024-08-27,155.99,PayPal,Refunded
1334,O501333,2024-04-21,382.09,Credit Card,Pending
1335,O501334,2024-02-17,375.16,Credit Card,Refunded
1336,O501335,2024-12-04,643.87,Credit Card,Completed
1337,O501336,2024-09-13,497.05,PayPal,Refunded
1338,O501337,2024-03-13,152.27,UPI,Pending
1339,O501338,2025-02-01,633.36,UPI,Failed
1340,O501339,2023-09-23,573,PayPal,Completed
1341,O501340,2025-02-07,561.65,Credit Card,Refunded
1342,O501341,2024-02-05,177.01,UPI,Pending
1343,O501342,2024-02-15,705.54,Debit Card,Refunded
1344,O501343,2025-01-15,734.33,PayPal,Refunded
1345,O501344,2023-12-24,605.49,Bank Transfer,Refunded
1346,O501345,2024-05-30,647.66,Debit Card,Refunded
1347,O501346,2024-11-02,331.86,Bank Transfer,Pending
1348,O501347,2024-10-10,33.64,PayPal,Completed
1349,O501348,2024-03-04,186.21,Credit Card,Pending
1350,O501349,2023-07-11,776.93,UPI,Pending
1351,O501350,2025-03-26,638.6,UPI,Completed
1352,O501351,2023-10-05,353.73,Bank Transfer,Pending
1353,O501352,2024-11-09,34.98,UPI,Completed
1354,O501353,2025-06-04,196.01,Credit Card,Pending
1355,O501354,2024-08-03,200.49,PayPal,Pending
1356,O501355,2024-09-15,658.25,PayPal,Pending
1357,O501356,2025-02-27,764.72,Bank Transfer,Failed
1358,O501357,2024-03-03,125.43,PayPal,Completed
1359,O501358,2025-04-04,148.85,Debit Card,Pending
1360,O501359,2025-02-10,348.16,Credit Card,Failed
1361,O501360,2024-06-08,938.79,Bank Transfer,Refunded
1362,O501361,2025-03-28,347.37,Bank Transfer,Pending
1363,O501362,2023-11-25,207.9,Credit Card,Failed
1364,O501363,2024-06-26,660.99,PayPal,Failed
1365,O501364,2023-09-15,137.87,PayPal,Refunded
1366,O501365,2023-07-19,440.03,PayPal,Refunded
1367,O501366,2023-08-31,957.04,Credit Card,Completed
1368,O501367,2025-07-06,931.85,Credit Card,Failed
1369,O501368,2023-09-17,797.56,Debit Card,Refunded
1370,O501369,2025-03-07,379.03,PayPal,Refunded
1371,O501370,2023-08-27,944.72,Bank Transfer,Failed
1372,O501371,2023-10-28,556.5,PayPal,Failed
1373,O501372,2024-08-01,693.8,PayPal,Refunded
1374,O501373,2025-03-17,692.69,PayPal,Pending
1375,O501374,2024-05-28,902.19,PayPal,Completed
1376,O501375,2024-05-02,393.32,Bank Transfer,Failed
1377,O501376,2025-01-03,967.34,Debit Card,Refunded
1378,O501377,2023-07-23,597.4,PayPal,Failed
1379,O501378,2024-11-01,398.46,Debit Card,Refunded
1380,O501379,2024-08-18,706.27,Debit Card,Pending
1381,O501380,2024-11-05,296.74,Bank Transfer,Completed
1382,O501381,2025-04-21,887.22,Credit Card,Refunded
1383,O501382,2025-02-28,700.13,PayPal,Pending
1384,O501383,2025-01-07,914.35,Debit Card,Failed
1385,O501384,2024-03-08,185.14,Debit Card,Failed
1386,O501385,2023-11-21,546.17,UPI,Pending
1387,O501386,2024-12-09,916.78,UPI,Refunded
1388,O501387,2024-08-30,789.63,PayPal,Completed
1389,O501388,2024-04-27,99.63,UPI,Refunded
1390,O501389,2024-05-01,42.32,UPI,Failed
1391,O501390,2025-05-20,668.35,Credit Card,Pending
1392,O501391,2024-05-02,298.06,Bank Transfer,Refunded
1393,O501392,2024-08-24,457.94,Bank Transfer,Pending
1394,O501393,2024-09-01,932.49,Debit Card,Failed
1395,O501394,2023-12-22,370.43,PayPal,Pending
1396,O501395,2024-01-06,230.25,Debit Card,Pending
1397,O501396,2025-02-11,410.9,Debit Card,Failed
1398,O501397,2025-03-18,754.01,Credit Card,Completed
1399,O501398,2025-01-29,927.03,Bank Transfer,Pending
1400,O501399,2023-09-10,838.13,UPI,Refunded
1401,O501400,2024-07-12,568.31,PayPal,Completed
1402,O501401,2024-09-06,252.33,Credit Card,Completed
1403,O501402,2024-08-18,408.69,UPI,Refunded
1404,O501403,2023-11-14,189.86,Debit Card,Failed
1405,O501404,2023-12-18,52.88,UPI,Pending
1406,O501405,2024-09-16,474.01,Bank Transfer,Pending
1407,O501406,2025-06-17,309.73,Debit Card,Completed
1408,O501407,2024-05-29,181.35,Credit Card,Pending
1409,O501408,2025-06-27,526.59,Debit Card,Failed
1410,O501409,2025-01-26,932.44,PayPal,Refunded
1411,O501410,2024-08-20,470.88,Debit Card,Pending
1412,O501411,2024-07-23,374.29,PayPal,Completed
1413,O501412,2024-11-24,812.87,PayPal,Refunded
1414,O501413,2024-11-24,653.73,Credit Card,Pending
1415,O501414,2023-07-28,145.53,UPI,Pending
1416,O501415,2024-09-15,202.64,Bank Transfer,Pending
1417,O501416,2024-04-04,466.83,Debit Card,Pending
1418,O501417,2024-10-14,309.33,UPI,Failed
1419,O501418,2025-04-18,220.15,Bank Transfer,Pending
1420,O501419,2024-06-04,346.34,Credit Card,Pending
1421,O501420,2023-12-02,718.24,Bank Transfer,Pending
1422,O501421,2024-04-05,641.96,UPI,Refunded
1423,O501422,2025-03-16,665.23,Bank Transfer,Completed
1424,O501423,2023-10-07,212.31,UPI,Completed
1425,O501424,2023-08-27,407.81,PayPal,Refunded
1426,O501425,2025-01-24,858.04,Bank Transfer,Completed
1427,O501426,2023-11-27,694.32,Credit Card,Refunded
1428,O501427,2024-09-01,861.79,UPI,Pending
1429,O501428,2023-10-04,260.61,UPI,Completed
1430,O501429,2023-08-08,397.04,UPI,Pending
1431,O501430,2024-08-12,943.73,Bank Transfer,Pending
1432,O501431,2024-12-30,32.58,PayPal,Completed
1433,O501432,2024-07-23,258.53,UPI,Refunded
1434,O501433,2023-11-07,884.33,Bank Transfer,Refunded
1435,O501434,2024-01-13,751.05,Credit Card,Failed
1436,O501435,2023-11-02,120.95,Credit Card,Completed
1437,O501436,2024-12-10,407.12,PayPal,Completed
1438,O501437,2024-09-15,725.84,Credit Card,Pending
1439,O501438,2025-03-12,855.46,Bank Transfer,Refunded
1440,O501439,2024-06-18,427.58,PayPal,Pending
1441,O501440,2025-02-01,73.05,Bank Transfer,Completed
1442,O501441,2024-03-10,426.31,Debit Card,Refunded
1443,O501442,2023-09-12,116.92,Bank Transfer,Failed
1444,O501443,2024-01-09,449.06,Bank Transfer,Refunded
1445,O501444,2024-10-19,634.18,Bank Transfer,Completed
1446,O501445,2024-12-22,381.58,Debit Card,Pending
1447,O501446,2023-08-08,963.03,UPI,Pending
1448,O501447,2025-01-24,335.43,Credit Card,Completed
1449,O501448,2025-05-31,578.73,UPI,Completed
1450,O501449,2024-09-24,596.8,Bank Transfer,Failed
1451,O501450,2024-04-20,408.48,Credit Card,Pending
1452,O501451,2024-11-29,358.64,Credit Card,Failed
1453,O501452,2023-10-17,199.41,UPI,Refunded
1454,O501453,2024-12-26,894.43,Debit Card,Pending
1455,O501454,2025-04-13,143.86,Debit Card,Completed
1456,O501455,2024-11-11,764.52,UPI,Failed
1457,O501456,2024-09-20,106.87,Debit Card,Refunded
1458,O501457,2024-12-15,49.64,Bank Transfer,Pending
1459,O501458,2023-10-03,736.55,Bank Transfer,Failed
1460,O501459,2024-03-31,237.69,Bank Transfer,Refunded
1461,O501460,2025-04-12,963.5,Bank Transfer,Failed
1462,O501461,2024-04-29,945.59,PayPal,Pending
1463,O501462,2024-09-21,625.44,Debit Card,Pending
1464,O501463,2023-09-01,619.07,Bank Transfer,Refunded
1465,O501464,2025-04-08,598.12,Bank Transfer,Completed
1466,O501465,2024-03-10,781.7,Bank Transfer,Pending
1467,O501466,2023-11-27,120.84,UPI,Completed
1468,O501467,2024-05-18,674.62,PayPal,Completed
1469,O501468,2024-07-24,204.54,UPI,Refunded
1470,O501469,2024-09-17,942.4,Credit Card,Pending
1471,O501470,2023-09-02,196.56,Credit Card,Failed
1472,O501471,2024-12-20,968.72,PayPal,Refunded
1473,O501472,2024-06-06,46.37,Bank Transfer,Refunded
1474,O501473,2024-04-28,798.37,Credit Card,Completed
1475,O501474,2024-02-22,583.94,Credit Card,Pending
1476,O501475,2025-07-04,54.07,Debit Card,Refunded
1477,O501476,2023-09-25,249.7,UPI,Pending
1478,O501477,2024-12-15,264.34,Debit Card,Pending
1479,O501478,2023-10-26,969.33,PayPal,Pending
1480,O501479,2025-01-14,199.24,Bank Transfer,Failed
1481,O501480,2025-02-07,901.58,PayPal,Pending
1482,O501481,2024-02-29,777.12,UPI,Pending
1483,O501482,2025-03-28,724.92,UPI,Pending
1484,O501483,2025-01-07,149.27,Bank Transfer,Pending
1485,O501484,2023-07-26,763.49,Debit Card,Pending
1486,O501485,2025-05-25,858.88,Debit Card,Failed
1487,O501486,2024-08-21,568.11,Debit Card,Failed
1488,O501487,2023-12-13,164.24,UPI,Pending
1489,O501488,2023-12-31,972.77,Bank Transfer,Pending
1490,O501489,2024-02-18,605.3,Bank Transfer,Refunded
1491,O501490,2024-06-18,765.93,UPI,Refunded
1492,O501491,2025-01-24,753.65,PayPal,Completed
1493,O501492,2025-06-13,653.8,PayPal,Failed
1494,O501493,2025-02-16,884.59,UPI,Pending
1495,O501494,2025-03-23,62.61,UPI,Failed
1496,O501495,2025-02-05,360.96,UPI,Completed
1497,O501496,2024-12-23,809.42,Debit Card,Failed
1498,O501497,2025-01-09,712.93,PayPal,Refunded
1499,O501498,2023-08-19,460.48,Credit Card,Completed
1500,O501499,2024-05-24,430.09,Debit Card,Pending
1501,O501500,2025-03-01,776.7,Debit Card,Pending
1502,O501501,2024-02-23,408.51,UPI,Pending
1503,O501502,2024-06-23,671.65,Bank Transfer,Pending
1504,O501503,2024-05-01,150.74,Credit Card,Refunded
1505,O501504,2024-11-07,201.51,Bank Transfer,Completed
1506,O501505,2025-03-25,829.01,PayPal,Completed
1507,O501506,2025-04-14,227.68,PayPal,Pending
1508,O501507,2024-02-27,201.14,Debit Card,Completed
1509,O501508,2023-08-08,133.18,Debit Card,Pending
1510,O501509,2025-01-31,924.91,Credit Card,Pending
1511,O501510,2025-03-09,547.03,UPI,Failed
1512,O501511,2024-10-27,367.33,Debit Card,Pending
1513,O501512,2023-08-09,985.11,UPI,Refunded
1514,O501513,2024-05-14,791.95,Bank Transfer,Completed
1515,O501514,2024-04-01,824.49,Credit Card,Failed
1516,O501515,2024-01-11,219.05,Bank Transfer,Pending
1517,O501516,2025-05-28,657.25,PayPal,Pending
1518,O501517,2025-05-09,497.82,PayPal,Pending
1519,O501518,2024-03-21,64.07,UPI,Pending
1520,O501519,2025-04-16,727.6,Debit Card,Failed
1521,O501520,2025-07-02,947.41,UPI,Completed
1522,O501521,2024-04-08,687.7,Credit Card,Pending
1523,O501522,2025-01-03,853.11,Debit Card,Refunded
1524,O501523,2025-06-06,156.73,Bank Transfer,Pending
1525,O501524,2024-10-02,338.41,UPI,Completed
1526,O501525,2025-03-10,704.78,Credit Card,Pending
1527,O501526,2025-03-09,967.06,UPI,Pending
1528,O501527,2024-04-04,384.94,Credit Card,Pending
1529,O501528,2023-08-22,884.06,PayPal,Completed
1530,O501529,2025-07-01,823.47,Credit Card,Refunded
1531,O501530,2025-04-27,598.45,Bank Transfer,Failed
1532,O501531,2024-08-05,918.63,UPI,Completed
1533,O501532,2023-09-18,387.61,UPI,Completed
1534,O501533,2025-03-04,954.89,UPI,Refunded
1535,O501534,2024-09-13,937.12,Bank Transfer,Completed
1536,O501535,2024-10-03,729.4,Credit Card,Refunded
1537,O501536,2024-08-05,500.82,Credit Card,Pending
1538,O501537,2025-05-28,948.1,Bank Transfer,Failed
1539,O501538,2023-08-01,533.23,Bank Transfer,Failed
1540,O501539,2024-01-06,548.98,PayPal,Failed
1541,O501540,2025-02-09,858.34,Bank Transfer,Completed
1542,O501541,2025-03-06,31.92,PayPal,Pending
1543,O501542,2024-08-20,354.18,Debit Card,Completed
1544,O501543,2025-01-07,665.01,Credit Card,Pending
1545,O501544,2024-07-05,392.55,Credit Card,Completed
1546,O501545,2024-02-04,820.31,PayPal,Pending
1547,O501546,2023-07-14,213.85,UPI,Refunded
1548,O501547,2025-01-11,509.77,Debit Card,Pending
1549,O501548,2023-07-19,296.08,Credit Card,Failed
1550,O501549,2024-02-09,162.64,UPI,Refunded
1551,O501550,2023-12-18,737.12,Debit Card,Pending
1552,O501551,2025-02-07,48.66,Bank Transfer,Pending
1553,O501552,2025-03-31,978.22,Credit Card,Refunded
1554,O501553,2024-08-23,568.61,Credit Card,Completed
1555,O501554,2023-09-14,86.38,Debit Card,Completed
1556,O501555,2023-07-27,796.54,Credit Card,Refunded
1557,O501556,2023-10-23,290.66,PayPal,Failed
1558,O501557,2024-08-27,761.05,Credit Card,Pending
1559,O501558,2024-09-21,642.79,UPI,Failed
1560,O501559,2023-07-23,874.48,Debit Card,Failed
1561,O501560,2024-03-04,470,Debit Card,Refunded
1562,O501561,2025-03-15,558.73,Debit Card,Refunded
1563,O501562,2025-02-24,663.81,PayPal,Refunded
1564,O501563,2025-05-13,849.6,PayPal,Refunded
1565,O501564,2023-10-04,269.09,Credit Card,Pending
1566,O501565,2024-06-16,44.36,UPI,Failed
1567,O501566,2023-11-24,985.43,Debit Card,Completed
1568,O501567,2024-09-06,588.03,UPI,Failed
1569,O501568,2024-06-04,174.12,Bank Transfer,Refunded
1570,O501569,2023-12-24,749.47,Bank Transfer,Failed
1571,O501570,2024-06-27,560,UPI,Refunded
1572,O501571,2025-04-08,128.96,Debit Card,Pending
1573,O501572,2024-02-17,882.05,PayPal,Completed
1574,O501573,2023-12-16,267.34,UPI,Refunded
1575,O501574,2024-11-29,639.41,UPI,Completed
1576,O501575,2025-02-22,248.12,Debit Card,Completed
1577,O501576,2024-12-08,174.71,UPI,Completed
1578,O501577,2023-12-18,196.94,UPI,Refunded
1579,O501578,2024-08-22,25.02,PayPal,Refunded
1580,O501579,2024-06-27,366.12,Credit Card,Refunded
1581,O501580,2024-07-11,461.28,Bank Transfer,Failed
1582,O501581,2024-07-25,761.69,UPI,Failed
1583,O501582,2025-05-29,214.58,Debit Card,Refunded
1584,O501583,2025-06-21,426.15,PayPal,Failed
1585,O501584,2025-07-03,175.14,Bank Transfer,Pending
1586,O501585,2024-02-08,898.58,Debit Card,Pending
1587,O501586,2023-10-08,159.01,Bank Transfer,Failed
1588,O501587,2025-05-25,158.21,Bank Transfer,Completed
1589,O501588,2025-01-02,704.14,Bank Transfer,Pending
1590,O501589,2023-10-27,702.57,Credit Card,Refunded
1591,O501590,2024-10-17,28.24,Bank Transfer,Refunded
1592,O501591,2024-11-11,967.69,PayPal,Pending
1593,O501592,2024-02-07,103.8,UPI,Pending
1594,O501593,2023-11-04,801.16,PayPal,Refunded
1595,O501594,2024-04-27,290.88,Bank Transfer,Completed
1596,O501595,2023-12-25,86.28,Debit Card,Refunded
1597,O501596,2024-09-07,694.64,Debit Card,Refunded
1598,O501597,2023-09-04,99.68,PayPal,Completed
1599,O501598,2023-11-25,773.74,Credit Card,Failed
1600,O501599,2024-03-06,252.12,Bank Transfer,Completed
1601,O501600,2025-05-05,223.18,UPI,Refunded
1602,O501601,2024-04-06,712.89,PayPal,Completed
1603,O501602,2023-12-15,399.27,PayPal,Refunded
1604,O501603,2024-01-10,86.49,Credit Card,Refunded
1605,O501604,2023-08-02,416.54,Bank Transfer,Refunded
1606,O501605,2024-07-15,81.56,Credit Card,Completed
1607,O501606,2025-02-11,693.25,Debit Card,Pending
1608,O501607,2024-04-10,532.58,Debit Card,Completed
1609,O501608,2025-02-05,232.14,UPI,Refunded
1610,O501609,2024-01-11,554.83,Debit Card,Failed
1611,O501610,2025-04-27,637.21,Bank Transfer,Refunded
1612,O501611,2025-06-20,956.43,Credit Card,Refunded
1613,O501612,2025-04-13,718.5,PayPal,Completed
1614,O501613,2024-08-06,93.57,PayPal,Completed
1615,O501614,2025-04-27,158.05,UPI,Pending
1616,O501615,2025-02-13,255.56,Bank Transfer,Failed
1617,O501616,2024-09-14,162.17,Credit Card,Completed
1618,O501617,2024-08-30,669.37,UPI,Refunded
1619,O501618,2024-05-01,150.85,Bank Transfer,Failed
1620,O501619,2024-08-15,333.65,Bank Transfer,Refunded
1621,O501620,2024-09-18,329.45,UPI,Pending
1622,O501621,2024-05-12,550.11,PayPal,Failed
1623,O501622,2023-10-20,864.81,Debit Card,Completed
1624,O501623,2025-01-05,788.64,Credit Card,Pending
1625,O501624,2024-11-02,216.43,Credit Card,Pending
1626,O501625,2024-06-12,57.83,Bank Transfer,Completed
1627,O501626,2024-02-13,176.09,Debit Card,Pending
1628,O501627,2023-10-04,899.23,Debit Card,Failed
1629,O501628,2024-03-14,799.69,Bank Transfer,Completed
1630,O501629,2023-11-07,43.45,PayPal,Completed
1631,O501630,2024-07-03,88.76,PayPal,Pending
1632,O501631,2023-08-15,995.91,Debit Card,Refunded
1633,O501632,2024-12-28,486.92,Debit Card,Pending
1634,O501633,2023-12-14,908.64,Bank Transfer,Completed
1635,O501634,2024-06-24,655.29,Debit Card,Refunded
1636,O501635,2025-03-28,145.39,Bank Transfer,Pending
1637,O501636,2025-07-06,602.74,Credit Card,Failed
1638,O501637,2024-02-24,382.81,Bank Transfer,Refunded
1639,O501638,2023-12-11,882.23,PayPal,Failed
1640,O501639,2024-02-19,662.72,UPI,Failed
1641,O501640,2023-10-25,29.12,Debit Card,Completed
1642,O501641,2024-10-25,558.93,UPI,Refunded
1643,O501642,2025-06-12,112.16,Debit Card,Pending
1644,O501643,2023-08-30,126.14,PayPal,Failed
1645,O501644,2025-06-14,847.37,Credit Card,Pending
1646,O501645,2024-01-20,206.22,UPI,Failed
1647,O501646,2025-06-20,697.86,PayPal,Pending
1648,O501647,2024-11-24,664.67,Debit Card,Failed
1649,O501648,2025-06-13,245.94,Credit Card,Failed
1650,O501649,2023-11-01,570.32,Debit Card,Failed
1651,O501650,2024-08-01,729.57,PayPal,Failed
1652,O501651,2025-05-21,719.43,Debit Card,Pending
1653,O501652,2024-04-10,326.44,Credit Card,Refunded
1654,O501653,2024-09-21,566.51,Debit Card,Refunded
1655,O501654,2025-01-24,846.23,Credit Card,Failed
1656,O501655,2023-12-30,281.56,UPI,Failed
1657,O501656,2025-07-02,825.15,Bank Transfer,Failed
1658,O501657,2023-12-16,76.58,UPI,Refunded
1659,O501658,2024-12-08,673.5,Credit Card,Completed
1660,O501659,2024-11-18,273.96,Credit Card,Pending
1661,O501660,2024-04-25,647.23,Debit Card,Completed
1662,O501661,2024-02-15,310.67,Debit Card,Refunded
1663,O501662,2024-11-24,48.4,PayPal,Pending
1664,O501663,2024-12-28,408.05,UPI,Failed
1665,O501664,2025-03-09,487.82,Credit Card,Failed
1666,O501665,2024-04-02,416.58,Bank Transfer,Refunded
1667,O501666,2025-02-22,440.84,Bank Transfer,Pending
1668,O501667,2024-06-05,80.81,Credit Card,Pending
1669,O501668,2023-08-05,772.67,Debit Card,Failed
1670,O501669,2024-10-21,973.17,Debit Card,Failed
1671,O501670,2023-07-11,713.94,UPI,Refunded
1672,O501671,2025-07-08,928.17,Bank Transfer,Completed
1673,O501672,2024-04-01,711,UPI,Refunded
1674,O501673,2025-02-28,382.79,Debit Card,Completed
1675,O501674,2024-06-10,160.05,UPI,Completed
1676,O501675,2024-02-09,269.42,UPI,Failed
1677,O501676,2024-01-24,848.71,UPI,Refunded
1678,O501677,2024-03-13,372.88,Bank Transfer,Refunded
1679,O501678,2024-02-07,901.12,PayPal,Completed
1680,O501679,2023-10-07,505.02,PayPal,Failed
1681,O501680,2023-07-30,194.34,UPI,Refunded
1682,O501681,2024-03-05,253.08,UPI,Completed
1683,O501682,2024-10-13,797.92,Bank Transfer,Completed
1684,O501683,2025-04-21,767.38,Bank Transfer,Pending
1685,O501684,2025-05-30,543.97,PayPal,Completed
1686,O501685,2024-04-14,790.92,Debit Card,Pending
1687,O501686,2025-01-08,68.97,PayPal,Refunded
1688,O501687,2024-10-25,801.44,PayPal,Failed
1689,O501688,2023-09-25,574.65,Bank Transfer,Pending
1690,O501689,2023-09-04,557.93,Bank Transfer,Completed
1691,O501690,2023-11-04,638.55,Credit Card,Failed
1692,O501691,2023-10-14,373.49,Credit Card,Refunded
1693,O501692,2025-02-12,186.44,Credit Card,Refunded
1694,O501693,2024-06-06,688.62,Bank Transfer,Failed
1695,O501694,2023-08-29,423.19,UPI,Completed
1696,O501695,2024-02-22,402.18,Bank Transfer,Completed
1697,O501696,2025-04-04,75.28,Bank Transfer,Completed
1698,O501697,2024-04-06,991.74,PayPal,Refunded
1699,O501698,2024-08-31,148.1,PayPal,Failed
1700,O501699,2024-02-04,28.22,Credit Card,Completed
1701,O501700,2024-02-20,286.83,PayPal,Pending
1702,O501701,2025-05-22,634.47,UPI,Completed
1703,O501702,2023-08-14,639.55,Bank Transfer,Failed
1704,O501703,2023-11-08,946.06,Bank Transfer,Completed
1705,O501704,2024-05-16,538.64,UPI,Completed
1706,O501705,2025-01-03,276.13,UPI,Completed
1707,O501706,2025-01-04,902.06,Bank Transfer,Completed
1708,O501707,2023-09-02,141.46,UPI,Pending
1709,O501708,2023-10-28,833.98,Credit Card,Failed
1710,O501709,2024-12-08,14.59,UPI,Refunded
1711,O501710,2024-06-05,376.9,Bank Transfer,Completed
1712,O501711,2023-11-17,667.32,PayPal,Refunded
1713,O501712,2024-10-02,139.94,UPI,Refunded
1714,O501713,2025-05-07,892.12,Debit Card,Completed
1715,O501714,2023-10-31,556.49,UPI,Pending
1716,O501715,2024-12-29,33.93,UPI,Pending
1717,O501716,2025-05-03,584.21,Credit Card,Pending
1718,O501717,2023-07-12,596.38,Bank Transfer,Completed
1719,O501718,2024-03-06,819.9,Credit Card,Refunded
1720,O501719,2024-10-21,443,Credit Card,Completed
1721,O501720,2024-03-27,415.92,Bank Transfer,Completed
1722,O501721,2023-07-20,971.17,PayPal,Completed
1723,O501722,2025-04-26,599.54,Bank Transfer,Refunded
1724,O501723,2024-02-15,896.3,UPI,Pending
1725,O501724,2023-12-01,292.8,UPI,Pending
1726,O501725,2024-07-10,892.53,PayPal,Failed
1727,O501726,2024-10-27,655.16,Credit Card,Refunded
1728,O501727,2024-11-26,198.47,PayPal,Completed
1729,O501728,2024-06-24,575.08,Bank Transfer,Failed
1730,O501729,2024-08-21,443.14,PayPal,Pending
1731,O501730,2024-12-12,492.97,PayPal,Completed
1732,O501731,2023-08-24,560.38,PayPal,Pending
1733,O501732,2024-07-05,245.16,PayPal,Failed
1734,O501733,2024-09-10,530.88,UPI,Failed
1735,O501734,2025-04-16,754,Bank Transfer,Pending
1736,O501735,2025-06-18,63.21,UPI,Failed
1737,O501736,2025-06-14,303.23,UPI,Completed
1738,O501737,2023-12-17,266.7,Credit Card,Pending
1739,O501738,2023-07-18,650.05,Bank Transfer,Failed
1740,O501739,2024-04-12,841.03,PayPal,Refunded
1741,O501740,2023-08-27,986.68,Bank Transfer,Refunded
1742,O501741,2024-10-29,687.68,PayPal,Refunded
1743,O501742,2024-09-02,449.38,Bank Transfer,Pending
1744,O501743,2024-12-06,65.8,Credit Card,Pending
1745,O501744,2024-03-23,432.33,Debit Card,Completed
1746,O501745,2024-05-16,742.15,Credit Card,Pending
1747,O501746,2024-08-07,388.12,Bank Transfer,Pending
1748,O501747,2024-01-20,94.05,PayPal,Completed
1749,O501748,2024-11-23,928.63,PayPal,Refunded
1750,O501749,2023-10-27,366.29,Bank Transfer,Completed
1751,O501750,2023-11-19,899.64,Debit Card,Failed
1752,O501751,2025-02-05,683.12,UPI,Pending
1753,O501752,2024-05-03,329.3,PayPal,Completed
1754,O501753,2023-10-23,944.2,Bank Transfer,Failed
1755,O501754,2023-10-23,499.35,Debit Card,Failed
1756,O501755,2025-06-12,236.55,Debit Card,Pending
1757,O501756,2023-09-17,523.04,PayPal,Pending
1758,O501757,2024-01-09,946.7,Debit Card,Refunded
1759,O501758,2024-04-16,449.8,Debit Card,Failed
1760,O501759,2023-09-01,825.39,Debit Card,Completed
1761,O501760,2025-03-27,588.42,UPI,Failed
1762,O501761,2024-02-11,834.08,Credit Card,Completed
1763,O501762,2024-10-16,165.43,Debit Card,Completed
1764,O501763,2024-06-05,630.63,PayPal,Failed
1765,O501764,2024-01-15,223.43,Bank Transfer,Refunded
1766,O501765,2024-07-03,867.76,Bank Transfer,Completed
1767,O501766,2025-05-19,91.83,Credit Card,Pending
1768,O501767,2023-12-08,635.45,UPI,Refunded
1769,O501768,2023-12-28,747.37,Debit Card,Pending
1770,O501769,2023-09-15,172.45,Debit Card,Pending
1771,O501770,2024-10-12,911.88,Debit Card,Refunded
1772,O501771,2024-01-10,632.99,UPI,Completed
1773,O501772,2025-06-15,879.04,UPI,Failed
1774,O501773,2023-12-27,151.49,Bank Transfer,Failed
1775,O501774,2024-05-25,552.77,UPI,Pending
1776,O501775,2023-10-11,711.09,Debit Card,Completed
1777,O501776,2024-09-05,808.92,Debit Card,Completed
1778,O501777,2024-05-31,742.65,Bank Transfer,Completed
1779,O501778,2024-02-24,984.2,PayPal,Failed
1780,O501779,2024-11-12,982.76,Bank Transfer,Refunded
1781,O501780,2023-09-13,921.93,PayPal,Pending
1782,O501781,2025-06-24,282.17,Bank Transfer,Completed
1783,O501782,2024-06-26,188.5,Credit Card,Completed
1784,O501783,2025-03-20,845.23,Credit Card,Refunded
1785,O501784,2025-03-12,510.55,PayPal,Refunded
1786,O501785,2024-02-21,868.98,Bank Transfer,Completed
1787,O501786,2025-06-03,690.93,Debit Card,Refunded
1788,O501787,2024-04-21,59.6,Bank Transfer,Refunded
1789,O501788,2024-08-02,722.16,UPI,Failed
1790,O501789,2025-02-25,144.92,Debit Card,Failed
1791,O501790,2024-11-21,783,Debit Card,Failed
1792,O501791,2024-03-07,804.88,Debit Card,Failed
1793,O501792,2024-01-16,411.49,Debit Card,Refunded
1794,O501793,2024-10-09,62.87,Debit Card,Failed
1795,O501794,2025-02-24,389.31,Credit Card,Completed
1796,O501795,2024-12-20,530.11,Credit Card,Completed
1797,O501796,2024-09-25,183.67,Bank Transfer,Failed
1798,O501797,2023-08-19,718.61,Bank Transfer,Completed
1799,O501798,2024-10-10,789.76,Credit Card,Refunded
1800,O501799,2024-05-20,140.57,UPI,Failed
1801,O501800,2024-02-20,317.08,PayPal,Failed
1802,O501801,2025-03-22,471.5,PayPal,Refunded
1803,O501802,2025-02-06,171.05,PayPal,Failed
1804,O501803,2023-11-20,666.6,Credit Card,Refunded
1805,O501804,2024-01-13,259.72,Bank Transfer,Refunded
1806,O501805,2024-05-09,531.64,Credit Card,Refunded
1807,O501806,2023-08-25,864.13,UPI,Pending
1808,O501807,2024-03-27,195.08,Debit Card,Completed
1809,O501808,2024-04-04,720,Bank Transfer,Failed
1810,O501809,2024-05-12,620.18,Bank Transfer,Refunded
1811,O501810,2023-09-19,211.71,PayPal,Failed
1812,O501811,2025-04-09,402.43,PayPal,Pending
1813,O501812,2023-11-03,908.09,Debit Card,Failed
1814,O501813,2024-03-24,78.09,Credit Card,Pending
1815,O501814,2024-12-28,534.71,Bank Transfer,Failed
1816,O501815,2025-04-30,528.26,PayPal,Failed
1817,O501816,2024-10-31,580.95,Credit Card,Failed
1818,O501817,2025-01-15,775.93,Debit Card,Completed
1819,O501818,2023-10-16,863.07,Bank Transfer,Failed
1820,O501819,2025-05-07,775.54,Credit Card,Completed
1821,O501820,2024-01-11,405.07,Bank Transfer,Failed
1822,O501821,2025-01-09,481.56,Debit Card,Completed
1823,O501822,2023-11-12,218.75,Debit Card,Refunded
1824,O501823,2024-06-04,726.17,Bank Transfer,Pending
1825,O501824,2025-05-06,886.84,Bank Transfer,Pending
1826,O501825,2024-01-06,273.6,UPI,Failed
1827,O501826,2024-03-14,617.46,PayPal,Failed
1828,O501827,2024-05-31,777.39,Bank Transfer,Pending
1829,O501828,2025-04-05,501.78,Debit Card,Refunded
1830,O501829,2024-11-30,486.35,Debit Card,Completed
1831,O501830,2023-07-12,839.58,Credit Card,Pending
1832,O501831,2024-09-27,323.12,PayPal,Completed
1833,O501832,2024-09-19,782.43,PayPal,Failed
1834,O501833,2025-07-04,674.4,Bank Transfer,Failed
1835,O501834,2025-04-28,453.08,UPI,Completed
1836,O501835,2024-12-22,502.46,UPI,Failed
1837,O501836,2023-10-03,57.09,UPI,Refunded
1838,O501837,2024-12-23,452.52,Credit Card,Completed
1839,O501838,2024-11-26,533.32,Debit Card,Pending
1840,O501839,2024-09-01,727.82,UPI,Failed
1841,O501840,2025-03-09,877.92,UPI,Completed
1842,O501841,2024-05-11,359.94,PayPal,Completed
1843,O501842,2024-03-05,138.26,PayPal,Failed
1844,O501843,2023-07-23,656,Debit Card,Refunded
1845,O501844,2023-07-27,996.29,Credit Card,Failed
1846,O501845,2025-01-07,753.52,PayPal,Failed
1847,O501846,2024-07-10,756.66,PayPal,Refunded
1848,O501847,2025-07-08,478.72,Credit Card,Refunded
1849,O501848,2025-03-19,62.31,PayPal,Failed
1850,O501849,2024-09-04,501.53,PayPal,Completed
1851,O501850,2024-07-20,79.27,Bank Transfer,Refunded
1852,O501851,2024-03-12,825.48,Credit Card,Completed
1853,O501852,2023-07-14,695.44,Credit Card,Refunded
1854,O501853,2024-03-24,641.03,UPI,Completed
1855,O501854,2024-03-12,700.14,UPI,Failed
1856,O501855,2025-06-23,346.89,Bank Transfer,Refunded
1857,O501856,2024-01-16,587.52,Debit Card,Refunded
1858,O501857,2023-09-23,733.65,UPI,Pending
1859,O501858,2025-01-07,140.26,PayPal,Refunded
1860,O501859,2024-06-13,188.23,Credit Card,Completed
1861,O501860,2024-02-17,626.58,Debit Card,Completed
1862,O501861,2024-03-13,383.19,Bank Transfer,Pending
1863,O501862,2023-08-30,179.24,Credit Card,Failed
1864,O501863,2024-05-04,347.88,Bank Transfer,Failed
1865,O501864,2024-03-26,35.4,UPI,Completed
1866,O501865,2024-11-15,452.96,UPI,Failed
1867,O501866,2025-05-29,816.51,Bank Transfer,Refunded
1868,O501867,2024-10-25,146.28,Credit Card,Failed
1869,O501868,2024-07-01,335.1,UPI,Pending
1870,O501869,2025-01-13,937.62,Bank Transfer,Refunded
1871,O501870,2023-08-30,538.14,Bank Transfer,Pending
1872,O501871,2024-05-25,438.66,Debit Card,Refunded
1873,O501872,2024-09-13,857.44,Credit Card,Completed
1874,O501873,2024-05-01,538.55,Bank Transfer,Failed
1875,O501874,2025-01-02,240.49,Credit Card,Failed
1876,O501875,2023-10-25,375.76,Debit Card,Failed
1877,O501876,2025-01-19,376.45,UPI,Failed
1878,O501877,2024-03-26,840.97,Debit Card,Pending
1879,O501878,2024-12-04,88.17,Debit Card,Pending
1880,O501879,2024-09-25,724.99,Credit Card,Completed
1881,O501880,2024-11-27,413.7,Debit Card,Refunded
1882,O501881,2023-12-23,859.42,PayPal,Refunded
1883,O501882,2023-11-19,783.22,Debit Card,Refunded
1884,O501883,2024-10-02,160.43,Bank Transfer,Refunded
1885,O501884,2025-03-20,305.9,Bank Transfer,Failed
1886,O501885,2025-07-05,291.04,PayPal,Pending
1887,O501886,2024-12-14,589.16,PayPal,Completed
1888,O501887,2025-01-30,628.57,PayPal,Completed
1889,O501888,2023-11-28,186.74,PayPal,Completed
1890,O501889,2023-07-18,773.6,Debit Card,Refunded
1891,O501890,2023-12-06,97.5,PayPal,Refunded
1892,O501891,2024-02-10,400.43,PayPal,Failed
1893,O501892,2024-06-17,722.99,Bank Transfer,Pending
1894,O501893,2025-07-02,558.44,PayPal,Pending
1895,O501894,2024-10-18,385.26,Debit Card,Failed
1896,O501895,2024-01-29,705.35,Credit Card,Completed
1897,O501896,2024-08-05,958.27,Debit Card,Pending
1898,O501897,2024-01-17,590.93,PayPal,Refunded
1899,O501898,2024-08-11,860.52,Bank Transfer,Refunded
1900,O501899,2024-09-17,993.19,Bank Transfer,Refunded
1901,O501900,2025-04-08,604.46,Debit Card,Failed
1902,O501901,2023-07-16,274.28,Debit Card,Completed
1903,O501902,2024-12-19,608.85,Debit Card,Failed
1904,O501903,2023-08-19,448.83,Debit Card,Completed
1905,O501904,2025-06-24,961.26,Debit Card,Completed
1906,O501905,2024-06-15,315.63,Credit Card,Completed
1907,O501906,2025-06-12,523.63,PayPal,Completed
1908,O501907,2023-11-26,45.1,UPI,Completed
1909,O501908,2025-04-29,943.69,UPI,Completed
1910,O501909,2024-11-04,466.21,UPI,Completed
1911,O501910,2025-06-20,830.31,Credit Card,Refunded
1912,O501911,2023-12-02,613.59,Debit Card,Completed
1913,O501912,2025-04-29,962.56,Bank Transfer,Completed
1914,O501913,2025-05-18,110.04,UPI,Refunded
1915,O501914,2024-07-03,610.42,UPI,Completed
1916,O501915,2023-12-01,120.49,Debit Card,Completed
1917,O501916,2024-05-19,480.17,Credit Card,Failed
1918,O501917,2023-08-13,653.97,Credit Card,Failed
1919,O501918,2024-05-14,516.77,Credit Card,Completed
1920,O501919,2023-12-07,927.46,Debit Card,Pending
1921,O501920,2023-08-17,785.47,Debit Card,Refunded
1922,O501921,2024-02-15,669.29,Debit Card,Failed
1923,O501922,2024-11-01,655.77,Debit Card,Completed
1924,O501923,2024-12-19,487.79,Bank Transfer,Refunded
1925,O501924,2025-04-10,955.82,Bank Transfer,Failed
1926,O501925,2024-07-25,105.21,Bank Transfer,Refunded
1927,O501926,2025-04-05,989.45,PayPal,Failed
1928,O501927,2023-11-11,992.51,PayPal,Completed
1929,O501928,2025-06-02,916.18,PayPal,Failed
1930,O501929,2024-12-15,697.01,Credit Card,Refunded
1931,O501930,2024-08-05,608.06,Credit Card,Completed
1932,O501931,2024-02-11,976.24,Bank Transfer,Refunded
1933,O501932,2024-01-17,614.71,Bank Transfer,Pending
1934,O501933,2024-12-26,856.57,PayPal,Refunded
1935,O501934,2025-03-28,149.14,PayPal,Failed
1936,O501935,2025-02-01,963.38,PayPal,Failed
1937,O501936,2024-01-21,883.73,Debit Card,Failed
1938,O501937,2024-04-28,901.12,Debit Card,Refunded
1939,O501938,2025-01-20,692.8,Debit Card,Pending
1940,O501939,2024-09-04,654.22,Debit Card,Refunded
1941,O501940,2025-06-17,764.5,Debit Card,Refunded
1942,O501941,2023-11-20,654.56,PayPal,Failed
1943,O501942,2025-03-17,784.2,Credit Card,Refunded
1944,O501943,2024-05-14,427.9,Bank Transfer,Failed
1945,O501944,2025-04-01,910.66,UPI,Refunded
1946,O501945,2024-01-11,522.67,Credit Card,Pending
1947,O501946,2024-12-20,443.82,Credit Card,Refunded
1948,O501947,2024-03-28,702.71,PayPal,Pending
1949,O501948,2024-03-06,561.03,UPI,Completed
1950,O501949,2024-07-18,174.7,UPI,Completed
1951,O501950,2023-07-26,958.66,Bank Transfer,Refunded
1952,O501951,2025-06-11,978.17,Bank Transfer,Pending
1953,O501952,2024-03-08,404.66,Debit Card,Refunded
1954,O501953,2024-11-11,456.97,PayPal,Completed
1955,O501954,2024-04-19,748.83,Bank Transfer,Pending
1956,O501955,2023-11-05,778.81,Credit Card,Pending
1957,O501956,2023-10-02,520.53,PayPal,Pending
1958,O501957,2024-08-25,555.68,Debit Card,Completed
1959,O501958,2024-04-13,247.54,Credit Card,Failed
1960,O501959,2024-02-08,923.71,Bank Transfer,Failed
1961,O501960,2025-02-06,927.57,Credit Card,Failed
1962,O501961,2025-01-15,171.37,Credit Card,Refunded
1963,O501962,2023-10-23,256.48,Credit Card,Completed
1964,O501963,2023-07-15,876.81,Debit Card,Pending
1965,O501964,2023-11-11,215.61,PayPal,Refunded
1966,O501965,2023-11-01,85.73,Debit Card,Refunded
1967,O501966,2023-10-16,504.7,Bank Transfer,Refunded
1968,O501967,2024-05-27,172.95,Debit Card,Refunded
1969,O501968,2024-11-01,732.26,Debit Card,Refunded
1970,O501969,2025-03-22,507.07,UPI,Failed
1971,O501970,2024-03-16,556.99,UPI,Refunded
1972,O501971,2023-09-15,885.68,Credit Card,Pending
1973,O501972,2025-02-13,439.24,Bank Transfer,Completed
1974,O501973,2024-12-13,573.12,UPI,Completed
1975,O501974,2023-11-03,881.73,UPI,Completed
1976,O501975,2025-05-22,562.87,PayPal,Pending
1977,O501976,2024-02-07,12.44,UPI,Pending
1978,O501977,2024-09-15,74.05,Debit Card,Pending
1979,O501978,2023-11-03,162.81,PayPal,Pending
1980,O501979,2023-12-01,411.95,PayPal,Pending
1981,O501980,2023-07-11,890.67,Credit Card,Refunded
1982,O501981,2025-06-13,799.33,Credit Card,Pending
1983,O501982,2023-07-30,709.9,Credit Card,Pending
1984,O501983,2025-05-09,726.88,Debit Card,Pending
1985,O501984,2025-02-03,50.74,Debit Card,Completed
1986,O501985,2025-06-12,353.41,PayPal,Refunded
1987,O501986,2024-10-13,390.46,UPI,Completed
1988,O501987,2025-05-28,247.35,Debit Card,Refunded
1989,O501988,2025-05-21,956.76,Debit Card,Refunded
1990,O501989,2024-08-08,950.22,Debit Card,Completed
1991,O501990,2024-05-15,989.17,Debit Card,Pending
1992,O501991,2023-10-10,773.76,Credit Card,Failed
1993,O501992,2025-06-21,345.36,UPI,Pending
1994,O501993,2025-04-21,241.75,Credit Card,Refunded
1995,O501994,2023-11-14,680.91,Debit Card,Completed
1996,O501995,2023-10-10,686.93,Bank Transfer,Refunded
1997,O501996,2025-01-23,765.89,UPI,Completed
1998,O501997,2025-02-19,505.17,PayPal,Pending
1999,O501998,2025-02-12,234.79,Debit Card,Refunded
2000,O501999,2023-09-30,200.41,PayPal,Pending
